Grape Category,Image File Name,Type of File,Resolution,Bit Depth,Camera Maker,Camera Model,DPI,Max Aperture,ISO Speed,Light Source,Flash Mode,Date Created
Black Round Rotten,black_round_rotten_IMG_20250418_154113_TIMEBURST1_4402_rgb_shift_iter4.jpg,JPG,1458x1458,24,Xiaomi,2312DRAABI,72,f/0.0,50,Daylight,16,29-05-2025 10:03
Black Round Rotten,black_round_rotten_IMG_20250418_154113_TIMEBURST1_4402_brightness_contrast_iter4.jpg,JPG,1458x1458,24,Xiaomi,2312DRAABI,72,f/0.0,50,Daylight,16,29-05-2025 10:03
Black Round Rotten,black_round_rotten_IMG_20250418_154003_TIMEBURST20_4493_rgb_shift_iter4.jpg,JPG,1612x1612,24,Xiaomi,2312DRAABI,72,f/0.0,50,Daylight,16,29-05-2025 10:03
Black Round Rotten,black_round_rotten_IMG_20250418_154003_TIMEBURST20_4493_gamma_iter4.jpg,JPG,1612x1612,24,Xiaomi,2312DRAABI,72,f/0.0,50,Daylight,16,29-05-2025 10:03
Black Round Rotten,black_round_rotten_IMG_20250418_154113_TIMEBURST1_4402_gamma_iter4.jpg,JPG,1458x1458,24,Xiaomi,2312DRAABI,72,f/0.0,50,Daylight,16,29-05-2025 10:03
Black Round Rotten,black_round_rotten_IMG_20250418_154003_TIMEBURST19_3945_horizontal_flip_iter4.jpg,JPG,1698x1698,24,Xiaomi,2312DRAABI,72,f/0.0,50,Daylight,16,29-05-2025 10:03
Black Round Rotten,black_round_rotten_IMG_20250418_154003_TIMEBURST19_3945_brightness_contrast_iter4.jpg,JPG,1698x1698,24,Xiaomi,2312DRAABI,72,f/0.0,52,Daylight,16,29-05-2025 10:03
Black Round Rotten,black_round_rotten_IMG_20250418_154003_TIMEBURST19_3945_rotate_iter4.jpg,JPG,1698x1698,24,Xiaomi,2312DRAABI,72,f/0.0,50,Daylight,16,29-05-2025 10:03
Black Round Rotten,black_round_rotten_IMG_20250418_154003_TIMEBURST20_4493_rotate_iter5.jpg,JPG,1612x1612,24,Xiaomi,2312DRAABI,72,f/0.0,57,Daylight,16,29-05-2025 10:03
Black Round Rotten,black_round_rotten_IMG_20250418_154113_TIMEBURST1_4402_rotate_iter5.jpg,JPG,1458x1458,24,Xiaomi,2312DRAABI,72,f/0.0,54,Daylight,16,29-05-2025 10:03
Black Round Rotten,black_round_rotten_IMG_20250418_154003_TIMEBURST20_4493_horizontal_flip_iter5.jpg,JPG,1612x1612,24,Xiaomi,2312DRAABI,72,f/0.0,54,Daylight,16,29-05-2025 10:03
Black Round Rotten,black_round_rotten_IMG_20250418_154003_TIMEBURST19_3945_gamma_iter4.jpg,JPG,1698x1698,24,Xiaomi,2312DRAABI,72,f/0.0,57,Daylight,16,29-05-2025 10:03
Black Round Rotten,black_round_rotten_IMG_20250418_154003_TIMEBURST20_4493_gamma_iter5.jpg,JPG,1612x1612,24,Xiaomi,2312DRAABI,72,f/0.0,56,Daylight,16,29-05-2025 10:03
Black Round Rotten,black_round_rotten_IMG_20250418_154113_TIMEBURST1_4402_horizontal_flip_iter5.jpg,JPG,1458x1458,24,Xiaomi,2312DRAABI,72,f/0.0,56,Daylight,16,29-05-2025 10:03
Black Round Rotten,black_round_rotten_IMG_20250418_154003_TIMEBURST20_4493_brightness_contrast_iter5.jpg,JPG,1612x1612,24,Xiaomi,2312DRAABI,72,f/0.0,56,Daylight,16,29-05-2025 10:03
Black Round Rotten,black_round_rotten_IMG_20250418_154113_TIMEBURST1_4402_brightness_contrast_iter5.jpg,JPG,1458x1458,24,Xiaomi,2312DRAABI,72,f/0.0,57,Daylight,16,29-05-2025 10:03
Black Round Rotten,black_round_rotten_IMG_20250418_154003_TIMEBURST19_3945_rgb_shift_iter4.jpg,JPG,1698x1698,24,Xiaomi,2312DRAABI,72,f/0.0,50,Daylight,16,29-05-2025 10:03
Black Round Rotten,black_round_rotten_IMG_20250418_154003_TIMEBURST19_3945_horizontal_flip_iter5.jpg,JPG,1698x1698,24,Xiaomi,2312DRAABI,72,f/0.0,53,Daylight,16,29-05-2025 10:03
Black Round Rotten,black_round_rotten_IMG_20250418_154003_TIMEBURST19_3945_rotate_iter5.jpg,JPG,1698x1698,24,Xiaomi,2312DRAABI,72,f/0.0,57,Daylight,16,29-05-2025 10:03
Black Round Rotten,black_round_rotten_IMG_20250418_154113_TIMEBURST1_4402_gamma_iter5.jpg,JPG,1458x1458,24,Xiaomi,2312DRAABI,72,f/0.0,52,Daylight,16,29-05-2025 10:03
Black Round Rotten,black_round_rotten_IMG_20250418_154003_TIMEBURST20_4493_rgb_shift_iter5.jpg,JPG,1612x1612,24,Xiaomi,2312DRAABI,72,f/0.0,57,Daylight,16,29-05-2025 10:03
Black Round Rotten,black_round_rotten_IMG_20250418_154113_TIMEBURST1_4402_rgb_shift_iter5.jpg,JPG,1458x1458,24,Xiaomi,2312DRAABI,72,f/0.0,57,Daylight,16,29-05-2025 10:03
Black Round Rotten,black_round_rotten_IMG_20250418_154003_TIMEBURST19_3945_brightness_contrast_iter5.jpg,JPG,1698x1698,24,Xiaomi,2312DRAABI,72,f/0.0,52,Daylight,16,29-05-2025 10:03
Black Round Rotten,black_round_rotten_IMG_20250418_154113_TIMEBURST2_4354_horizontal_flip_iter1.jpg,JPG,1458x1458,24,Xiaomi,2312DRAABI,72,f/0.0,61,Daylight,16,29-05-2025 10:03
Black Round Rotten,black_round_rotten_IMG_20250418_154113_TIMEBURST2_4354_rotate_iter1.jpg,JPG,1458x1458,24,Xiaomi,2312DRAABI,72,f/0.0,61,Daylight,16,29-05-2025 10:03
Black Round Rotten,black_round_rotten_IMG_20250418_154003_TIMEBURST19_3945_gamma_iter5.jpg,JPG,1698x1698,24,Xiaomi,2312DRAABI,72,f/0.0,60,Daylight,16,29-05-2025 10:03
Black Round Rotten,black_round_rotten_IMG_20250418_154113_TIMEBURST2_4354_gamma_iter1.jpg,JPG,1458x1458,24,Xiaomi,2312DRAABI,72,f/0.0,60,Daylight,16,29-05-2025 10:03
Black Round Rotten,black_round_rotten_IMG_20250418_154113_TIMEBURST2_4354_brightness_contrast_iter1.jpg,JPG,1458x1458,24,Xiaomi,2312DRAABI,72,f/0.0,59,Daylight,16,29-05-2025 10:03
Black Round Rotten,black_round_rotten_IMG_20250418_154003_TIMEBURST19_3945_rgb_shift_iter5.jpg,JPG,1698x1698,24,Xiaomi,2312DRAABI,72,f/0.0,60,Daylight,16,29-05-2025 10:03
Black Round Rotten,black_round_rotten_IMG_20250418_154113_TIMEBURST2_4354_horizontal_flip_iter2.jpg,JPG,1458x1458,24,Xiaomi,2312DRAABI,72,f/0.0,60,Daylight,16,29-05-2025 10:03
Black Round Rotten,black_round_rotten_IMG_20250418_154113_TIMEBURST2_4354_rgb_shift_iter1.jpg,JPG,1458x1458,24,Xiaomi,2312DRAABI,72,f/0.0,61,Daylight,16,29-05-2025 10:03
Black Round Rotten,black_round_rotten_IMG_20250418_154113_TIMEBURST2_4354_brightness_contrast_iter2.jpg,JPG,1458x1458,24,Xiaomi,2312DRAABI,72,f/0.0,60,Daylight,16,29-05-2025 10:03
Black Round Rotten,black_round_rotten_IMG_20250418_154113_TIMEBURST2_4354_rotate_iter2.jpg,JPG,1458x1458,24,Xiaomi,2312DRAABI,72,f/0.0,60,Daylight,16,29-05-2025 10:03
Black Round Rotten,black_round_rotten_IMG_20250418_154113_TIMEBURST2_4354_horizontal_flip_iter3.jpg,JPG,1458x1458,24,Xiaomi,2312DRAABI,72,f/0.0,60,Daylight,16,29-05-2025 10:03
Black Round Rotten,black_round_rotten_IMG_20250418_154113_TIMEBURST2_4354_gamma_iter2.jpg,JPG,1458x1458,24,Xiaomi,2312DRAABI,72,f/0.0,60,Daylight,16,29-05-2025 10:03
Black Round Rotten,black_round_rotten_IMG_20250418_154113_TIMEBURST2_4354_rotate_iter3.jpg,JPG,1458x1458,24,Xiaomi,2312DRAABI,72,f/0.0,63,Daylight,16,29-05-2025 10:03
Black Round Rotten,black_round_rotten_IMG_20250418_154113_TIMEBURST2_4354_brightness_contrast_iter3.jpg,JPG,1458x1458,24,Xiaomi,2312DRAABI,72,f/0.0,65,Daylight,16,29-05-2025 10:03
Black Round Rotten,black_round_rotten_IMG_20250418_154113_TIMEBURST2_4354_rgb_shift_iter2.jpg,JPG,1458x1458,24,Xiaomi,2312DRAABI,72,f/0.0,65,Daylight,16,29-05-2025 10:03
Black Round Rotten,black_round_rotten_IMG_20250418_154113_TIMEBURST2_4354_gamma_iter3.jpg,JPG,1458x1458,24,Xiaomi,2312DRAABI,72,f/0.0,67,Daylight,16,29-05-2025 10:03
Black Round Rotten,black_round_rotten_IMG_20250418_154113_TIMEBURST2_4354_horizontal_flip_iter4.jpg,JPG,1458x1458,24,Xiaomi,2312DRAABI,72,f/0.0,75,Daylight,16,29-05-2025 10:03
Black Round Rotten,black_round_rotten_IMG_20250418_154113_TIMEBURST2_4354_rgb_shift_iter3.jpg,JPG,1458x1458,24,Xiaomi,2312DRAABI,72,f/0.0,60,Daylight,16,29-05-2025 10:03
Black Round Rotten,black_round_rotten_IMG_20250418_154113_TIMEBURST2_4354_rotate_iter4.jpg,JPG,1458x1458,24,Xiaomi,2312DRAABI,72,f/0.0,67,Daylight,16,29-05-2025 10:03
Black Round Rotten,black_round_rotten_IMG_20250418_154113_TIMEBURST2_4354_brightness_contrast_iter4.jpg,JPG,1458x1458,24,Xiaomi,2312DRAABI,72,f/0.0,72,Daylight,16,29-05-2025 10:03
Black Round Rotten,black_round_rotten_IMG_20250418_154113_TIMEBURST3_4585_rotate_iter1.jpg,JPG,1535x1535,24,Xiaomi,2312DRAABI,72,f/0.0,69,Daylight,16,29-05-2025 10:03
Black Round Rotten,black_round_rotten_IMG_20250418_154113_TIMEBURST2_4354_gamma_iter4.jpg,JPG,1458x1458,24,Xiaomi,2312DRAABI,72,f/0.0,69,Daylight,16,29-05-2025 10:03
Black Round Rotten,black_round_rotten_IMG_20250418_154113_TIMEBURST3_4585_horizontal_flip_iter1.jpg,JPG,1535x1535,24,Xiaomi,2312DRAABI,72,f/0.0,67,Daylight,16,29-05-2025 10:03
Black Round Rotten,black_round_rotten_IMG_20250418_154113_TIMEBURST4_4370_horizontal_flip_iter1.jpg,JPG,1616x1616,24,Xiaomi,2312DRAABI,72,f/0.0,69,Daylight,16,29-05-2025 10:03
Black Round Rotten,black_round_rotten_IMG_20250418_154113_TIMEBURST4_4370_brightness_contrast_iter1.jpg,JPG,1616x1616,24,Xiaomi,2312DRAABI,72,f/0.0,69,Daylight,16,29-05-2025 10:03
Black Round Rotten,black_round_rotten_IMG_20250418_154113_TIMEBURST4_4370_rotate_iter1.jpg,JPG,1616x1616,24,Xiaomi,2312DRAABI,72,f/0.0,69,Daylight,16,29-05-2025 10:03
Black Round Rotten,black_round_rotten_IMG_20250418_154113_TIMEBURST2_4354_rgb_shift_iter4.jpg,JPG,1458x1458,24,Xiaomi,2312DRAABI,72,f/0.0,69,Daylight,16,29-05-2025 10:03
Black Round Rotten,black_round_rotten_IMG_20250418_154113_TIMEBURST3_4585_brightness_contrast_iter1.jpg,JPG,1535x1535,24,Xiaomi,2312DRAABI,72,f/0.0,69,Daylight,16,29-05-2025 10:03
Black Round Rotten,black_round_rotten_IMG_20250418_154113_TIMEBURST2_4354_horizontal_flip_iter5.jpg,JPG,1458x1458,24,Xiaomi,2312DRAABI,72,f/0.0,72,Daylight,16,29-05-2025 10:03
Black Round Rotten,black_round_rotten_IMG_20250418_154113_TIMEBURST3_4585_gamma_iter1.jpg,JPG,1535x1535,24,Xiaomi,2312DRAABI,72,f/0.0,69,Daylight,16,29-05-2025 10:03
Black Round Rotten,black_round_rotten_IMG_20250418_154113_TIMEBURST2_4354_rotate_iter5.jpg,JPG,1458x1458,24,Xiaomi,2312DRAABI,72,f/0.0,69,Daylight,16,29-05-2025 10:03
Black Round Rotten,black_round_rotten_IMG_20250418_154113_TIMEBURST4_4370_gamma_iter1.jpg,JPG,1616x1616,24,Xiaomi,2312DRAABI,72,f/0.0,72,Daylight,16,29-05-2025 10:03
Black Round Rotten,black_round_rotten_IMG_20250418_154113_TIMEBURST5_3960_rotate_iter1.jpg,JPG,1458x1458,24,Xiaomi,2312DRAABI,72,f/0.0,72,Daylight,16,29-05-2025 10:03
Black Round Rotten,black_round_rotten_IMG_20250418_154113_TIMEBURST3_4585_rgb_shift_iter1.jpg,JPG,1535x1535,24,Xiaomi,2312DRAABI,72,f/0.0,75,Daylight,16,29-05-2025 10:03
Black Round Rotten,black_round_rotten_IMG_20250418_154113_TIMEBURST3_4585_rotate_iter2.jpg,JPG,1535x1535,24,Xiaomi,2312DRAABI,72,f/0.0,74,Daylight,16,29-05-2025 10:03
Black Round Rotten,black_round_rotten_IMG_20250418_154113_TIMEBURST5_3960_horizontal_flip_iter1.jpg,JPG,1458x1458,24,Xiaomi,2312DRAABI,72,f/0.0,75,Daylight,16,29-05-2025 10:03
Black Round Rotten,black_round_rotten_IMG_20250418_154113_TIMEBURST5_3960_brightness_contrast_iter1.jpg,JPG,1458x1458,24,Xiaomi,2312DRAABI,72,f/0.0,77,Daylight,16,29-05-2025 10:03
Black Round Rotten,black_round_rotten_IMG_20250418_154113_TIMEBURST3_4585_horizontal_flip_iter2.jpg,JPG,1535x1535,24,Xiaomi,2312DRAABI,72,f/0.0,75,Daylight,16,29-05-2025 10:03
Black Round Rotten,black_round_rotten_IMG_20250418_154113_TIMEBURST2_4354_gamma_iter5.jpg,JPG,1458x1458,24,Xiaomi,2312DRAABI,72,f/0.0,81,Daylight,16,29-05-2025 10:03
Black Round Rotten,black_round_rotten_IMG_20250418_154113_TIMEBURST4_4370_rgb_shift_iter1.jpg,JPG,1616x1616,24,Xiaomi,2312DRAABI,72,f/0.0,71,Daylight,16,29-05-2025 10:03
Black Round Rotten,black_round_rotten_IMG_20250418_154113_TIMEBURST5_3960_gamma_iter1.jpg,JPG,1458x1458,24,Xiaomi,2312DRAABI,72,f/0.0,85,Daylight,16,29-05-2025 10:03
Black Round Rotten,black_round_rotten_IMG_20250418_154113_TIMEBURST2_4354_brightness_contrast_iter5.jpg,JPG,1458x1458,24,Xiaomi,2312DRAABI,72,f/0.0,85,Daylight,16,29-05-2025 10:03
Black Round Rotten,black_round_rotten_IMG_20250418_154113_TIMEBURST4_4370_rotate_iter2.jpg,JPG,1616x1616,24,Xiaomi,2312DRAABI,72,f/0.0,85,Daylight,16,29-05-2025 10:03
Black Round Rotten,black_round_rotten_IMG_20250418_154113_TIMEBURST3_4585_brightness_contrast_iter2.jpg,JPG,1535x1535,24,Xiaomi,2312DRAABI,72,f/0.0,84,Daylight,16,29-05-2025 10:03
Black Round Rotten,black_round_rotten_IMG_20250418_154113_TIMEBURST4_4370_horizontal_flip_iter2.jpg,JPG,1616x1616,24,Xiaomi,2312DRAABI,72,f/0.0,85,Daylight,16,29-05-2025 10:03
Black Round Rotten,black_round_rotten_IMG_20250418_154113_TIMEBURST2_4354_rgb_shift_iter5.jpg,JPG,1458x1458,24,Xiaomi,2312DRAABI,72,f/0.0,85,Daylight,16,29-05-2025 10:03
Black Round Rotten,black_round_rotten_IMG_20250418_154113_TIMEBURST3_4585_gamma_iter2.jpg,JPG,1535x1535,24,Xiaomi,2312DRAABI,72,f/0.0,85,Daylight,16,29-05-2025 10:03
Black Round Rotten,black_round_rotten_IMG_20250418_154113_TIMEBURST5_3960_rgb_shift_iter1.jpg,JPG,1458x1458,24,Xiaomi,2312DRAABI,72,f/0.0,85,Daylight,16,29-05-2025 10:03
Black Round Rotten,black_round_rotten_IMG_20250418_154113_TIMEBURST3_4585_rgb_shift_iter2.jpg,JPG,1535x1535,24,Xiaomi,2312DRAABI,72,f/0.0,89,Daylight,16,29-05-2025 10:03
Black Round Rotten,black_round_rotten_IMG_20250418_154113_TIMEBURST5_3960_horizontal_flip_iter2.jpg,JPG,1458x1458,24,Xiaomi,2312DRAABI,72,f/0.0,85,Daylight,16,29-05-2025 10:03
Black Round Rotten,black_round_rotten_IMG_20250418_154113_TIMEBURST4_4370_brightness_contrast_iter2.jpg,JPG,1616x1616,24,Xiaomi,2312DRAABI,72,f/0.0,89,Daylight,16,29-05-2025 10:03
Black Round Rotten,black_round_rotten_IMG_20250418_154113_TIMEBURST4_4370_gamma_iter2.jpg,JPG,1616x1616,24,Xiaomi,2312DRAABI,72,f/0.0,89,Daylight,16,29-05-2025 10:03
Black Round Rotten,black_round_rotten_IMG_20250418_154113_TIMEBURST3_4585_horizontal_flip_iter3.jpg,JPG,1535x1535,24,Xiaomi,2312DRAABI,72,f/0.0,86,Daylight,16,29-05-2025 10:03
Black Round Rotten,black_round_rotten_IMG_20250418_154113_TIMEBURST3_4585_rotate_iter3.jpg,JPG,1535x1535,24,Xiaomi,2312DRAABI,72,f/0.0,94,Daylight,16,29-05-2025 10:03
Black Round Rotten,black_round_rotten_IMG_20250418_154113_TIMEBURST5_3960_rotate_iter2.jpg,JPG,1458x1458,24,Xiaomi,2312DRAABI,72,f/0.0,86,Daylight,16,29-05-2025 10:03
Black Round Rotten,black_round_rotten_IMG_20250418_154113_TIMEBURST5_3960_brightness_contrast_iter2.jpg,JPG,1458x1458,24,Xiaomi,2312DRAABI,72,f/0.0,150,Daylight,16,29-05-2025 10:03
Black Round Rotten,black_round_rotten_IMG_20250418_154113_TIMEBURST5_3960_gamma_iter2.jpg,JPG,1458x1458,24,Xiaomi,2312DRAABI,72,f/0.0,86,Daylight,16,29-05-2025 10:03
Black Round Rotten,black_round_rotten_IMG_20250418_154113_TIMEBURST4_4370_rgb_shift_iter2.jpg,JPG,1616x1616,24,Xiaomi,2312DRAABI,72,f/0.0,150,Daylight,16,29-05-2025 10:03
Black Round Rotten,black_round_rotten_IMG_20250418_154113_TIMEBURST3_4585_brightness_contrast_iter3.jpg,JPG,1535x1535,24,Xiaomi,2312DRAABI,72,f/0.0,86,Daylight,16,29-05-2025 10:03
Black Round Rotten,black_round_rotten_IMG_20250418_154113_TIMEBURST4_4370_horizontal_flip_iter3.jpg,JPG,1616x1616,24,Xiaomi,2312DRAABI,72,f/0.0,150,Daylight,16,29-05-2025 10:03
Black Round Rotten,black_round_rotten_IMG_20250418_154113_TIMEBURST4_4370_rotate_iter3.jpg,JPG,1616x1616,24,Xiaomi,2312DRAABI,72,f/0.0,79,Daylight,16,29-05-2025 10:03
Black Round Rotten,black_round_rotten_IMG_20250418_154113_TIMEBURST3_4585_gamma_iter3.jpg,JPG,1535x1535,24,Xiaomi,2312DRAABI,72,f/0.0,79,Daylight,16,29-05-2025 10:03
Black Round Rotten,black_round_rotten_IMG_20250418_154113_TIMEBURST5_3960_horizontal_flip_iter3.jpg,JPG,1458x1458,24,Xiaomi,2312DRAABI,72,f/0.0,79,Daylight,16,29-05-2025 10:03
Black Round Rotten,black_round_rotten_IMG_20250418_154113_TIMEBURST5_3960_rotate_iter3.jpg,JPG,1458x1458,24,Xiaomi,2312DRAABI,72,f/0.0,150,Daylight,16,29-05-2025 10:03
Black Round Rotten,black_round_rotten_IMG_20250418_154113_TIMEBURST3_4585_rgb_shift_iter3.jpg,JPG,1535x1535,24,Xiaomi,2312DRAABI,72,f/0.0,79,Daylight,16,29-05-2025 10:03
Black Round Rotten,black_round_rotten_IMG_20250418_154113_TIMEBURST5_3960_rgb_shift_iter2.jpg,JPG,1458x1458,24,Xiaomi,2312DRAABI,72,f/0.0,79,Daylight,16,29-05-2025 10:03
Black Round Rotten,black_round_rotten_IMG_20250418_154113_TIMEBURST4_4370_brightness_contrast_iter3.jpg,JPG,1616x1616,24,Xiaomi,2312DRAABI,72,f/0.0,79,Daylight,16,29-05-2025 10:03
Black Round Rotten,black_round_rotten_IMG_20250418_154113_TIMEBURST3_4585_rotate_iter4.jpg,JPG,1535x1535,24,Xiaomi,2312DRAABI,72,f/0.0,88,Daylight,16,29-05-2025 10:03
Black Round Rotten,black_round_rotten_IMG_20250418_154113_TIMEBURST3_4585_horizontal_flip_iter4.jpg,JPG,1535x1535,24,Xiaomi,2312DRAABI,72,f/0.0,85,Daylight,16,29-05-2025 10:03
Black Round Rotten,black_round_rotten_IMG_20250418_154113_TIMEBURST4_4370_rgb_shift_iter3.jpg,JPG,1616x1616,24,Xiaomi,2312DRAABI,72,f/0.0,87,Daylight,16,29-05-2025 10:03
Black Round Rotten,black_round_rotten_IMG_20250418_154113_TIMEBURST4_4370_gamma_iter3.jpg,JPG,1616x1616,24,Xiaomi,2312DRAABI,72,f/0.0,88,Daylight,16,29-05-2025 10:03
Black Round Rotten,black_round_rotten_IMG_20250418_154113_TIMEBURST5_3960_brightness_contrast_iter3.jpg,JPG,1458x1458,24,Xiaomi,2312DRAABI,72,f/0.0,79,Daylight,16,29-05-2025 10:03
Black Round Rotten,black_round_rotten_IMG_20250418_154113_TIMEBURST3_4585_brightness_contrast_iter4.jpg,JPG,1535x1535,24,Xiaomi,2312DRAABI,72,f/0.0,81,Daylight,16,29-05-2025 10:03
Black Round Rotten,black_round_rotten_IMG_20250418_154113_TIMEBURST4_4370_horizontal_flip_iter4.jpg,JPG,1616x1616,24,Xiaomi,2312DRAABI,72,f/0.0,81,Daylight,16,29-05-2025 10:03
Black Round Rotten,black_round_rotten_IMG_20250418_154113_TIMEBURST4_4370_rotate_iter4.jpg,JPG,1616x1616,24,Xiaomi,2312DRAABI,72,f/0.0,96,Daylight,16,29-05-2025 10:03
Black Round Rotten,black_round_rotten_IMG_20250418_154113_TIMEBURST6_4163_rotate_iter1.jpg,JPG,1535x1535,24,Xiaomi,2312DRAABI,72,f/0.0,81,Daylight,16,29-05-2025 10:03
Black Round Rotten,black_round_rotten_IMG_20250418_154113_TIMEBURST5_3960_rgb_shift_iter3.jpg,JPG,1458x1458,24,Xiaomi,2312DRAABI,72,f/0.0,132,Daylight,16,29-05-2025 10:03
Black Round Rotten,black_round_rotten_IMG_20250418_154113_TIMEBURST6_4163_horizontal_flip_iter1.jpg,JPG,1535x1535,24,Xiaomi,2312DRAABI,72,f/0.0,116,Daylight,16,29-05-2025 10:03
Black Round Rotten,black_round_rotten_IMG_20250418_154113_TIMEBURST3_4585_gamma_iter4.jpg,JPG,1535x1535,24,Xiaomi,2312DRAABI,72,f/0.0,116,Daylight,16,29-05-2025 10:03
Black Round Rotten,black_round_rotten_IMG_20250418_154113_TIMEBURST5_3960_gamma_iter3.jpg,JPG,1458x1458,24,Xiaomi,2312DRAABI,72,f/0.0,116,Daylight,16,29-05-2025 10:03
Black Round Rotten,black_round_rotten_IMG_20250418_154113_TIMEBURST6_4163_brightness_contrast_iter1.jpg,JPG,1535x1535,24,Xiaomi,2312DRAABI,72,f/0.0,81,Daylight,16,29-05-2025 10:03
Black Round Rotten,black_round_rotten_IMG_20250418_154113_TIMEBURST4_4370_brightness_contrast_iter4.jpg,JPG,1616x1616,24,Xiaomi,2312DRAABI,72,f/0.0,116,Daylight,16,29-05-2025 10:03
Black Round Rotten,black_round_rotten_IMG_20250418_154113_TIMEBURST3_4585_rgb_shift_iter4.jpg,JPG,1535x1535,24,Xiaomi,2312DRAABI,72,f/0.0,116,Daylight,16,29-05-2025 10:03
Black Round Rotten,black_round_rotten_IMG_20250418_154113_TIMEBURST5_3960_horizontal_flip_iter4.jpg,JPG,1458x1458,24,Xiaomi,2312DRAABI,72,f/0.0,116,Daylight,16,29-05-2025 10:03
Black Round Rotten,black_round_rotten_IMG_20250418_154113_TIMEBURST5_3960_rotate_iter4.jpg,JPG,1458x1458,24,Xiaomi,2312DRAABI,72,f/0.0,116,Daylight,16,29-05-2025 10:03
Black Round Rotten,black_round_rotten_IMG_20250418_154113_TIMEBURST4_4370_gamma_iter4.jpg,JPG,1616x1616,24,Xiaomi,2312DRAABI,72,f/0.0,116,Daylight,16,29-05-2025 10:03
Black Round Rotten,black_round_rotten_IMG_20250418_154113_TIMEBURST6_4163_gamma_iter1.jpg,JPG,1535x1535,24,Xiaomi,2312DRAABI,72,f/0.0,116,Daylight,16,29-05-2025 10:03
Black Round Rotten,black_round_rotten_IMG_20250418_154113_TIMEBURST3_4585_horizontal_flip_iter5.jpg,JPG,1535x1535,24,Xiaomi,2312DRAABI,72,f/0.0,116,Daylight,16,29-05-2025 10:03
Black Round Rotten,black_round_rotten_IMG_20250418_154113_TIMEBURST3_4585_rotate_iter5.jpg,JPG,1535x1535,24,Xiaomi,2312DRAABI,72,f/0.0,116,Daylight,16,29-05-2025 10:03
Black Round Rotten,black_round_rotten_IMG_20250418_154113_TIMEBURST3_4585_brightness_contrast_iter5.jpg,JPG,1535x1535,24,Xiaomi,2312DRAABI,72,f/0.0,89,Daylight,16,29-05-2025 10:03
Black Round Rotten,black_round_rotten_IMG_20250418_154113_TIMEBURST5_3960_brightness_contrast_iter4.jpg,JPG,1458x1458,24,Xiaomi,2312DRAABI,72,f/0.0,116,Daylight,16,29-05-2025 10:03
Black Round Rotten,black_round_rotten_IMG_20250418_154113_TIMEBURST4_4370_rgb_shift_iter4.jpg,JPG,1616x1616,24,Xiaomi,2312DRAABI,72,f/0.0,116,Daylight,16,29-05-2025 10:03
Black Round Rotten,black_round_rotten_IMG_20250418_154113_TIMEBURST5_3960_gamma_iter4.jpg,JPG,1458x1458,24,Xiaomi,2312DRAABI,72,f/0.0,143,Daylight,16,29-05-2025 10:03
Black Round Rotten,black_round_rotten_IMG_20250418_154113_TIMEBURST6_4163_rgb_shift_iter1.jpg,JPG,1535x1535,24,Xiaomi,2312DRAABI,72,f/0.0,85,Daylight,16,29-05-2025 10:03
Black Round Rotten,black_round_rotten_IMG_20250418_154113_TIMEBURST3_4585_gamma_iter5.jpg,JPG,1535x1535,24,Xiaomi,2312DRAABI,72,f/0.0,81,Daylight,16,29-05-2025 10:03
Black Round Rotten,black_round_rotten_IMG_20250418_154113_TIMEBURST5_3960_rgb_shift_iter4.jpg,JPG,1458x1458,24,Xiaomi,2312DRAABI,72,f/0.0,81,Daylight,16,29-05-2025 10:03
Black Round Rotten,black_round_rotten_IMG_20250418_154113_TIMEBURST6_4163_rotate_iter2.jpg,JPG,1535x1535,24,Xiaomi,2312DRAABI,72,f/0.0,85,Daylight,16,29-05-2025 10:03
Black Round Rotten,black_round_rotten_IMG_20250418_154113_TIMEBURST6_4163_horizontal_flip_iter2.jpg,JPG,1535x1535,24,Xiaomi,2312DRAABI,72,f/0.0,50,Daylight,16,29-05-2025 10:03
Black Round Rotten,black_round_rotten_IMG_20250418_154113_TIMEBURST3_4585_rgb_shift_iter5.jpg,JPG,1535x1535,24,Xiaomi,2312DRAABI,72,f/0.0,50,Daylight,16,29-05-2025 10:03
Black Round Rotten,black_round_rotten_IMG_20250418_154113_TIMEBURST4_4370_rotate_iter5.jpg,JPG,1616x1616,24,Xiaomi,2312DRAABI,72,f/0.0,50,Daylight,16,29-05-2025 10:03
Black Round Rotten,black_round_rotten_IMG_20250418_154113_TIMEBURST5_3960_horizontal_flip_iter5.jpg,JPG,1458x1458,24,Xiaomi,2312DRAABI,72,f/0.0,50,Daylight,16,29-05-2025 10:03
Black Round Rotten,black_round_rotten_IMG_20250418_154113_TIMEBURST4_4370_horizontal_flip_iter5.jpg,JPG,1616x1616,24,Xiaomi,2312DRAABI,72,f/0.0,50,Daylight,16,29-05-2025 10:03
Black Round Rotten,black_round_rotten_IMG_20250418_154113_TIMEBURST5_3960_rotate_iter5.jpg,JPG,1458x1458,24,Xiaomi,2312DRAABI,72,f/0.0,50,Daylight,16,29-05-2025 10:03
Black Round Rotten,black_round_rotten_IMG_20250418_154113_TIMEBURST5_3960_brightness_contrast_iter5.jpg,JPG,1458x1458,24,Xiaomi,2312DRAABI,72,f/0.0,52,Daylight,16,29-05-2025 10:03
Black Round Rotten,black_round_rotten_IMG_20250418_154113_TIMEBURST6_4163_gamma_iter2.jpg,JPG,1535x1535,24,Xiaomi,2312DRAABI,72,f/0.0,50,Daylight,16,29-05-2025 10:03
Black Round Rotten,black_round_rotten_IMG_20250418_154113_TIMEBURST4_4370_brightness_contrast_iter5.jpg,JPG,1616x1616,24,Xiaomi,2312DRAABI,72,f/0.0,57,Daylight,16,29-05-2025 10:03
Black Round Rotten,black_round_rotten_IMG_20250418_154113_TIMEBURST6_4163_brightness_contrast_iter2.jpg,JPG,1535x1535,24,Xiaomi,2312DRAABI,72,f/0.0,54,Daylight,16,29-05-2025 10:03
Black Round Rotten,black_round_rotten_IMG_20250418_154113_TIMEBURST4_4370_gamma_iter5.jpg,JPG,1616x1616,24,Xiaomi,2312DRAABI,72,f/0.0,54,Daylight,16,29-05-2025 10:03
Black Round Rotten,black_round_rotten_IMG_20250418_154113_TIMEBURST6_4163_rgb_shift_iter2.jpg,JPG,1535x1535,24,Xiaomi,2312DRAABI,72,f/0.0,57,Daylight,16,29-05-2025 10:03
Black Round Rotten,black_round_rotten_IMG_20250418_154113_TIMEBURST5_3960_rgb_shift_iter5.jpg,JPG,1458x1458,24,Xiaomi,2312DRAABI,72,f/0.0,56,Daylight,16,29-05-2025 10:03
Black Round Rotten,black_round_rotten_IMG_20250418_154113_TIMEBURST4_4370_rgb_shift_iter5.jpg,JPG,1616x1616,24,Xiaomi,2312DRAABI,72,f/0.0,56,Daylight,16,29-05-2025 10:03
Black Round Rotten,black_round_rotten_IMG_20250418_154113_TIMEBURST5_3960_gamma_iter5.jpg,JPG,1458x1458,24,Xiaomi,2312DRAABI,72,f/0.0,56,Daylight,16,29-05-2025 10:03
Black Round Rotten,black_round_rotten_IMG_20250418_154113_TIMEBURST6_4163_horizontal_flip_iter3.jpg,JPG,1535x1535,24,Xiaomi,2312DRAABI,72,f/0.0,57,Daylight,16,29-05-2025 10:03
Black Round Rotten,black_round_rotten_IMG_20250418_154113_TIMEBURST6_4163_brightness_contrast_iter3.jpg,JPG,1535x1535,24,Xiaomi,2312DRAABI,72,f/0.0,50,Daylight,16,29-05-2025 10:03
Black Round Rotten,black_round_rotten_IMG_20250418_154113_TIMEBURST6_4163_rgb_shift_iter3.jpg,JPG,1535x1535,24,Xiaomi,2312DRAABI,72,f/0.0,53,Daylight,16,29-05-2025 10:03
Black Round Rotten,black_round_rotten_IMG_20250418_154113_TIMEBURST6_4163_gamma_iter3.jpg,JPG,1535x1535,24,Xiaomi,2312DRAABI,72,f/0.0,57,Daylight,16,29-05-2025 10:03
Black Round Rotten,black_round_rotten_IMG_20250418_154113_TIMEBURST6_4163_horizontal_flip_iter4.jpg,JPG,1535x1535,24,Xiaomi,2312DRAABI,72,f/0.0,52,Daylight,16,29-05-2025 10:03
Black Round Rotten,black_round_rotten_IMG_20250418_154113_TIMEBURST6_4163_rotate_iter4.jpg,JPG,1535x1535,24,Xiaomi,2312DRAABI,72,f/0.0,57,Daylight,16,29-05-2025 10:03
Black Round Rotten,black_round_rotten_IMG_20250418_154113_TIMEBURST6_4163_rotate_iter3.jpg,JPG,1535x1535,24,Xiaomi,2312DRAABI,72,f/0.0,57,Daylight,16,29-05-2025 10:03
Black Round Rotten,black_round_rotten_IMG_20250418_154113_TIMEBURST6_4163_brightness_contrast_iter4.jpg,JPG,1535x1535,24,Xiaomi,2312DRAABI,72,f/0.0,52,Daylight,16,29-05-2025 10:03
Black Round Rotten,black_round_rotten_IMG_20250418_154113_TIMEBURST6_4163_horizontal_flip_iter5.jpg,JPG,1535x1535,24,Xiaomi,2312DRAABI,72,f/0.0,61,Daylight,16,29-05-2025 10:03
Black Round Rotten,black_round_rotten_IMG_20250418_154113_TIMEBURST7_4234_rotate_iter1.jpg,JPG,1458x1458,24,Xiaomi,2312DRAABI,72,f/0.0,61,Daylight,16,29-05-2025 10:03
Black Round Rotten,black_round_rotten_IMG_20250418_154113_TIMEBURST6_4163_rgb_shift_iter4.jpg,JPG,1535x1535,24,Xiaomi,2312DRAABI,72,f/0.0,60,Daylight,16,29-05-2025 10:03
Black Round Rotten,black_round_rotten_IMG_20250418_154113_TIMEBURST6_4163_rotate_iter5.jpg,JPG,1535x1535,24,Xiaomi,2312DRAABI,72,f/0.0,60,Daylight,16,29-05-2025 10:03
Black Round Rotten,black_round_rotten_IMG_20250418_154113_TIMEBURST6_4163_gamma_iter4.jpg,JPG,1535x1535,24,Xiaomi,2312DRAABI,72,f/0.0,59,Daylight,16,29-05-2025 10:03
Black Round Rotten,black_round_rotten_IMG_20250418_154113_TIMEBURST7_4234_horizontal_flip_iter1.jpg,JPG,1458x1458,24,Xiaomi,2312DRAABI,72,f/0.0,60,Daylight,16,29-05-2025 10:03
Black Round Rotten,black_round_rotten_IMG_20250418_154113_TIMEBURST6_4163_brightness_contrast_iter5.jpg,JPG,1535x1535,24,Xiaomi,2312DRAABI,72,f/0.0,60,Daylight,16,29-05-2025 10:03
Black Round Rotten,black_round_rotten_IMG_20250418_154113_TIMEBURST7_4234_brightness_contrast_iter1.jpg,JPG,1458x1458,24,Xiaomi,2312DRAABI,72,f/0.0,61,Daylight,16,29-05-2025 10:03
Black Round Rotten,black_round_rotten_IMG_20250418_154113_TIMEBURST7_4234_gamma_iter1.jpg,JPG,1458x1458,24,Xiaomi,2312DRAABI,72,f/0.0,60,Daylight,16,29-05-2025 10:03
Black Round Rotten,black_round_rotten_IMG_20250418_154113_TIMEBURST7_4234_rgb_shift_iter1.jpg,JPG,1458x1458,24,Xiaomi,2312DRAABI,72,f/0.0,60,Daylight,16,29-05-2025 10:03
Black Round Rotten,black_round_rotten_IMG_20250418_154113_TIMEBURST7_4234_rotate_iter2.jpg,JPG,1458x1458,24,Xiaomi,2312DRAABI,72,f/0.0,60,Daylight,16,29-05-2025 10:03
Black Round Rotten,black_round_rotten_IMG_20250418_154113_TIMEBURST6_4163_rgb_shift_iter5.jpg,JPG,1535x1535,24,Xiaomi,2312DRAABI,72,f/0.0,60,Daylight,16,29-05-2025 10:03
Black Round Rotten,black_round_rotten_IMG_20250418_154113_TIMEBURST6_4163_gamma_iter5.jpg,JPG,1535x1535,24,Xiaomi,2312DRAABI,72,f/0.0,63,Daylight,16,29-05-2025 10:03
Black Round Rotten,black_round_rotten_IMG_20250418_154113_TIMEBURST7_4234_brightness_contrast_iter2.jpg,JPG,1458x1458,24,Xiaomi,2312DRAABI,72,f/0.0,65,Daylight,16,29-05-2025 10:03
Black Round Rotten,black_round_rotten_IMG_20250418_154113_TIMEBURST8_4364_rotate_iter1.jpg,JPG,1458x1458,24,Xiaomi,2312DRAABI,72,f/0.0,65,Daylight,16,29-05-2025 10:03
Black Round Rotten,black_round_rotten_IMG_20250418_154113_TIMEBURST7_4234_horizontal_flip_iter2.jpg,JPG,1458x1458,24,Xiaomi,2312DRAABI,72,f/0.0,67,Daylight,16,29-05-2025 10:03
Black Round Rotten,black_round_rotten_IMG_20250418_154113_TIMEBURST8_4364_horizontal_flip_iter1.jpg,JPG,1458x1458,24,Xiaomi,2312DRAABI,72,f/0.0,75,Daylight,16,29-05-2025 10:03
Black Round Rotten,black_round_rotten_IMG_20250418_154113_TIMEBURST8_4364_gamma_iter1.jpg,JPG,1458x1458,24,Xiaomi,2312DRAABI,72,f/0.0,60,Daylight,16,29-05-2025 10:03
Black Round Rotten,black_round_rotten_IMG_20250418_154113_TIMEBURST7_4234_rgb_shift_iter2.jpg,JPG,1458x1458,24,Xiaomi,2312DRAABI,72,f/0.0,67,Daylight,16,29-05-2025 10:03
Black Round Rotten,black_round_rotten_IMG_20250418_154113_TIMEBURST8_4364_brightness_contrast_iter1.jpg,JPG,1458x1458,24,Xiaomi,2312DRAABI,72,f/0.0,72,Daylight,16,29-05-2025 10:03
Black Round Rotten,black_round_rotten_IMG_20250418_154113_TIMEBURST7_4234_gamma_iter2.jpg,JPG,1458x1458,24,Xiaomi,2312DRAABI,72,f/0.0,69,Daylight,16,29-05-2025 10:03
Black Round Rotten,black_round_rotten_IMG_20250418_154113_TIMEBURST7_4234_rotate_iter3.jpg,JPG,1458x1458,24,Xiaomi,2312DRAABI,72,f/0.0,69,Daylight,16,29-05-2025 10:03
Black Round Rotten,black_round_rotten_IMG_20250418_154113_TIMEBURST7_4234_horizontal_flip_iter3.jpg,JPG,1458x1458,24,Xiaomi,2312DRAABI,72,f/0.0,67,Daylight,16,29-05-2025 10:03
Black Round Rotten,black_round_rotten_IMG_20250418_154113_TIMEBURST8_4364_rgb_shift_iter1.jpg,JPG,1458x1458,24,Xiaomi,2312DRAABI,72,f/0.0,69,Daylight,16,29-05-2025 10:03
Black Round Rotten,black_round_rotten_IMG_20250418_154113_TIMEBURST9_4474_rotate_iter1.jpg,JPG,1458x1458,24,Xiaomi,2312DRAABI,72,f/0.0,69,Daylight,16,29-05-2025 10:03
Black Round Rotten,black_round_rotten_IMG_20250418_154113_TIMEBURST8_4364_horizontal_flip_iter2.jpg,JPG,1458x1458,24,Xiaomi,2312DRAABI,72,f/0.0,69,Daylight,16,29-05-2025 10:03
Black Round Rotten,black_round_rotten_IMG_20250418_154113_TIMEBURST7_4234_gamma_iter3.jpg,JPG,1458x1458,24,Xiaomi,2312DRAABI,72,f/0.0,69,Daylight,16,29-05-2025 10:03
Black Round Rotten,black_round_rotten_IMG_20250418_154113_TIMEBURST8_4364_rotate_iter2.jpg,JPG,1458x1458,24,Xiaomi,2312DRAABI,72,f/0.0,69,Daylight,16,29-05-2025 10:03
Black Round Rotten,black_round_rotten_IMG_20250418_154113_TIMEBURST7_4234_brightness_contrast_iter3.jpg,JPG,1458x1458,24,Xiaomi,2312DRAABI,72,f/0.0,72,Daylight,16,29-05-2025 10:03
Black Round Rotten,black_round_rotten_IMG_20250418_154113_TIMEBURST9_4474_horizontal_flip_iter1.jpg,JPG,1458x1458,24,Xiaomi,2312DRAABI,72,f/0.0,69,Daylight,16,29-05-2025 10:03
Black Round Rotten,black_round_rotten_IMG_20250418_154113_TIMEBURST8_4364_gamma_iter2.jpg,JPG,1458x1458,24,Xiaomi,2312DRAABI,72,f/0.0,69,Daylight,16,29-05-2025 10:03
Black Round Rotten,black_round_rotten_IMG_20250418_154113_TIMEBURST7_4234_rgb_shift_iter3.jpg,JPG,1458x1458,24,Xiaomi,2312DRAABI,72,f/0.0,72,Daylight,16,29-05-2025 10:03
Black Round Rotten,black_round_rotten_IMG_20250418_154113_TIMEBURST8_4364_brightness_contrast_iter2.jpg,JPG,1458x1458,24,Xiaomi,2312DRAABI,72,f/0.0,72,Daylight,16,29-05-2025 10:03
Black Round Rotten,black_round_rotten_IMG_20250418_154113_TIMEBURST9_4474_gamma_iter1.jpg,JPG,1458x1458,24,Xiaomi,2312DRAABI,72,f/0.0,75,Daylight,16,29-05-2025 10:03
Black Round Rotten,black_round_rotten_IMG_20250418_154113_TIMEBURST7_4234_horizontal_flip_iter4.jpg,JPG,1458x1458,24,Xiaomi,2312DRAABI,72,f/0.0,74,Daylight,16,29-05-2025 10:03
Black Round Rotten,black_round_rotten_IMG_20250418_154113_TIMEBURST8_4364_rotate_iter3.jpg,JPG,1458x1458,24,Xiaomi,2312DRAABI,72,f/0.0,75,Daylight,16,29-05-2025 10:03
Black Round Rotten,black_round_rotten_IMG_20250418_154113_TIMEBURST8_4364_rgb_shift_iter2.jpg,JPG,1458x1458,24,Xiaomi,2312DRAABI,72,f/0.0,77,Daylight,16,29-05-2025 10:03
Black Round Rotten,black_round_rotten_IMG_20250418_154113_TIMEBURST7_4234_rotate_iter4.jpg,JPG,1458x1458,24,Xiaomi,2312DRAABI,72,f/0.0,75,Daylight,16,29-05-2025 10:03
Black Round Rotten,black_round_rotten_IMG_20250418_154113_TIMEBURST9_4474_brightness_contrast_iter1.jpg,JPG,1458x1458,24,Xiaomi,2312DRAABI,72,f/0.0,81,Daylight,16,29-05-2025 10:03
Black Round Rotten,black_round_rotten_IMG_20250418_154113_TIMEBURST8_4364_horizontal_flip_iter3.jpg,JPG,1458x1458,24,Xiaomi,2312DRAABI,72,f/0.0,71,Daylight,16,29-05-2025 10:05
Black Round Rotten,black_round_rotten_IMG_20250418_154113_TIMEBURST9_4474_rgb_shift_iter1.jpg,JPG,1458x1458,24,Xiaomi,2312DRAABI,72,f/0.0,85,Daylight,16,29-05-2025 10:04
Black Round Rotten,black_round_rotten_IMG_20250418_154113_TIMEBURST7_4234_brightness_contrast_iter4.jpg,JPG,1458x1458,24,Xiaomi,2312DRAABI,72,f/0.0,85,Daylight,16,29-05-2025 10:04
Black Round Rotten,black_round_rotten_IMG_20250418_154113_TIMEBURST8_4364_brightness_contrast_iter3.jpg,JPG,1458x1458,24,Xiaomi,2312DRAABI,72,f/0.0,85,Daylight,16,29-05-2025 10:04
Black Round Rotten,black_round_rotten_IMG_20250418_154113_TIMEBURST7_4234_gamma_iter4.jpg,JPG,1458x1458,24,Xiaomi,2312DRAABI,72,f/0.0,84,Daylight,16,29-05-2025 10:04
Black Round Rotten,black_round_rotten_IMG_20250418_154113_TIMEBURST8_4364_gamma_iter3.jpg,JPG,1458x1458,24,Xiaomi,2312DRAABI,72,f/0.0,85,Daylight,16,29-05-2025 10:04
Black Round Rotten,black_round_rotten_IMG_20250418_154113_TIMEBURST9_4474_horizontal_flip_iter2.jpg,JPG,1458x1458,24,Xiaomi,2312DRAABI,72,f/0.0,85,Daylight,16,29-05-2025 10:04
Black Round Rotten,black_round_rotten_IMG_20250418_154113_TIMEBURST9_4474_rotate_iter2.jpg,JPG,1458x1458,24,Xiaomi,2312DRAABI,72,f/0.0,85,Daylight,16,29-05-2025 10:04
Black Round Rotten,black_round_rotten_IMG_20250418_154113_TIMEBURST9_4474_gamma_iter2.jpg,JPG,1458x1458,24,Xiaomi,2312DRAABI,72,f/0.0,85,Daylight,16,29-05-2025 10:05
Black Round Rotten,black_round_rotten_IMG_20250418_154113_TIMEBURST7_4234_rotate_iter5.jpg,JPG,1458x1458,24,Xiaomi,2312DRAABI,72,f/0.0,89,Daylight,16,29-05-2025 10:05
Black Round Rotten,black_round_rotten_IMG_20250418_154113_TIMEBURST7_4234_rgb_shift_iter4.jpg,JPG,1458x1458,24,Xiaomi,2312DRAABI,72,f/0.0,85,Daylight,16,29-05-2025 10:05
Black Round Rotten,black_round_rotten_IMG_20250418_154113_TIMEBURST10_4242_rotate_iter1.jpg,JPG,1535x1535,24,Xiaomi,2312DRAABI,72,f/0.0,89,Daylight,16,29-05-2025 10:05
Black Round Rotten,black_round_rotten_IMG_20250418_154113_TIMEBURST9_4474_rgb_shift_iter2.jpg,JPG,1458x1458,24,Xiaomi,2312DRAABI,72,f/0.0,89,Daylight,16,29-05-2025 10:05
Black Round Rotten,black_round_rotten_IMG_20250418_154113_TIMEBURST7_4234_horizontal_flip_iter5.jpg,JPG,1458x1458,24,Xiaomi,2312DRAABI,72,f/0.0,86,Daylight,16,29-05-2025 10:05
Black Round Rotten,black_round_rotten_IMG_20250418_154113_TIMEBURST9_4474_brightness_contrast_iter2.jpg,JPG,1458x1458,24,Xiaomi,2312DRAABI,72,f/0.0,94,Daylight,16,29-05-2025 10:05
Black Round Rotten,black_round_rotten_IMG_20250418_154113_TIMEBURST10_4242_horizontal_flip_iter1.jpg,JPG,1535x1535,24,Xiaomi,2312DRAABI,72,f/0.0,86,Daylight,16,29-05-2025 10:05
Black Round Rotten,black_round_rotten_IMG_20250418_154113_TIMEBURST8_4364_rgb_shift_iter3.jpg,JPG,1458x1458,24,Xiaomi,2312DRAABI,72,f/0.0,150,Daylight,16,29-05-2025 10:05
Black Round Rotten,black_round_rotten_IMG_20250418_154113_TIMEBURST8_4364_rotate_iter4.jpg,JPG,1458x1458,24,Xiaomi,2312DRAABI,72,f/0.0,86,Daylight,16,29-05-2025 10:05
Black Round Rotten,black_round_rotten_IMG_20250418_154113_TIMEBURST7_4234_brightness_contrast_iter5.jpg,JPG,1458x1458,24,Xiaomi,2312DRAABI,72,f/0.0,150,Daylight,16,29-05-2025 10:05
Black Round Rotten,black_round_rotten_IMG_20250418_154113_TIMEBURST8_4364_horizontal_flip_iter4.jpg,JPG,1458x1458,24,Xiaomi,2312DRAABI,72,f/0.0,86,Daylight,16,29-05-2025 10:05
Black Round Rotten,black_round_rotten_IMG_20250418_154113_TIMEBURST9_4474_rotate_iter3.jpg,JPG,1458x1458,24,Xiaomi,2312DRAABI,72,f/0.0,150,Daylight,16,29-05-2025 10:05
Black Round Rotten,black_round_rotten_IMG_20250418_154113_TIMEBURST7_4234_gamma_iter5.jpg,JPG,1458x1458,24,Xiaomi,2312DRAABI,72,f/0.0,79,Daylight,16,29-05-2025 10:05
Black Round Rotten,black_round_rotten_IMG_20250418_154113_TIMEBURST9_4474_horizontal_flip_iter3.jpg,JPG,1458x1458,24,Xiaomi,2312DRAABI,72,f/0.0,79,Daylight,16,29-05-2025 10:05
Black Round Rotten,black_round_rotten_IMG_20250418_154113_TIMEBURST8_4364_brightness_contrast_iter4.jpg,JPG,1458x1458,24,Xiaomi,2312DRAABI,72,f/0.0,79,Daylight,16,29-05-2025 10:05
Black Round Rotten,black_round_rotten_IMG_20250418_154113_TIMEBURST10_4242_brightness_contrast_iter1.jpg,JPG,1535x1535,24,Xiaomi,2312DRAABI,72,f/0.0,150,Daylight,16,29-05-2025 10:05
Black Round Rotten,black_round_rotten_IMG_20250418_154113_TIMEBURST8_4364_gamma_iter4.jpg,JPG,1458x1458,24,Xiaomi,2312DRAABI,72,f/0.0,79,Daylight,16,29-05-2025 10:05
Black Round Rotten,black_round_rotten_IMG_20250418_154113_TIMEBURST10_4242_gamma_iter1.jpg,JPG,1535x1535,24,Xiaomi,2312DRAABI,72,f/0.0,79,Daylight,16,29-05-2025 10:05
Black Round Rotten,black_round_rotten_IMG_20250418_154113_TIMEBURST9_4474_brightness_contrast_iter3.jpg,JPG,1458x1458,24,Xiaomi,2312DRAABI,72,f/0.0,79,Daylight,16,29-05-2025 10:05
Black Round Rotten,black_round_rotten_IMG_20250418_154113_TIMEBURST7_4234_rgb_shift_iter5.jpg,JPG,1458x1458,24,Xiaomi,2312DRAABI,72,f/0.0,88,Daylight,16,29-05-2025 10:05
Black Round Rotten,black_round_rotten_IMG_20250418_154113_TIMEBURST9_4474_gamma_iter3.jpg,JPG,1458x1458,24,Xiaomi,2312DRAABI,72,f/0.0,85,Daylight,16,29-05-2025 10:05
Black Round Rotten,black_round_rotten_IMG_20250418_154113_TIMEBURST8_4364_rgb_shift_iter4.jpg,JPG,1458x1458,24,Xiaomi,2312DRAABI,72,f/0.0,87,Daylight,16,29-05-2025 10:05
Black Round Rotten,black_round_rotten_IMG_20250418_154113_TIMEBURST10_4242_rgb_shift_iter1.jpg,JPG,1535x1535,24,Xiaomi,2312DRAABI,72,f/0.0,88,Daylight,16,29-05-2025 10:05
Black Round Rotten,black_round_rotten_IMG_20250418_154113_TIMEBURST8_4364_rotate_iter5.jpg,JPG,1458x1458,24,Xiaomi,2312DRAABI,72,f/0.0,79,Daylight,16,29-05-2025 10:05
Black Round Rotten,black_round_rotten_IMG_20250418_154113_TIMEBURST9_4474_rgb_shift_iter3.jpg,JPG,1458x1458,24,Xiaomi,2312DRAABI,72,f/0.0,81,Daylight,16,29-05-2025 10:05
Black Round Rotten,black_round_rotten_IMG_20250418_154113_TIMEBURST8_4364_horizontal_flip_iter5.jpg,JPG,1458x1458,24,Xiaomi,2312DRAABI,72,f/0.0,81,Daylight,16,29-05-2025 10:05
Black Round Rotten,black_round_rotten_IMG_20250418_154113_TIMEBURST10_4242_rotate_iter2.jpg,JPG,1535x1535,24,Xiaomi,2312DRAABI,72,f/0.0,96,Daylight,16,29-05-2025 10:05
Black Round Rotten,black_round_rotten_IMG_20250418_154113_TIMEBURST8_4364_brightness_contrast_iter5.jpg,JPG,1458x1458,24,Xiaomi,2312DRAABI,72,f/0.0,81,Daylight,16,29-05-2025 10:05
Black Round Rotten,black_round_rotten_IMG_20250418_154113_TIMEBURST10_4242_horizontal_flip_iter2.jpg,JPG,1535x1535,24,Xiaomi,2312DRAABI,72,f/0.0,132,Daylight,16,29-05-2025 10:05
Black Round Rotten,black_round_rotten_IMG_20250418_154113_TIMEBURST9_4474_rotate_iter4.jpg,JPG,1458x1458,24,Xiaomi,2312DRAABI,72,f/0.0,116,Daylight,16,29-05-2025 10:05
Black Round Rotten,black_round_rotten_IMG_20250418_154113_TIMEBURST8_4364_gamma_iter5.jpg,JPG,1458x1458,24,Xiaomi,2312DRAABI,72,f/0.0,116,Daylight,16,29-05-2025 10:05
Black Round Rotten,black_round_rotten_IMG_20250418_154113_TIMEBURST10_4242_brightness_contrast_iter2.jpg,JPG,1535x1535,24,Xiaomi,2312DRAABI,72,f/0.0,116,Daylight,16,29-05-2025 10:05
Black Round Rotten,black_round_rotten_IMG_20250418_154113_TIMEBURST9_4474_horizontal_flip_iter4.jpg,JPG,1458x1458,24,Xiaomi,2312DRAABI,72,f/0.0,81,Daylight,16,29-05-2025 10:05
Black Round Rotten,black_round_rotten_IMG_20250418_154113_TIMEBURST8_4364_rgb_shift_iter5.jpg,JPG,1458x1458,24,Xiaomi,2312DRAABI,72,f/0.0,116,Daylight,16,29-05-2025 10:05
Black Round Rotten,black_round_rotten_IMG_20250418_154113_TIMEBURST10_4242_gamma_iter2.jpg,JPG,1535x1535,24,Xiaomi,2312DRAABI,72,f/0.0,116,Daylight,16,29-05-2025 10:05
Black Round Rotten,black_round_rotten_IMG_20250418_154113_TIMEBURST9_4474_brightness_contrast_iter4.jpg,JPG,1458x1458,24,Xiaomi,2312DRAABI,72,f/0.0,116,Daylight,16,29-05-2025 10:05
Black Round Rotten,black_round_rotten_IMG_20250418_154113_TIMEBURST9_4474_gamma_iter4.jpg,JPG,1458x1458,24,Xiaomi,2312DRAABI,72,f/0.0,116,Daylight,16,29-05-2025 10:05
Black Round Rotten,black_round_rotten_IMG_20250418_154113_TIMEBURST10_4242_rgb_shift_iter2.jpg,JPG,1535x1535,24,Xiaomi,2312DRAABI,72,f/0.0,116,Daylight,16,29-05-2025 10:05
Black Round Rotten,black_round_rotten_IMG_20250418_154113_TIMEBURST9_4474_rgb_shift_iter4.jpg,JPG,1458x1458,24,Xiaomi,2312DRAABI,72,f/0.0,116,Daylight,16,29-05-2025 10:05
Black Round Rotten,black_round_rotten_IMG_20250418_154113_TIMEBURST10_4242_rotate_iter3.jpg,JPG,1535x1535,24,Xiaomi,2312DRAABI,72,f/0.0,116,Daylight,16,29-05-2025 10:05
Black Round Rotten,black_round_rotten_IMG_20250418_154113_TIMEBURST10_4242_horizontal_flip_iter3.jpg,JPG,1535x1535,24,Xiaomi,2312DRAABI,72,f/0.0,116,Daylight,16,29-05-2025 10:05
Black Round Rotten,black_round_rotten_IMG_20250418_154113_TIMEBURST9_4474_rotate_iter5.jpg,JPG,1458x1458,24,Xiaomi,2312DRAABI,72,f/0.0,89,Daylight,16,29-05-2025 10:05
Black Round Rotten,black_round_rotten_IMG_20250418_154113_TIMEBURST10_4242_brightness_contrast_iter3.jpg,JPG,1535x1535,24,Xiaomi,2312DRAABI,72,f/0.0,116,Daylight,16,29-05-2025 10:05
Black Round Rotten,black_round_rotten_IMG_20250418_154113_TIMEBURST9_4474_horizontal_flip_iter5.jpg,JPG,1458x1458,24,Xiaomi,2312DRAABI,72,f/0.0,116,Daylight,16,29-05-2025 10:05
Black Round Rotten,black_round_rotten_IMG_20250418_154113_TIMEBURST10_4242_gamma_iter3.jpg,JPG,1535x1535,24,Xiaomi,2312DRAABI,72,f/0.0,143,Daylight,16,29-05-2025 10:05
Black Round Rotten,black_round_rotten_IMG_20250418_154113_TIMEBURST9_4474_brightness_contrast_iter5.jpg,JPG,1458x1458,24,Xiaomi,2312DRAABI,72,f/0.0,85,Daylight,16,29-05-2025 10:05
Black Round Rotten,black_round_rotten_IMG_20250418_154113_TIMEBURST9_4474_gamma_iter5.jpg,JPG,1458x1458,24,Xiaomi,2312DRAABI,72,f/0.0,81,Daylight,16,29-05-2025 10:05
Black Round Rotten,black_round_rotten_IMG_20250418_154113_TIMEBURST10_4242_rgb_shift_iter3.jpg,JPG,1535x1535,24,Xiaomi,2312DRAABI,72,f/0.0,81,Daylight,16,29-05-2025 10:05
Black Round Rotten,black_round_rotten_IMG_20250418_154113_TIMEBURST9_4474_rgb_shift_iter5.jpg,JPG,1458x1458,24,Xiaomi,2312DRAABI,72,f/0.0,85,Daylight,16,29-05-2025 10:05
Black Round Rotten,black_round_rotten_IMG_20250418_154113_TIMEBURST10_4242_rotate_iter4.jpg,JPG,1535x1535,24,Xiaomi,2312DRAABI,72,f/0.0,50,Daylight,16,29-05-2025 10:05
Black Round Rotten,black_round_rotten_IMG_20250418_154113_TIMEBURST10_4242_horizontal_flip_iter4.jpg,JPG,1535x1535,24,Xiaomi,2312DRAABI,72,f/0.0,50,Daylight,16,29-05-2025 10:05
Black Round Rotten,black_round_rotten_IMG_20250418_154113_TIMEBURST10_4242_brightness_contrast_iter4.jpg,JPG,1535x1535,24,Xiaomi,2312DRAABI,72,f/0.0,50,Daylight,16,29-05-2025 10:05
Black Round Rotten,black_round_rotten_IMG_20250418_154113_TIMEBURST10_4242_gamma_iter4.jpg,JPG,1535x1535,24,Xiaomi,2312DRAABI,72,f/0.0,50,Daylight,16,29-05-2025 10:05
Black Round Rotten,black_round_rotten_IMG_20250418_154113_TIMEBURST10_4242_rgb_shift_iter4.jpg,JPG,1535x1535,24,Xiaomi,2312DRAABI,72,f/0.0,50,Daylight,16,29-05-2025 10:05
Black Round Rotten,black_round_rotten_IMG_20250418_154113_TIMEBURST11_4550_rotate_iter1.jpg,JPG,1616x1616,24,Xiaomi,2312DRAABI,72,f/0.0,50,Daylight,16,29-05-2025 10:05
Black Round Rotten,black_round_rotten_IMG_20250418_154113_TIMEBURST11_4550_horizontal_flip_iter1.jpg,JPG,1616x1616,24,Xiaomi,2312DRAABI,72,f/0.0,52,Daylight,16,29-05-2025 10:05
Black Round Rotten,black_round_rotten_IMG_20250418_154113_TIMEBURST10_4242_rotate_iter5.jpg,JPG,1535x1535,24,Xiaomi,2312DRAABI,72,f/0.0,50,Daylight,16,29-05-2025 10:05
Black Round Rotten,black_round_rotten_IMG_20250418_154113_TIMEBURST11_4550_brightness_contrast_iter1.jpg,JPG,1616x1616,24,Xiaomi,2312DRAABI,72,f/0.0,57,Daylight,16,29-05-2025 10:05
Black Round Rotten,black_round_rotten_IMG_20250418_154113_TIMEBURST10_4242_horizontal_flip_iter5.jpg,JPG,1535x1535,24,Xiaomi,2312DRAABI,72,f/0.0,54,Daylight,16,29-05-2025 10:05
Black Round Rotten,black_round_rotten_IMG_20250418_154113_TIMEBURST11_4550_gamma_iter1.jpg,JPG,1616x1616,24,Xiaomi,2312DRAABI,72,f/0.0,54,Daylight,16,29-05-2025 10:05
Black Round Rotten,black_round_rotten_IMG_20250418_154113_TIMEBURST10_4242_brightness_contrast_iter5.jpg,JPG,1535x1535,24,Xiaomi,2312DRAABI,72,f/0.0,57,Daylight,16,29-05-2025 10:05
Black Round Rotten,black_round_rotten_IMG_20250418_154113_TIMEBURST10_4242_gamma_iter5.jpg,JPG,1535x1535,24,Xiaomi,2312DRAABI,72,f/0.0,56,Daylight,16,29-05-2025 10:05
Black Round Rotten,black_round_rotten_IMG_20250418_154113_TIMEBURST11_4550_rgb_shift_iter1.jpg,JPG,1616x1616,24,Xiaomi,2312DRAABI,72,f/0.0,56,Daylight,16,29-05-2025 10:05
Black Round Rotten,black_round_rotten_IMG_20250418_154113_TIMEBURST10_4242_rgb_shift_iter5.jpg,JPG,1535x1535,24,Xiaomi,2312DRAABI,72,f/0.0,56,Daylight,16,29-05-2025 10:05
Black Round Rotten,black_round_rotten_IMG_20250418_154113_TIMEBURST11_4550_rotate_iter2.jpg,JPG,1616x1616,24,Xiaomi,2312DRAABI,72,f/0.0,57,Daylight,16,29-05-2025 10:05
Black Round Rotten,black_round_rotten_IMG_20250418_154113_TIMEBURST11_4550_horizontal_flip_iter2.jpg,JPG,1616x1616,24,Xiaomi,2312DRAABI,72,f/0.0,50,Daylight,16,29-05-2025 10:05
Black Round Rotten,black_round_rotten_IMG_20250418_154113_TIMEBURST11_4550_brightness_contrast_iter2.jpg,JPG,1616x1616,24,Xiaomi,2312DRAABI,72,f/0.0,53,Daylight,16,29-05-2025 10:05
Black Round Rotten,black_round_rotten_IMG_20250418_154113_TIMEBURST11_4550_gamma_iter2.jpg,JPG,1616x1616,24,Xiaomi,2312DRAABI,72,f/0.0,57,Daylight,16,29-05-2025 10:05
Black Round Rotten,black_round_rotten_IMG_20250418_154113_TIMEBURST12_4371_rotate_iter1.jpg,JPG,1458x1458,24,Xiaomi,2312DRAABI,72,f/0.0,52,Daylight,16,29-05-2025 10:05
Black Round Rotten,black_round_rotten_IMG_20250418_154113_TIMEBURST13_4484_rotate_iter1.jpg,JPG,1535x1535,24,Xiaomi,2312DRAABI,72,f/0.0,57,Daylight,16,29-05-2025 10:05
Black Round Rotten,black_round_rotten_IMG_20250418_154113_TIMEBURST12_4371_horizontal_flip_iter1.jpg,JPG,1458x1458,24,Xiaomi,2312DRAABI,72,f/0.0,57,Daylight,16,29-05-2025 10:05
Black Round Rotten,black_round_rotten_IMG_20250418_154113_TIMEBURST13_4484_horizontal_flip_iter1.jpg,JPG,1535x1535,24,Xiaomi,2312DRAABI,72,f/0.0,52,Daylight,16,29-05-2025 10:05
Black Round Rotten,black_round_rotten_IMG_20250418_154113_TIMEBURST11_4550_rgb_shift_iter2.jpg,JPG,1616x1616,24,Xiaomi,2312DRAABI,72,f/0.0,61,Daylight,16,29-05-2025 10:05
Black Round Rotten,black_round_rotten_IMG_20250418_154113_TIMEBURST12_4371_brightness_contrast_iter1.jpg,JPG,1458x1458,24,Xiaomi,2312DRAABI,72,f/0.0,61,Daylight,16,29-05-2025 10:05
Black Round Rotten,black_round_rotten_IMG_20250418_154113_TIMEBURST13_4484_brightness_contrast_iter1.jpg,JPG,1535x1535,24,Xiaomi,2312DRAABI,72,f/0.0,60,Daylight,16,29-05-2025 10:05
Black Round Rotten,black_round_rotten_IMG_20250418_154113_TIMEBURST11_4550_rotate_iter3.jpg,JPG,1616x1616,24,Xiaomi,2312DRAABI,72,f/0.0,60,Daylight,16,29-05-2025 10:05
Black Round Rotten,black_round_rotten_IMG_20250418_154113_TIMEBURST13_4484_gamma_iter1.jpg,JPG,1535x1535,24,Xiaomi,2312DRAABI,72,f/0.0,59,Daylight,16,29-05-2025 10:05
Black Round Rotten,black_round_rotten_IMG_20250418_154113_TIMEBURST11_4550_horizontal_flip_iter3.jpg,JPG,1616x1616,24,Xiaomi,2312DRAABI,72,f/0.0,60,Daylight,16,29-05-2025 10:05
Black Round Rotten,black_round_rotten_IMG_20250418_154113_TIMEBURST12_4371_gamma_iter1.jpg,JPG,1458x1458,24,Xiaomi,2312DRAABI,72,f/0.0,60,Daylight,16,29-05-2025 10:05
Black Round Rotten,black_round_rotten_IMG_20250418_154113_TIMEBURST11_4550_brightness_contrast_iter3.jpg,JPG,1616x1616,24,Xiaomi,2312DRAABI,72,f/0.0,61,Daylight,16,29-05-2025 10:05
Black Round Rotten,black_round_rotten_IMG_20250418_154113_TIMEBURST12_4371_rgb_shift_iter1.jpg,JPG,1458x1458,24,Xiaomi,2312DRAABI,72,f/0.0,60,Daylight,16,29-05-2025 10:05
Black Round Rotten,black_round_rotten_IMG_20250418_154113_TIMEBURST13_4484_rgb_shift_iter1.jpg,JPG,1535x1535,24,Xiaomi,2312DRAABI,72,f/0.0,60,Daylight,16,29-05-2025 10:05
Black Round Rotten,black_round_rotten_IMG_20250418_154113_TIMEBURST11_4550_gamma_iter3.jpg,JPG,1616x1616,24,Xiaomi,2312DRAABI,72,f/0.0,60,Daylight,16,29-05-2025 10:05
Black Round Rotten,black_round_rotten_IMG_20250418_154113_TIMEBURST14_4332_rotate_iter1.jpg,JPG,1458x1458,24,Xiaomi,2312DRAABI,72,f/0.0,60,Daylight,16,29-05-2025 10:05
Black Round Rotten,black_round_rotten_IMG_20250418_154113_TIMEBURST14_4332_horizontal_flip_iter1.jpg,JPG,1458x1458,24,Xiaomi,2312DRAABI,72,f/0.0,63,Daylight,16,29-05-2025 10:05
Black Round Rotten,black_round_rotten_IMG_20250418_154113_TIMEBURST13_4484_rotate_iter2.jpg,JPG,1535x1535,24,Xiaomi,2312DRAABI,72,f/0.0,65,Daylight,16,29-05-2025 10:05
Black Round Rotten,black_round_rotten_IMG_20250418_154113_TIMEBURST14_4332_brightness_contrast_iter1.jpg,JPG,1458x1458,24,Xiaomi,2312DRAABI,72,f/0.0,65,Daylight,16,29-05-2025 10:05
Black Round Rotten,black_round_rotten_IMG_20250418_154113_TIMEBURST12_4371_rotate_iter2.jpg,JPG,1458x1458,24,Xiaomi,2312DRAABI,72,f/0.0,67,Daylight,16,29-05-2025 10:05
Black Round Rotten,black_round_rotten_IMG_20250418_154113_TIMEBURST13_4484_horizontal_flip_iter2.jpg,JPG,1535x1535,24,Xiaomi,2312DRAABI,72,f/0.0,75,Daylight,16,29-05-2025 10:05
Black Round Rotten,black_round_rotten_IMG_20250418_154113_TIMEBURST11_4550_rgb_shift_iter3.jpg,JPG,1616x1616,24,Xiaomi,2312DRAABI,72,f/0.0,60,Daylight,16,29-05-2025 10:05
Black Round Rotten,black_round_rotten_IMG_20250418_154113_TIMEBURST14_4332_gamma_iter1.jpg,JPG,1458x1458,24,Xiaomi,2312DRAABI,72,f/0.0,67,Daylight,16,29-05-2025 10:05
Black Round Rotten,black_round_rotten_IMG_20250418_154113_TIMEBURST13_4484_brightness_contrast_iter2.jpg,JPG,1535x1535,24,Xiaomi,2312DRAABI,72,f/0.0,72,Daylight,16,29-05-2025 10:05
Black Round Rotten,black_round_rotten_IMG_20250418_154113_TIMEBURST12_4371_horizontal_flip_iter2.jpg,JPG,1458x1458,24,Xiaomi,2312DRAABI,72,f/0.0,69,Daylight,16,29-05-2025 10:05
Black Round Rotten,black_round_rotten_IMG_20250418_154113_TIMEBURST11_4550_rotate_iter4.jpg,JPG,1616x1616,24,Xiaomi,2312DRAABI,72,f/0.0,69,Daylight,16,29-05-2025 10:05
Black Round Rotten,black_round_rotten_IMG_20250418_154113_TIMEBURST13_4484_gamma_iter2.jpg,JPG,1535x1535,24,Xiaomi,2312DRAABI,72,f/0.0,67,Daylight,16,29-05-2025 10:05
Black Round Rotten,black_round_rotten_IMG_20250418_154113_TIMEBURST12_4371_brightness_contrast_iter2.jpg,JPG,1458x1458,24,Xiaomi,2312DRAABI,72,f/0.0,69,Daylight,16,29-05-2025 10:05
Black Round Rotten,black_round_rotten_IMG_20250418_154113_TIMEBURST11_4550_horizontal_flip_iter4.jpg,JPG,1616x1616,24,Xiaomi,2312DRAABI,72,f/0.0,69,Daylight,16,29-05-2025 10:05
Black Round Rotten,black_round_rotten_IMG_20250418_154113_TIMEBURST14_4332_rgb_shift_iter1.jpg,JPG,1458x1458,24,Xiaomi,2312DRAABI,72,f/0.0,69,Daylight,16,29-05-2025 10:05
Black Round Rotten,black_round_rotten_IMG_20250418_154113_TIMEBURST11_4550_brightness_contrast_iter4.jpg,JPG,1616x1616,24,Xiaomi,2312DRAABI,72,f/0.0,69,Daylight,16,29-05-2025 10:05
Black Round Rotten,black_round_rotten_IMG_20250418_154113_TIMEBURST12_4371_gamma_iter2.jpg,JPG,1458x1458,24,Xiaomi,2312DRAABI,72,f/0.0,69,Daylight,16,29-05-2025 10:05
Black Round Rotten,black_round_rotten_IMG_20250418_154113_TIMEBURST14_4332_rotate_iter2.jpg,JPG,1458x1458,24,Xiaomi,2312DRAABI,72,f/0.0,72,Daylight,16,29-05-2025 10:05
Black Round Rotten,black_round_rotten_IMG_20250418_154113_TIMEBURST13_4484_rgb_shift_iter2.jpg,JPG,1535x1535,24,Xiaomi,2312DRAABI,72,f/0.0,69,Daylight,16,29-05-2025 10:05
Black Round Rotten,black_round_rotten_IMG_20250418_154113_TIMEBURST11_4550_gamma_iter4.jpg,JPG,1616x1616,24,Xiaomi,2312DRAABI,72,f/0.0,69,Daylight,16,29-05-2025 10:05
Black Round Rotten,black_round_rotten_IMG_20250418_154113_TIMEBURST14_4332_horizontal_flip_iter2.jpg,JPG,1458x1458,24,Xiaomi,2312DRAABI,72,f/0.0,72,Daylight,16,29-05-2025 10:05
Black Round Rotten,black_round_rotten_IMG_20250418_154113_TIMEBURST13_4484_rotate_iter3.jpg,JPG,1535x1535,24,Xiaomi,2312DRAABI,72,f/0.0,72,Daylight,16,29-05-2025 10:05
Black Round Rotten,black_round_rotten_IMG_20250418_154113_TIMEBURST12_4371_rgb_shift_iter2.jpg,JPG,1458x1458,24,Xiaomi,2312DRAABI,72,f/0.0,75,Daylight,16,29-05-2025 10:05
Black Round Rotten,black_round_rotten_IMG_20250418_154113_TIMEBURST11_4550_rgb_shift_iter4.jpg,JPG,1616x1616,24,Xiaomi,2312DRAABI,72,f/0.0,74,Daylight,16,29-05-2025 10:05
Black Round Rotten,black_round_rotten_IMG_20250418_154113_TIMEBURST14_4332_brightness_contrast_iter2.jpg,JPG,1458x1458,24,Xiaomi,2312DRAABI,72,f/0.0,75,Daylight,16,29-05-2025 10:05
Black Round Rotten,black_round_rotten_IMG_20250418_154113_TIMEBURST13_4484_horizontal_flip_iter3.jpg,JPG,1535x1535,24,Xiaomi,2312DRAABI,72,f/0.0,77,Daylight,16,29-05-2025 10:05
Black Round Rotten,black_round_rotten_IMG_20250418_154113_TIMEBURST12_4371_rotate_iter3.jpg,JPG,1458x1458,24,Xiaomi,2312DRAABI,72,f/0.0,75,Daylight,16,29-05-2025 10:05
Black Round Rotten,black_round_rotten_IMG_20250418_154113_TIMEBURST11_4550_rotate_iter5.jpg,JPG,1616x1616,24,Xiaomi,2312DRAABI,72,f/0.0,81,Daylight,16,29-05-2025 10:05
Black Round Rotten,black_round_rotten_IMG_20250418_154113_TIMEBURST14_4332_gamma_iter2.jpg,JPG,1458x1458,24,Xiaomi,2312DRAABI,72,f/0.0,71,Daylight,16,29-05-2025 10:05
Black Round Rotten,black_round_rotten_IMG_20250418_154113_TIMEBURST13_4484_brightness_contrast_iter3.jpg,JPG,1535x1535,24,Xiaomi,2312DRAABI,72,f/0.0,85,Daylight,16,29-05-2025 10:05
Black Round Rotten,black_round_rotten_IMG_20250418_154113_TIMEBURST12_4371_horizontal_flip_iter3.jpg,JPG,1458x1458,24,Xiaomi,2312DRAABI,72,f/0.0,85,Daylight,16,29-05-2025 10:05
Black Round Rotten,black_round_rotten_IMG_20250418_154113_TIMEBURST11_4550_horizontal_flip_iter5.jpg,JPG,1616x1616,24,Xiaomi,2312DRAABI,72,f/0.0,85,Daylight,16,29-05-2025 10:05
Black Round Rotten,black_round_rotten_IMG_20250418_154113_TIMEBURST13_4484_gamma_iter3.jpg,JPG,1535x1535,24,Xiaomi,2312DRAABI,72,f/0.0,84,Daylight,16,29-05-2025 10:05
Black Round Rotten,black_round_rotten_IMG_20250418_154113_TIMEBURST12_4371_brightness_contrast_iter3.jpg,JPG,1458x1458,24,Xiaomi,2312DRAABI,72,f/0.0,85,Daylight,16,29-05-2025 10:05
Black Round Rotten,black_round_rotten_IMG_20250418_154113_TIMEBURST14_4332_rgb_shift_iter2.jpg,JPG,1458x1458,24,Xiaomi,2312DRAABI,72,f/0.0,85,Daylight,16,29-05-2025 10:05
Black Round Rotten,black_round_rotten_IMG_20250418_154113_TIMEBURST11_4550_brightness_contrast_iter5.jpg,JPG,1616x1616,24,Xiaomi,2312DRAABI,72,f/0.0,85,Daylight,16,29-05-2025 10:05
Black Round Rotten,black_round_rotten_IMG_20250418_154113_TIMEBURST12_4371_gamma_iter3.jpg,JPG,1458x1458,24,Xiaomi,2312DRAABI,72,f/0.0,85,Daylight,16,29-05-2025 10:05
Black Round Rotten,black_round_rotten_IMG_20250418_154113_TIMEBURST14_4332_rotate_iter3.jpg,JPG,1458x1458,24,Xiaomi,2312DRAABI,72,f/0.0,89,Daylight,16,29-05-2025 10:05
Black Round Rotten,black_round_rotten_IMG_20250418_154113_TIMEBURST13_4484_rgb_shift_iter3.jpg,JPG,1535x1535,24,Xiaomi,2312DRAABI,72,f/0.0,85,Daylight,16,29-05-2025 10:05
Black Round Rotten,black_round_rotten_IMG_20250418_154113_TIMEBURST11_4550_gamma_iter5.jpg,JPG,1616x1616,24,Xiaomi,2312DRAABI,72,f/0.0,89,Daylight,16,29-05-2025 10:05
Black Round Rotten,black_round_rotten_IMG_20250418_154113_TIMEBURST14_4332_horizontal_flip_iter3.jpg,JPG,1458x1458,24,Xiaomi,2312DRAABI,72,f/0.0,89,Daylight,16,29-05-2025 10:05
Black Round Rotten,black_round_rotten_IMG_20250418_154113_TIMEBURST13_4484_rotate_iter4.jpg,JPG,1535x1535,24,Xiaomi,2312DRAABI,72,f/0.0,86,Daylight,16,29-05-2025 10:05
Black Round Rotten,black_round_rotten_IMG_20250418_154113_TIMEBURST12_4371_rgb_shift_iter3.jpg,JPG,1458x1458,24,Xiaomi,2312DRAABI,72,f/0.0,94,Daylight,16,29-05-2025 10:05
Black Round Rotten,black_round_rotten_IMG_20250418_154113_TIMEBURST14_4332_brightness_contrast_iter3.jpg,JPG,1458x1458,24,Xiaomi,2312DRAABI,72,f/0.0,86,Daylight,16,29-05-2025 10:05
Black Round Rotten,black_round_rotten_IMG_20250418_154113_TIMEBURST13_4484_horizontal_flip_iter4.jpg,JPG,1535x1535,24,Xiaomi,2312DRAABI,72,f/0.0,150,Daylight,16,29-05-2025 10:05
Black Round Rotten,black_round_rotten_IMG_20250418_154113_TIMEBURST11_4550_rgb_shift_iter5.jpg,JPG,1616x1616,24,Xiaomi,2312DRAABI,72,f/0.0,86,Daylight,16,29-05-2025 10:05
Black Round Rotten,black_round_rotten_IMG_20250418_154113_TIMEBURST12_4371_rotate_iter4.jpg,JPG,1458x1458,24,Xiaomi,2312DRAABI,72,f/0.0,150,Daylight,16,29-05-2025 10:05
Black Round Rotten,black_round_rotten_IMG_20250418_154113_TIMEBURST14_4332_gamma_iter3.jpg,JPG,1458x1458,24,Xiaomi,2312DRAABI,72,f/0.0,86,Daylight,16,29-05-2025 10:05
Black Round Rotten,black_round_rotten_IMG_20250418_154113_TIMEBURST13_4484_brightness_contrast_iter4.jpg,JPG,1535x1535,24,Xiaomi,2312DRAABI,72,f/0.0,150,Daylight,16,29-05-2025 10:05
Black Round Rotten,black_round_rotten_IMG_20250418_154113_TIMEBURST12_4371_horizontal_flip_iter4.jpg,JPG,1458x1458,24,Xiaomi,2312DRAABI,72,f/0.0,79,Daylight,16,29-05-2025 10:05
Black Round Rotten,black_round_rotten_IMG_20250418_154113_TIMEBURST13_4484_gamma_iter4.jpg,JPG,1535x1535,24,Xiaomi,2312DRAABI,72,f/0.0,79,Daylight,16,29-05-2025 10:05
Black Round Rotten,black_round_rotten_IMG_20250418_154113_TIMEBURST12_4371_brightness_contrast_iter4.jpg,JPG,1458x1458,24,Xiaomi,2312DRAABI,72,f/0.0,79,Daylight,16,29-05-2025 10:05
Black Round Rotten,black_round_rotten_IMG_20250418_154113_TIMEBURST14_4332_rgb_shift_iter3.jpg,JPG,1458x1458,24,Xiaomi,2312DRAABI,72,f/0.0,150,Daylight,16,29-05-2025 10:05
Black Round Rotten,black_round_rotten_IMG_20250418_154113_TIMEBURST12_4371_gamma_iter4.jpg,JPG,1458x1458,24,Xiaomi,2312DRAABI,72,f/0.0,79,Daylight,16,29-05-2025 10:05
Black Round Rotten,black_round_rotten_IMG_20250418_154113_TIMEBURST14_4332_rotate_iter4.jpg,JPG,1458x1458,24,Xiaomi,2312DRAABI,72,f/0.0,79,Daylight,16,29-05-2025 10:05
Black Round Rotten,black_round_rotten_IMG_20250418_154113_TIMEBURST13_4484_rgb_shift_iter4.jpg,JPG,1535x1535,24,Xiaomi,2312DRAABI,72,f/0.0,79,Daylight,16,29-05-2025 10:05
Black Round Rotten,black_round_rotten_IMG_20250418_154113_TIMEBURST14_4332_horizontal_flip_iter4.jpg,JPG,1458x1458,24,Xiaomi,2312DRAABI,72,f/0.0,88,Daylight,16,29-05-2025 10:05
Black Round Rotten,black_round_rotten_IMG_20250418_154113_TIMEBURST12_4371_rgb_shift_iter4.jpg,JPG,1458x1458,24,Xiaomi,2312DRAABI,72,f/0.0,85,Daylight,16,29-05-2025 10:05
Black Round Rotten,black_round_rotten_IMG_20250418_154113_TIMEBURST13_4484_rotate_iter5.jpg,JPG,1535x1535,24,Xiaomi,2312DRAABI,72,f/0.0,87,Daylight,16,29-05-2025 10:05
Black Round Rotten,black_round_rotten_IMG_20250418_154113_TIMEBURST14_4332_brightness_contrast_iter4.jpg,JPG,1458x1458,24,Xiaomi,2312DRAABI,72,f/0.0,88,Daylight,16,29-05-2025 10:05
Black Round Rotten,black_round_rotten_IMG_20250418_154113_TIMEBURST13_4484_horizontal_flip_iter5.jpg,JPG,1535x1535,24,Xiaomi,2312DRAABI,72,f/0.0,79,Daylight,16,29-05-2025 10:05
Black Round Rotten,black_round_rotten_IMG_20250418_154113_TIMEBURST12_4371_rotate_iter5.jpg,JPG,1458x1458,24,Xiaomi,2312DRAABI,72,f/0.0,81,Daylight,16,29-05-2025 10:05
Black Round Rotten,black_round_rotten_IMG_20250418_154113_TIMEBURST14_4332_gamma_iter4.jpg,JPG,1458x1458,24,Xiaomi,2312DRAABI,72,f/0.0,81,Daylight,16,29-05-2025 10:05
Black Round Rotten,black_round_rotten_IMG_20250418_154113_TIMEBURST13_4484_brightness_contrast_iter5.jpg,JPG,1535x1535,24,Xiaomi,2312DRAABI,72,f/0.0,96,Daylight,16,29-05-2025 10:05
Black Round Rotten,black_round_rotten_IMG_20250418_154113_TIMEBURST12_4371_horizontal_flip_iter5.jpg,JPG,1458x1458,24,Xiaomi,2312DRAABI,72,f/0.0,81,Daylight,16,29-05-2025 10:05
Black Round Rotten,black_round_rotten_IMG_20250418_154113_TIMEBURST13_4484_gamma_iter5.jpg,JPG,1535x1535,24,Xiaomi,2312DRAABI,72,f/0.0,132,Daylight,16,29-05-2025 10:05
Black Round Rotten,black_round_rotten_IMG_20250418_154113_TIMEBURST12_4371_brightness_contrast_iter5.jpg,JPG,1458x1458,24,Xiaomi,2312DRAABI,72,f/0.0,116,Daylight,16,29-05-2025 10:05
Black Round Rotten,black_round_rotten_IMG_20250418_154113_TIMEBURST14_4332_rgb_shift_iter4.jpg,JPG,1458x1458,24,Xiaomi,2312DRAABI,72,f/0.0,116,Daylight,16,29-05-2025 10:05
Black Round Rotten,black_round_rotten_IMG_20250418_154113_TIMEBURST12_4371_gamma_iter5.jpg,JPG,1458x1458,24,Xiaomi,2312DRAABI,72,f/0.0,116,Daylight,16,29-05-2025 10:05
Black Round Rotten,black_round_rotten_IMG_20250418_154113_TIMEBURST14_4332_rotate_iter5.jpg,JPG,1458x1458,24,Xiaomi,2312DRAABI,72,f/0.0,81,Daylight,16,29-05-2025 10:05
Black Round Rotten,black_round_rotten_IMG_20250418_154113_TIMEBURST13_4484_rgb_shift_iter5.jpg,JPG,1535x1535,24,Xiaomi,2312DRAABI,72,f/0.0,116,Daylight,16,29-05-2025 10:05
Black Round Rotten,black_round_rotten_IMG_20250418_154113_TIMEBURST14_4332_horizontal_flip_iter5.jpg,JPG,1458x1458,24,Xiaomi,2312DRAABI,72,f/0.0,116,Daylight,16,29-05-2025 10:05
Black Round Rotten,black_round_rotten_IMG_20250418_154113_TIMEBURST12_4371_rgb_shift_iter5.jpg,JPG,1458x1458,24,Xiaomi,2312DRAABI,72,f/0.0,116,Daylight,16,29-05-2025 10:05
Black Round Rotten,black_round_rotten_IMG_20250418_154113_TIMEBURST14_4332_brightness_contrast_iter5.jpg,JPG,1458x1458,24,Xiaomi,2312DRAABI,72,f/0.0,116,Daylight,16,29-05-2025 10:05
Black Round Rotten,black_round_rotten_IMG_20250418_154113_TIMEBURST14_4332_gamma_iter5.jpg,JPG,1458x1458,24,Xiaomi,2312DRAABI,72,f/0.0,116,Daylight,16,29-05-2025 10:05
Black Round Rotten,black_round_rotten_IMG_20250418_154113_TIMEBURST14_4332_rgb_shift_iter5.jpg,JPG,1458x1458,24,Xiaomi,2312DRAABI,72,f/0.0,116,Daylight,16,29-05-2025 10:05
Black Round Rotten,black_round_rotten_IMG_20250418_154113_TIMEBURST15_4256_rotate_iter1.jpg,JPG,1458x1458,24,Xiaomi,2312DRAABI,72,f/0.0,116,Daylight,16,29-05-2025 10:05
Black Round Rotten,black_round_rotten_IMG_20250418_154113_TIMEBURST15_4256_horizontal_flip_iter1.jpg,JPG,1458x1458,24,Xiaomi,2312DRAABI,72,f/0.0,116,Daylight,16,29-05-2025 10:05
Black Round Rotten,black_round_rotten_IMG_20250418_154113_TIMEBURST15_4256_brightness_contrast_iter1.jpg,JPG,1458x1458,24,Xiaomi,2312DRAABI,72,f/0.0,89,Daylight,16,29-05-2025 10:05
Black Round Rotten,black_round_rotten_IMG_20250418_154113_TIMEBURST15_4256_gamma_iter1.jpg,JPG,1458x1458,24,Xiaomi,2312DRAABI,72,f/0.0,116,Daylight,16,29-05-2025 10:05
Black Round Rotten,black_round_rotten_IMG_20250418_154113_TIMEBURST15_4256_rgb_shift_iter1.jpg,JPG,1458x1458,24,Xiaomi,2312DRAABI,72,f/0.0,116,Daylight,16,29-05-2025 10:05
Black Round Rotten,black_round_rotten_IMG_20250418_154113_TIMEBURST16_4828_rotate_iter1.jpg,JPG,1458x1458,24,Xiaomi,2312DRAABI,72,f/0.0,143,Daylight,16,29-05-2025 10:05
Black Round Rotten,black_round_rotten_IMG_20250418_154113_TIMEBURST15_4256_rotate_iter2.jpg,JPG,1458x1458,24,Xiaomi,2312DRAABI,72,f/0.0,85,Daylight,16,29-05-2025 10:05
Black Round Rotten,black_round_rotten_IMG_20250418_154113_TIMEBURST16_4828_horizontal_flip_iter1.jpg,JPG,1458x1458,24,Xiaomi,2312DRAABI,72,f/0.0,81,Daylight,16,29-05-2025 10:05
Black Round Rotten,black_round_rotten_IMG_20250418_154113_TIMEBURST15_4256_horizontal_flip_iter2.jpg,JPG,1458x1458,24,Xiaomi,2312DRAABI,72,f/0.0,81,Daylight,16,29-05-2025 10:05
Black Round Rotten,black_round_rotten_IMG_20250418_154113_TIMEBURST16_4828_brightness_contrast_iter1.jpg,JPG,1458x1458,24,Xiaomi,2312DRAABI,72,f/0.0,85,Daylight,16,29-05-2025 10:05
Black Round Rotten,black_round_rotten_IMG_20250418_154113_TIMEBURST15_4256_brightness_contrast_iter2.jpg,JPG,1458x1458,24,Xiaomi,2312DRAABI,72,f/0.0,50,Daylight,16,29-05-2025 10:05
Black Round Rotten,black_round_rotten_IMG_20250418_154113_TIMEBURST16_4828_gamma_iter1.jpg,JPG,1458x1458,24,Xiaomi,2312DRAABI,72,f/0.0,50,Daylight,16,29-05-2025 10:05
Black Round Rotten,black_round_rotten_IMG_20250418_154113_TIMEBURST15_4256_gamma_iter2.jpg,JPG,1458x1458,24,Xiaomi,2312DRAABI,72,f/0.0,50,Daylight,16,29-05-2025 10:05
Black Round Rotten,black_round_rotten_IMG_20250418_154113_TIMEBURST16_4828_rgb_shift_iter1.jpg,JPG,1458x1458,24,Xiaomi,2312DRAABI,72,f/0.0,50,Daylight,16,29-05-2025 10:05
Black Round Rotten,black_round_rotten_IMG_20250418_154113_TIMEBURST15_4256_rgb_shift_iter2.jpg,JPG,1458x1458,24,Xiaomi,2312DRAABI,72,f/0.0,50,Daylight,16,29-05-2025 10:05
Black Round Rotten,black_round_rotten_IMG_20250418_154113_TIMEBURST17_4408_rotate_iter1.jpg,JPG,1458x1458,24,Xiaomi,2312DRAABI,72,f/0.0,50,Daylight,16,29-05-2025 10:05
Black Round Rotten,black_round_rotten_IMG_20250418_154113_TIMEBURST16_4828_rotate_iter2.jpg,JPG,1458x1458,24,Xiaomi,2312DRAABI,72,f/0.0,52,Daylight,16,29-05-2025 10:05
Black Round Rotten,black_round_rotten_IMG_20250418_154113_TIMEBURST17_4408_horizontal_flip_iter1.jpg,JPG,1458x1458,24,Xiaomi,2312DRAABI,72,f/0.0,50,Daylight,16,29-05-2025 10:05
Black Round Rotten,black_round_rotten_IMG_20250418_154113_TIMEBURST15_4256_rotate_iter3.jpg,JPG,1458x1458,24,Xiaomi,2312DRAABI,72,f/0.0,57,Daylight,16,29-05-2025 10:05
Black Round Rotten,black_round_rotten_IMG_20250418_154113_TIMEBURST17_4408_brightness_contrast_iter1.jpg,JPG,1458x1458,24,Xiaomi,2312DRAABI,72,f/0.0,54,Daylight,16,29-05-2025 10:05
Black Round Rotten,black_round_rotten_IMG_20250418_154113_TIMEBURST16_4828_horizontal_flip_iter2.jpg,JPG,1458x1458,24,Xiaomi,2312DRAABI,72,f/0.0,54,Daylight,16,29-05-2025 10:05
Black Round Rotten,black_round_rotten_IMG_20250418_154113_TIMEBURST17_4408_gamma_iter1.jpg,JPG,1458x1458,24,Xiaomi,2312DRAABI,72,f/0.0,57,Daylight,16,29-05-2025 10:05
Black Round Rotten,black_round_rotten_IMG_20250418_154113_TIMEBURST18_5102_rotate_iter1.jpg,JPG,1535x1535,24,Xiaomi,2312DRAABI,72,f/0.0,56,Daylight,16,29-05-2025 10:05
Black Round Rotten,black_round_rotten_IMG_20250418_154113_TIMEBURST15_4256_horizontal_flip_iter3.jpg,JPG,1458x1458,24,Xiaomi,2312DRAABI,72,f/0.0,56,Daylight,16,29-05-2025 10:05
Black Round Rotten,black_round_rotten_IMG_20250418_154113_TIMEBURST16_4828_brightness_contrast_iter2.jpg,JPG,1458x1458,24,Xiaomi,2312DRAABI,72,f/0.0,56,Daylight,16,29-05-2025 10:05
Black Round Rotten,black_round_rotten_IMG_20250418_154113_TIMEBURST16_4828_gamma_iter2.jpg,JPG,1458x1458,24,Xiaomi,2312DRAABI,72,f/0.0,57,Daylight,16,29-05-2025 10:05
Black Round Rotten,black_round_rotten_IMG_20250418_154113_TIMEBURST15_4256_brightness_contrast_iter3.jpg,JPG,1458x1458,24,Xiaomi,2312DRAABI,72,f/0.0,50,Daylight,16,29-05-2025 10:05
Black Round Rotten,black_round_rotten_IMG_20250418_154113_TIMEBURST17_4408_rgb_shift_iter1.jpg,JPG,1458x1458,24,Xiaomi,2312DRAABI,72,f/0.0,53,Daylight,16,29-05-2025 10:05
Black Round Rotten,black_round_rotten_IMG_20250418_154113_TIMEBURST18_5102_horizontal_flip_iter1.jpg,JPG,1535x1535,24,Xiaomi,2312DRAABI,72,f/0.0,57,Daylight,16,29-05-2025 10:05
Black Round Rotten,black_round_rotten_IMG_20250418_154113_TIMEBURST15_4256_gamma_iter3.jpg,JPG,1458x1458,24,Xiaomi,2312DRAABI,72,f/0.0,52,Daylight,16,29-05-2025 10:05
Black Round Rotten,black_round_rotten_IMG_20250418_154113_TIMEBURST16_4828_rgb_shift_iter2.jpg,JPG,1458x1458,24,Xiaomi,2312DRAABI,72,f/0.0,57,Daylight,16,29-05-2025 10:05
Black Round Rotten,black_round_rotten_IMG_20250418_154113_TIMEBURST18_5102_brightness_contrast_iter1.jpg,JPG,1535x1535,24,Xiaomi,2312DRAABI,72,f/0.0,57,Daylight,16,29-05-2025 10:05
Black Round Rotten,black_round_rotten_IMG_20250418_154113_TIMEBURST17_4408_rotate_iter2.jpg,JPG,1458x1458,24,Xiaomi,2312DRAABI,72,f/0.0,52,Daylight,16,29-05-2025 10:05
Black Round Rotten,black_round_rotten_IMG_20250418_154113_TIMEBURST15_4256_rgb_shift_iter3.jpg,JPG,1458x1458,24,Xiaomi,2312DRAABI,72,f/0.0,61,Daylight,16,29-05-2025 10:05
Black Round Rotten,black_round_rotten_IMG_20250418_154113_TIMEBURST18_5102_gamma_iter1.jpg,JPG,1535x1535,24,Xiaomi,2312DRAABI,72,f/0.0,61,Daylight,16,29-05-2025 10:05
Black Round Rotten,black_round_rotten_IMG_20250418_154113_TIMEBURST17_4408_horizontal_flip_iter2.jpg,JPG,1458x1458,24,Xiaomi,2312DRAABI,72,f/0.0,60,Daylight,16,29-05-2025 10:05
Black Round Rotten,black_round_rotten_IMG_20250418_154113_TIMEBURST16_4828_rotate_iter3.jpg,JPG,1458x1458,24,Xiaomi,2312DRAABI,72,f/0.0,60,Daylight,16,29-05-2025 10:05
Black Round Rotten,black_round_rotten_IMG_20250418_154113_TIMEBURST17_4408_brightness_contrast_iter2.jpg,JPG,1458x1458,24,Xiaomi,2312DRAABI,72,f/0.0,59,Daylight,16,29-05-2025 10:05
Black Round Rotten,black_round_rotten_IMG_20250418_154113_TIMEBURST16_4828_horizontal_flip_iter3.jpg,JPG,1458x1458,24,Xiaomi,2312DRAABI,72,f/0.0,60,Daylight,16,29-05-2025 10:05
Black Round Rotten,black_round_rotten_IMG_20250418_154113_TIMEBURST15_4256_rotate_iter4.jpg,JPG,1458x1458,24,Xiaomi,2312DRAABI,72,f/0.0,60,Daylight,16,29-05-2025 10:05
Black Round Rotten,black_round_rotten_IMG_20250418_154113_TIMEBURST18_5102_rgb_shift_iter1.jpg,JPG,1535x1535,24,Xiaomi,2312DRAABI,72,f/0.0,61,Daylight,16,29-05-2025 10:05
Black Round Rotten,black_round_rotten_IMG_20250418_154113_TIMEBURST17_4408_gamma_iter2.jpg,JPG,1458x1458,24,Xiaomi,2312DRAABI,72,f/0.0,60,Daylight,16,29-05-2025 10:05
Black Round Rotten,black_round_rotten_IMG_20250418_154113_TIMEBURST15_4256_horizontal_flip_iter4.jpg,JPG,1458x1458,24,Xiaomi,2312DRAABI,72,f/0.0,60,Daylight,16,29-05-2025 10:05
Black Round Rotten,black_round_rotten_IMG_20250418_154113_TIMEBURST16_4828_brightness_contrast_iter3.jpg,JPG,1458x1458,24,Xiaomi,2312DRAABI,72,f/0.0,60,Daylight,16,29-05-2025 10:05
Black Round Rotten,black_round_rotten_IMG_20250418_154113_TIMEBURST18_5102_rotate_iter2.jpg,JPG,1535x1535,24,Xiaomi,2312DRAABI,72,f/0.0,60,Daylight,16,29-05-2025 10:05
Black Round Rotten,black_round_rotten_IMG_20250418_154113_TIMEBURST15_4256_brightness_contrast_iter4.jpg,JPG,1458x1458,24,Xiaomi,2312DRAABI,72,f/0.0,63,Daylight,16,29-05-2025 10:05
Black Round Rotten,black_round_rotten_IMG_20250418_154113_TIMEBURST16_4828_gamma_iter3.jpg,JPG,1458x1458,24,Xiaomi,2312DRAABI,72,f/0.0,65,Daylight,16,29-05-2025 10:05
Black Round Rotten,black_round_rotten_IMG_20250418_154113_TIMEBURST18_5102_horizontal_flip_iter2.jpg,JPG,1535x1535,24,Xiaomi,2312DRAABI,72,f/0.0,65,Daylight,16,29-05-2025 10:05
Black Round Rotten,black_round_rotten_IMG_20250418_154113_TIMEBURST17_4408_rgb_shift_iter2.jpg,JPG,1458x1458,24,Xiaomi,2312DRAABI,72,f/0.0,67,Daylight,16,29-05-2025 10:05
Black Round Rotten,black_round_rotten_IMG_20250418_154113_TIMEBURST15_4256_gamma_iter4.jpg,JPG,1458x1458,24,Xiaomi,2312DRAABI,72,f/0.0,75,Daylight,16,29-05-2025 10:05
Black Round Rotten,black_round_rotten_IMG_20250418_154113_TIMEBURST18_5102_brightness_contrast_iter2.jpg,JPG,1535x1535,24,Xiaomi,2312DRAABI,72,f/0.0,60,Daylight,16,29-05-2025 10:05
Black Round Rotten,black_round_rotten_IMG_20250418_154113_TIMEBURST17_4408_rotate_iter3.jpg,JPG,1458x1458,24,Xiaomi,2312DRAABI,72,f/0.0,67,Daylight,16,29-05-2025 10:05
Black Round Rotten,black_round_rotten_IMG_20250418_154113_TIMEBURST16_4828_rgb_shift_iter3.jpg,JPG,1458x1458,24,Xiaomi,2312DRAABI,72,f/0.0,72,Daylight,16,29-05-2025 10:05
Black Round Rotten,black_round_rotten_IMG_20250418_154113_TIMEBURST18_5102_gamma_iter2.jpg,JPG,1535x1535,24,Xiaomi,2312DRAABI,72,f/0.0,69,Daylight,16,29-05-2025 10:05
Black Round Rotten,black_round_rotten_IMG_20250418_154113_TIMEBURST17_4408_horizontal_flip_iter3.jpg,JPG,1458x1458,24,Xiaomi,2312DRAABI,72,f/0.0,69,Daylight,16,29-05-2025 10:05
Black Round Rotten,black_round_rotten_IMG_20250418_154113_TIMEBURST15_4256_rgb_shift_iter4.jpg,JPG,1458x1458,24,Xiaomi,2312DRAABI,72,f/0.0,67,Daylight,16,29-05-2025 10:05
Black Round Rotten,black_round_rotten_IMG_20250418_154113_TIMEBURST16_4828_rotate_iter4.jpg,JPG,1458x1458,24,Xiaomi,2312DRAABI,72,f/0.0,69,Daylight,16,29-05-2025 10:05
Black Round Rotten,black_round_rotten_IMG_20250418_154113_TIMEBURST17_4408_brightness_contrast_iter3.jpg,JPG,1458x1458,24,Xiaomi,2312DRAABI,72,f/0.0,69,Daylight,16,29-05-2025 10:05
Black Round Rotten,black_round_rotten_IMG_20250418_154113_TIMEBURST15_4256_rotate_iter5.jpg,JPG,1458x1458,24,Xiaomi,2312DRAABI,72,f/0.0,69,Daylight,16,29-05-2025 10:05
Black Round Rotten,black_round_rotten_IMG_20250418_154113_TIMEBURST18_5102_rgb_shift_iter2.jpg,JPG,1535x1535,24,Xiaomi,2312DRAABI,72,f/0.0,69,Daylight,16,29-05-2025 10:05
Black Round Rotten,black_round_rotten_IMG_20250418_154113_TIMEBURST16_4828_horizontal_flip_iter4.jpg,JPG,1458x1458,24,Xiaomi,2312DRAABI,72,f/0.0,69,Daylight,16,29-05-2025 10:05
Black Round Rotten,black_round_rotten_IMG_20250418_154113_TIMEBURST17_4408_gamma_iter3.jpg,JPG,1458x1458,24,Xiaomi,2312DRAABI,72,f/0.0,72,Daylight,16,29-05-2025 10:05
Black Round Rotten,black_round_rotten_IMG_20250418_154113_TIMEBURST15_4256_horizontal_flip_iter5.jpg,JPG,1458x1458,24,Xiaomi,2312DRAABI,72,f/0.0,69,Daylight,16,29-05-2025 10:05
Black Round Rotten,black_round_rotten_IMG_20250418_154113_TIMEBURST16_4828_brightness_contrast_iter4.jpg,JPG,1458x1458,24,Xiaomi,2312DRAABI,72,f/0.0,69,Daylight,16,29-05-2025 10:05
Black Round Rotten,black_round_rotten_IMG_20250418_154113_TIMEBURST18_5102_rotate_iter3.jpg,JPG,1535x1535,24,Xiaomi,2312DRAABI,72,f/0.0,72,Daylight,16,29-05-2025 10:05
Black Round Rotten,black_round_rotten_IMG_20250418_154113_TIMEBURST16_4828_gamma_iter4.jpg,JPG,1458x1458,24,Xiaomi,2312DRAABI,72,f/0.0,72,Daylight,16,29-05-2025 10:05
Black Round Rotten,black_round_rotten_IMG_20250418_154113_TIMEBURST15_4256_brightness_contrast_iter5.jpg,JPG,1458x1458,24,Xiaomi,2312DRAABI,72,f/0.0,75,Daylight,16,29-05-2025 10:05
Black Round Rotten,black_round_rotten_IMG_20250418_154113_TIMEBURST18_5102_horizontal_flip_iter3.jpg,JPG,1535x1535,24,Xiaomi,2312DRAABI,72,f/0.0,74,Daylight,16,29-05-2025 10:05
Black Round Rotten,black_round_rotten_IMG_20250418_154113_TIMEBURST17_4408_rgb_shift_iter3.jpg,JPG,1458x1458,24,Xiaomi,2312DRAABI,72,f/0.0,75,Daylight,16,29-05-2025 10:05
Black Round Rotten,black_round_rotten_IMG_20250418_154113_TIMEBURST15_4256_gamma_iter5.jpg,JPG,1458x1458,24,Xiaomi,2312DRAABI,72,f/0.0,77,Daylight,16,29-05-2025 10:05
Black Round Rotten,black_round_rotten_IMG_20250418_154113_TIMEBURST18_5102_brightness_contrast_iter3.jpg,JPG,1535x1535,24,Xiaomi,2312DRAABI,72,f/0.0,75,Daylight,16,29-05-2025 10:05
Black Round Rotten,black_round_rotten_IMG_20250418_154113_TIMEBURST17_4408_rotate_iter4.jpg,JPG,1458x1458,24,Xiaomi,2312DRAABI,72,f/0.0,81,Daylight,16,29-05-2025 10:05
Black Round Rotten,black_round_rotten_IMG_20250418_154113_TIMEBURST16_4828_rgb_shift_iter4.jpg,JPG,1458x1458,24,Xiaomi,2312DRAABI,72,f/0.0,71,Daylight,16,29-05-2025 10:05
Black Round Rotten,black_round_rotten_IMG_20250418_154113_TIMEBURST18_5102_gamma_iter3.jpg,JPG,1535x1535,24,Xiaomi,2312DRAABI,72,f/0.0,85,Daylight,16,29-05-2025 10:05
Black Round Rotten,black_round_rotten_IMG_20250418_154113_TIMEBURST17_4408_horizontal_flip_iter4.jpg,JPG,1458x1458,24,Xiaomi,2312DRAABI,72,f/0.0,85,Daylight,16,29-05-2025 10:05
Black Round Rotten,black_round_rotten_IMG_20250418_154113_TIMEBURST15_4256_rgb_shift_iter5.jpg,JPG,1458x1458,24,Xiaomi,2312DRAABI,72,f/0.0,85,Daylight,16,29-05-2025 10:05
Black Round Rotten,black_round_rotten_IMG_20250418_154113_TIMEBURST16_4828_rotate_iter5.jpg,JPG,1458x1458,24,Xiaomi,2312DRAABI,72,f/0.0,84,Daylight,16,29-05-2025 10:05
Black Round Rotten,black_round_rotten_IMG_20250418_154113_TIMEBURST17_4408_brightness_contrast_iter4.jpg,JPG,1458x1458,24,Xiaomi,2312DRAABI,72,f/0.0,85,Daylight,16,29-05-2025 10:05
Black Round Rotten,black_round_rotten_IMG_20250418_154113_TIMEBURST18_5102_rgb_shift_iter3.jpg,JPG,1535x1535,24,Xiaomi,2312DRAABI,72,f/0.0,85,Daylight,16,29-05-2025 10:05
Black Round Rotten,black_round_rotten_IMG_20250418_154113_TIMEBURST16_4828_horizontal_flip_iter5.jpg,JPG,1458x1458,24,Xiaomi,2312DRAABI,72,f/0.0,85,Daylight,16,29-05-2025 10:05
Black Round Rotten,black_round_rotten_IMG_20250418_154113_TIMEBURST17_4408_gamma_iter4.jpg,JPG,1458x1458,24,Xiaomi,2312DRAABI,72,f/0.0,85,Daylight,16,29-05-2025 10:05
Black Round Rotten,black_round_rotten_IMG_20250418_154113_TIMEBURST16_4828_brightness_contrast_iter5.jpg,JPG,1458x1458,24,Xiaomi,2312DRAABI,72,f/0.0,89,Daylight,16,29-05-2025 10:05
Black Round Rotten,black_round_rotten_IMG_20250418_154113_TIMEBURST18_5102_rotate_iter4.jpg,JPG,1535x1535,24,Xiaomi,2312DRAABI,72,f/0.0,85,Daylight,16,29-05-2025 10:05
Black Round Rotten,black_round_rotten_IMG_20250418_154113_TIMEBURST16_4828_gamma_iter5.jpg,JPG,1458x1458,24,Xiaomi,2312DRAABI,72,f/0.0,89,Daylight,16,29-05-2025 10:05
Black Round Rotten,black_round_rotten_IMG_20250418_154113_TIMEBURST18_5102_horizontal_flip_iter4.jpg,JPG,1535x1535,24,Xiaomi,2312DRAABI,72,f/0.0,89,Daylight,16,29-05-2025 10:05
Black Round Rotten,black_round_rotten_IMG_20250418_154113_TIMEBURST17_4408_rgb_shift_iter4.jpg,JPG,1458x1458,24,Xiaomi,2312DRAABI,72,f/0.0,86,Daylight,16,29-05-2025 10:05
Black Round Rotten,black_round_rotten_IMG_20250418_154113_TIMEBURST18_5102_brightness_contrast_iter4.jpg,JPG,1535x1535,24,Xiaomi,2312DRAABI,72,f/0.0,94,Daylight,16,29-05-2025 10:05
Black Round Rotten,black_round_rotten_IMG_20250418_154113_TIMEBURST16_4828_rgb_shift_iter5.jpg,JPG,1458x1458,24,Xiaomi,2312DRAABI,72,f/0.0,86,Daylight,16,29-05-2025 10:05
Black Round Rotten,black_round_rotten_IMG_20250418_154113_TIMEBURST17_4408_rotate_iter5.jpg,JPG,1458x1458,24,Xiaomi,2312DRAABI,72,f/0.0,150,Daylight,16,29-05-2025 10:05
Black Round Rotten,black_round_rotten_IMG_20250418_154113_TIMEBURST18_5102_gamma_iter4.jpg,JPG,1535x1535,24,Xiaomi,2312DRAABI,72,f/0.0,86,Daylight,16,29-05-2025 10:05
Black Round Rotten,black_round_rotten_IMG_20250418_154113_TIMEBURST17_4408_horizontal_flip_iter5.jpg,JPG,1458x1458,24,Xiaomi,2312DRAABI,72,f/0.0,150,Daylight,16,29-05-2025 10:05
Black Round Rotten,black_round_rotten_IMG_20250418_154113_TIMEBURST17_4408_brightness_contrast_iter5.jpg,JPG,1458x1458,24,Xiaomi,2312DRAABI,72,f/0.0,86,Daylight,16,29-05-2025 10:05
Black Round Rotten,black_round_rotten_IMG_20250418_154113_TIMEBURST18_5102_rgb_shift_iter4.jpg,JPG,1535x1535,24,Xiaomi,2312DRAABI,72,f/0.0,150,Daylight,16,29-05-2025 10:05
Black Round Rotten,black_round_rotten_IMG_20250418_154113_TIMEBURST17_4408_gamma_iter5.jpg,JPG,1458x1458,24,Xiaomi,2312DRAABI,72,f/0.0,79,Daylight,16,29-05-2025 10:05
Black Round Rotten,black_round_rotten_IMG_20250418_154113_TIMEBURST18_5102_rotate_iter5.jpg,JPG,1535x1535,24,Xiaomi,2312DRAABI,72,f/0.0,79,Daylight,16,29-05-2025 10:05
Black Round Rotten,black_round_rotten_IMG_20250418_154113_TIMEBURST18_5102_horizontal_flip_iter5.jpg,JPG,1535x1535,24,Xiaomi,2312DRAABI,72,f/0.0,79,Daylight,16,29-05-2025 10:05
Black Round Rotten,black_round_rotten_IMG_20250418_154113_TIMEBURST17_4408_rgb_shift_iter5.jpg,JPG,1458x1458,24,Xiaomi,2312DRAABI,72,f/0.0,150,Daylight,16,29-05-2025 10:05
Black Round Rotten,black_round_rotten_IMG_20250418_154113_TIMEBURST18_5102_brightness_contrast_iter5.jpg,JPG,1535x1535,24,Xiaomi,2312DRAABI,72,f/0.0,79,Daylight,16,29-05-2025 10:05
Black Round Rotten,black_round_rotten_IMG_20250418_154113_TIMEBURST18_5102_gamma_iter5.jpg,JPG,1535x1535,24,Xiaomi,2312DRAABI,72,f/0.0,79,Daylight,16,29-05-2025 10:05
Black Round Rotten,black_round_rotten_IMG_20250418_154113_TIMEBURST18_5102_rgb_shift_iter5.jpg,JPG,1535x1535,24,Xiaomi,2312DRAABI,72,f/0.0,79,Daylight,16,29-05-2025 10:05
Black Round Rotten,black_round_rotten_IMG_20250418_154113_TIMEBURST19_4820_rotate_iter1.jpg,JPG,1458x1458,24,Xiaomi,2312DRAABI,72,f/0.0,88,Daylight,16,29-05-2025 10:05
Black Round Rotten,black_round_rotten_IMG_20250418_154113_TIMEBURST19_4820_horizontal_flip_iter1.jpg,JPG,1458x1458,24,Xiaomi,2312DRAABI,72,f/0.0,85,Daylight,16,29-05-2025 10:05
Black Round Rotten,black_round_rotten_IMG_20250418_154157_TIMEBURST1_4266_rotate_iter1.jpg,JPG,1458x1458,24,Xiaomi,2312DRAABI,72,f/0.0,87,Daylight,16,29-05-2025 10:05
Black Round Rotten,black_round_rotten_IMG_20250418_154157_TIMEBURST2_5109_rotate_iter1.jpg,JPG,1458x1458,24,Xiaomi,2312DRAABI,72,f/0.0,88,Daylight,16,29-05-2025 10:05
Black Round Rotten,black_round_rotten_IMG_20250418_154113_TIMEBURST19_4820_brightness_contrast_iter1.jpg,JPG,1458x1458,24,Xiaomi,2312DRAABI,72,f/0.0,79,Daylight,16,29-05-2025 10:05
Black Round Rotten,black_round_rotten_IMG_20250418_154157_TIMEBURST1_4266_horizontal_flip_iter1.jpg,JPG,1458x1458,24,Xiaomi,2312DRAABI,72,f/0.0,81,Daylight,16,29-05-2025 10:05
Black Round Rotten,black_round_rotten_IMG_20250418_154113_TIMEBURST19_4820_gamma_iter1.jpg,JPG,1458x1458,24,Xiaomi,2312DRAABI,72,f/0.0,81,Daylight,16,29-05-2025 10:05
Black Round Rotten,black_round_rotten_IMG_20250418_154157_TIMEBURST2_5109_horizontal_flip_iter1.jpg,JPG,1458x1458,24,Xiaomi,2312DRAABI,72,f/0.0,96,Daylight,16,29-05-2025 10:05
Black Round Rotten,black_round_rotten_IMG_20250418_154157_TIMEBURST1_4266_brightness_contrast_iter1.jpg,JPG,1458x1458,24,Xiaomi,2312DRAABI,72,f/0.0,81,Daylight,16,29-05-2025 10:05
Black Round Rotten,black_round_rotten_IMG_20250418_154157_TIMEBURST2_5109_brightness_contrast_iter1.jpg,JPG,1458x1458,24,Xiaomi,2312DRAABI,72,f/0.0,132,Daylight,16,29-05-2025 10:05
Black Round Rotten,black_round_rotten_IMG_20250418_154113_TIMEBURST20_4539_rotate_iter1.jpg,JPG,1616x1616,24,Xiaomi,2312DRAABI,72,f/0.0,116,Daylight,16,29-05-2025 10:05
Black Round Rotten,black_round_rotten_IMG_20250418_154157_TIMEBURST1_4266_gamma_iter1.jpg,JPG,1458x1458,24,Xiaomi,2312DRAABI,72,f/0.0,116,Daylight,16,29-05-2025 10:05
Black Round Rotten,black_round_rotten_IMG_20250418_154157_TIMEBURST2_5109_gamma_iter1.jpg,JPG,1458x1458,24,Xiaomi,2312DRAABI,72,f/0.0,116,Daylight,16,29-05-2025 10:05
Black Round Rotten,black_round_rotten_IMG_20250418_154113_TIMEBURST19_4820_rgb_shift_iter1.jpg,JPG,1458x1458,24,Xiaomi,2312DRAABI,72,f/0.0,81,Daylight,16,29-05-2025 10:05
Black Round Rotten,black_round_rotten_IMG_20250418_154113_TIMEBURST20_4539_horizontal_flip_iter1.jpg,JPG,1616x1616,24,Xiaomi,2312DRAABI,72,f/0.0,116,Daylight,16,29-05-2025 10:05
Black Round Rotten,black_round_rotten_IMG_20250418_154113_TIMEBURST19_4820_rotate_iter2.jpg,JPG,1458x1458,24,Xiaomi,2312DRAABI,72,f/0.0,116,Daylight,16,29-05-2025 10:05
Black Round Rotten,black_round_rotten_IMG_20250418_154113_TIMEBURST20_4539_brightness_contrast_iter1.jpg,JPG,1616x1616,24,Xiaomi,2312DRAABI,72,f/0.0,116,Daylight,16,29-05-2025 10:05
Black Round Rotten,black_round_rotten_IMG_20250418_154157_TIMEBURST1_4266_rgb_shift_iter1.jpg,JPG,1458x1458,24,Xiaomi,2312DRAABI,72,f/0.0,116,Daylight,16,29-05-2025 10:05
Black Round Rotten,black_round_rotten_IMG_20250418_154157_TIMEBURST2_5109_rgb_shift_iter1.jpg,JPG,1458x1458,24,Xiaomi,2312DRAABI,72,f/0.0,116,Daylight,16,29-05-2025 10:05
Black Round Rotten,black_round_rotten_IMG_20250418_154113_TIMEBURST19_4820_horizontal_flip_iter2.jpg,JPG,1458x1458,24,Xiaomi,2312DRAABI,72,f/0.0,116,Daylight,16,29-05-2025 10:05
Black Round Rotten,black_round_rotten_IMG_20250418_154113_TIMEBURST20_4539_gamma_iter1.jpg,JPG,1616x1616,24,Xiaomi,2312DRAABI,72,f/0.0,116,Daylight,16,29-05-2025 10:05
Black Round Rotten,black_round_rotten_IMG_20250418_154157_TIMEBURST1_4266_rotate_iter2.jpg,JPG,1458x1458,24,Xiaomi,2312DRAABI,72,f/0.0,116,Daylight,16,29-05-2025 10:05
Black Round Rotten,black_round_rotten_IMG_20250418_154113_TIMEBURST19_4820_brightness_contrast_iter2.jpg,JPG,1458x1458,24,Xiaomi,2312DRAABI,72,f/0.0,89,Daylight,16,29-05-2025 10:05
Black Round Rotten,black_round_rotten_IMG_20250418_154157_TIMEBURST1_4266_horizontal_flip_iter2.jpg,JPG,1458x1458,24,Xiaomi,2312DRAABI,72,f/0.0,116,Daylight,16,29-05-2025 10:05
Black Round Rotten,black_round_rotten_IMG_20250418_154157_TIMEBURST2_5109_rotate_iter2.jpg,JPG,1458x1458,24,Xiaomi,2312DRAABI,72,f/0.0,116,Daylight,16,29-05-2025 10:05
Black Round Rotten,black_round_rotten_IMG_20250418_154113_TIMEBURST20_4539_rgb_shift_iter1.jpg,JPG,1616x1616,24,Xiaomi,2312DRAABI,72,f/0.0,143,Daylight,16,29-05-2025 10:05
Black Round Rotten,black_round_rotten_IMG_20250418_154113_TIMEBURST19_4820_gamma_iter2.jpg,JPG,1458x1458,24,Xiaomi,2312DRAABI,72,f/0.0,85,Daylight,16,29-05-2025 10:05
Black Round Rotten,black_round_rotten_IMG_20250418_154157_TIMEBURST2_5109_horizontal_flip_iter2.jpg,JPG,1458x1458,24,Xiaomi,2312DRAABI,72,f/0.0,81,Daylight,16,29-05-2025 10:05
Black Round Rotten,black_round_rotten_IMG_20250418_154157_TIMEBURST1_4266_brightness_contrast_iter2.jpg,JPG,1458x1458,24,Xiaomi,2312DRAABI,72,f/0.0,81,Daylight,16,29-05-2025 10:05
Black Round Rotten,black_round_rotten_IMG_20250418_154157_TIMEBURST1_4266_gamma_iter2.jpg,JPG,1458x1458,24,Xiaomi,2312DRAABI,72,f/0.0,85,Daylight,16,29-05-2025 10:05
Black Round Rotten,black_round_rotten_IMG_20250418_154113_TIMEBURST20_4539_rotate_iter2.jpg,JPG,1616x1616,24,Xiaomi,2312DRAABI,72,f/0.0,50,Daylight,16,29-05-2025 10:05
Black Round Rotten,black_round_rotten_IMG_20250418_154157_TIMEBURST2_5109_brightness_contrast_iter2.jpg,JPG,1458x1458,24,Xiaomi,2312DRAABI,72,f/0.0,50,Daylight,16,29-05-2025 10:05
Black Round Rotten,black_round_rotten_IMG_20250418_154113_TIMEBURST20_4539_horizontal_flip_iter2.jpg,JPG,1616x1616,24,Xiaomi,2312DRAABI,72,f/0.0,50,Daylight,16,29-05-2025 10:05
Black Round Rotten,black_round_rotten_IMG_20250418_154113_TIMEBURST19_4820_rgb_shift_iter2.jpg,JPG,1458x1458,24,Xiaomi,2312DRAABI,72,f/0.0,50,Daylight,16,29-05-2025 10:05
Black Round Rotten,black_round_rotten_IMG_20250418_154113_TIMEBURST20_4539_brightness_contrast_iter2.jpg,JPG,1616x1616,24,Xiaomi,2312DRAABI,72,f/0.0,50,Daylight,16,29-05-2025 10:05
Black Round Rotten,black_round_rotten_IMG_20250418_154157_TIMEBURST2_5109_gamma_iter2.jpg,JPG,1458x1458,24,Xiaomi,2312DRAABI,72,f/0.0,50,Daylight,16,29-05-2025 10:05
Black Round Rotten,black_round_rotten_IMG_20250418_154157_TIMEBURST1_4266_rgb_shift_iter2.jpg,JPG,1458x1458,24,Xiaomi,2312DRAABI,72,f/0.0,52,Daylight,16,29-05-2025 10:05
Black Round Rotten,black_round_rotten_IMG_20250418_154113_TIMEBURST19_4820_rotate_iter3.jpg,JPG,1458x1458,24,Xiaomi,2312DRAABI,72,f/0.0,50,Daylight,16,29-05-2025 10:05
Black Round Rotten,black_round_rotten_IMG_20250418_154113_TIMEBURST20_4539_gamma_iter2.jpg,JPG,1616x1616,24,Xiaomi,2312DRAABI,72,f/0.0,57,Daylight,16,29-05-2025 10:05
Black Round Rotten,black_round_rotten_IMG_20250418_154157_TIMEBURST1_4266_rotate_iter3.jpg,JPG,1458x1458,24,Xiaomi,2312DRAABI,72,f/0.0,54,Daylight,16,29-05-2025 10:05
Black Round Rotten,black_round_rotten_IMG_20250418_154113_TIMEBURST19_4820_horizontal_flip_iter3.jpg,JPG,1458x1458,24,Xiaomi,2312DRAABI,72,f/0.0,54,Daylight,16,29-05-2025 10:05
Black Round Rotten,black_round_rotten_IMG_20250418_154157_TIMEBURST2_5109_rgb_shift_iter2.jpg,JPG,1458x1458,24,Xiaomi,2312DRAABI,72,f/0.0,57,Daylight,16,29-05-2025 10:05
Black Round Rotten,black_round_rotten_IMG_20250418_154157_TIMEBURST1_4266_horizontal_flip_iter3.jpg,JPG,1458x1458,24,Xiaomi,2312DRAABI,72,f/0.0,56,Daylight,16,29-05-2025 10:05
Black Round Rotten,black_round_rotten_IMG_20250418_154113_TIMEBURST19_4820_brightness_contrast_iter3.jpg,JPG,1458x1458,24,Xiaomi,2312DRAABI,72,f/0.0,56,Daylight,16,29-05-2025 10:05
Black Round Rotten,black_round_rotten_IMG_20250418_154157_TIMEBURST2_5109_rotate_iter3.jpg,JPG,1458x1458,24,Xiaomi,2312DRAABI,72,f/0.0,56,Daylight,16,29-05-2025 10:05
Black Round Rotten,black_round_rotten_IMG_20250418_154113_TIMEBURST20_4539_rgb_shift_iter2.jpg,JPG,1616x1616,24,Xiaomi,2312DRAABI,72,f/0.0,57,Daylight,16,29-05-2025 10:05
Black Round Rotten,black_round_rotten_IMG_20250418_154113_TIMEBURST19_4820_gamma_iter3.jpg,JPG,1458x1458,24,Xiaomi,2312DRAABI,72,f/0.0,50,Daylight,16,29-05-2025 10:05
Black Round Rotten,black_round_rotten_IMG_20250418_154157_TIMEBURST1_4266_brightness_contrast_iter3.jpg,JPG,1458x1458,24,Xiaomi,2312DRAABI,72,f/0.0,53,Daylight,16,29-05-2025 10:05
Black Round Rotten,black_round_rotten_IMG_20250418_154157_TIMEBURST2_5109_horizontal_flip_iter3.jpg,JPG,1458x1458,24,Xiaomi,2312DRAABI,72,f/0.0,57,Daylight,16,29-05-2025 10:05
Black Round Rotten,black_round_rotten_IMG_20250418_154113_TIMEBURST20_4539_rotate_iter3.jpg,JPG,1616x1616,24,Xiaomi,2312DRAABI,72,f/0.0,52,Daylight,16,29-05-2025 10:05
Black Round Rotten,black_round_rotten_IMG_20250418_154157_TIMEBURST1_4266_gamma_iter3.jpg,JPG,1458x1458,24,Xiaomi,2312DRAABI,72,f/0.0,57,Daylight,16,29-05-2025 10:05
Black Round Rotten,black_round_rotten_IMG_20250418_154157_TIMEBURST2_5109_brightness_contrast_iter3.jpg,JPG,1458x1458,24,Xiaomi,2312DRAABI,72,f/0.0,57,Daylight,16,29-05-2025 10:05
Black Round Rotten,black_round_rotten_IMG_20250418_154157_TIMEBURST2_5109_gamma_iter3.jpg,JPG,1458x1458,24,Xiaomi,2312DRAABI,72,f/0.0,52,Daylight,16,29-05-2025 10:05
Black Round Rotten,black_round_rotten_IMG_20250418_154113_TIMEBURST19_4820_rgb_shift_iter3.jpg,JPG,1458x1458,24,Xiaomi,2312DRAABI,72,f/0.0,61,Daylight,16,29-05-2025 10:05
Black Round Rotten,black_round_rotten_IMG_20250418_154113_TIMEBURST20_4539_horizontal_flip_iter3.jpg,JPG,1616x1616,24,Xiaomi,2312DRAABI,72,f/0.0,61,Daylight,16,29-05-2025 10:05
Black Round Rotten,black_round_rotten_IMG_20250418_154113_TIMEBURST19_4820_rotate_iter4.jpg,JPG,1458x1458,24,Xiaomi,2312DRAABI,72,f/0.0,60,Daylight,16,29-05-2025 10:05
Black Round Rotten,black_round_rotten_IMG_20250418_154157_TIMEBURST1_4266_rgb_shift_iter3.jpg,JPG,1458x1458,24,Xiaomi,2312DRAABI,72,f/0.0,60,Daylight,16,29-05-2025 10:05
Black Round Rotten,black_round_rotten_IMG_20250418_154113_TIMEBURST20_4539_brightness_contrast_iter3.jpg,JPG,1616x1616,24,Xiaomi,2312DRAABI,72,f/0.0,59,Daylight,16,29-05-2025 10:05
Black Round Rotten,black_round_rotten_IMG_20250418_154113_TIMEBURST19_4820_horizontal_flip_iter4.jpg,JPG,1458x1458,24,Xiaomi,2312DRAABI,72,f/0.0,60,Daylight,16,29-05-2025 10:05
Black Round Rotten,black_round_rotten_IMG_20250418_154157_TIMEBURST2_5109_rgb_shift_iter3.jpg,JPG,1458x1458,24,Xiaomi,2312DRAABI,72,f/0.0,60,Daylight,16,29-05-2025 10:05
Black Round Rotten,black_round_rotten_IMG_20250418_154157_TIMEBURST1_4266_rotate_iter4.jpg,JPG,1458x1458,24,Xiaomi,2312DRAABI,72,f/0.0,61,Daylight,16,29-05-2025 10:05
Black Round Rotten,black_round_rotten_IMG_20250418_154113_TIMEBURST20_4539_gamma_iter3.jpg,JPG,1616x1616,24,Xiaomi,2312DRAABI,72,f/0.0,60,Daylight,16,29-05-2025 10:05
Black Round Rotten,black_round_rotten_IMG_20250418_154113_TIMEBURST19_4820_brightness_contrast_iter4.jpg,JPG,1458x1458,24,Xiaomi,2312DRAABI,72,f/0.0,60,Daylight,16,29-05-2025 10:05
Black Round Rotten,black_round_rotten_IMG_20250418_154157_TIMEBURST2_5109_rotate_iter4.jpg,JPG,1458x1458,24,Xiaomi,2312DRAABI,72,f/0.0,60,Daylight,16,29-05-2025 10:05
Black Round Rotten,black_round_rotten_IMG_20250418_154157_TIMEBURST1_4266_horizontal_flip_iter4.jpg,JPG,1458x1458,24,Xiaomi,2312DRAABI,72,f/0.0,60,Daylight,16,29-05-2025 10:05
Black Round Rotten,black_round_rotten_IMG_20250418_154113_TIMEBURST19_4820_gamma_iter4.jpg,JPG,1458x1458,24,Xiaomi,2312DRAABI,72,f/0.0,63,Daylight,16,29-05-2025 10:05
Black Round Rotten,black_round_rotten_IMG_20250418_154157_TIMEBURST1_4266_brightness_contrast_iter4.jpg,JPG,1458x1458,24,Xiaomi,2312DRAABI,72,f/0.0,65,Daylight,16,29-05-2025 10:05
Black Round Rotten,black_round_rotten_IMG_20250418_154157_TIMEBURST2_5109_horizontal_flip_iter4.jpg,JPG,1458x1458,24,Xiaomi,2312DRAABI,72,f/0.0,65,Daylight,16,29-05-2025 10:05
Black Round Rotten,black_round_rotten_IMG_20250418_154113_TIMEBURST20_4539_rgb_shift_iter3.jpg,JPG,1616x1616,24,Xiaomi,2312DRAABI,72,f/0.0,67,Daylight,16,29-05-2025 10:05
Black Round Rotten,black_round_rotten_IMG_20250418_154157_TIMEBURST1_4266_gamma_iter4.jpg,JPG,1458x1458,24,Xiaomi,2312DRAABI,72,f/0.0,75,Daylight,16,29-05-2025 10:05
Black Round Rotten,black_round_rotten_IMG_20250418_154157_TIMEBURST2_5109_brightness_contrast_iter4.jpg,JPG,1458x1458,24,Xiaomi,2312DRAABI,72,f/0.0,60,Daylight,16,29-05-2025 10:05
Black Round Rotten,black_round_rotten_IMG_20250418_154113_TIMEBURST19_4820_rgb_shift_iter4.jpg,JPG,1458x1458,24,Xiaomi,2312DRAABI,72,f/0.0,67,Daylight,16,29-05-2025 10:05
Black Round Rotten,black_round_rotten_IMG_20250418_154157_TIMEBURST2_5109_gamma_iter4.jpg,JPG,1458x1458,24,Xiaomi,2312DRAABI,72,f/0.0,72,Daylight,16,29-05-2025 10:05
Black Round Rotten,black_round_rotten_IMG_20250418_154113_TIMEBURST20_4539_rotate_iter4.jpg,JPG,1616x1616,24,Xiaomi,2312DRAABI,72,f/0.0,69,Daylight,16,29-05-2025 10:05
Black Round Rotten,black_round_rotten_IMG_20250418_154157_TIMEBURST1_4266_rgb_shift_iter4.jpg,JPG,1458x1458,24,Xiaomi,2312DRAABI,72,f/0.0,69,Daylight,16,29-05-2025 10:05
Black Round Rotten,black_round_rotten_IMG_20250418_154113_TIMEBURST19_4820_rotate_iter5.jpg,JPG,1458x1458,24,Xiaomi,2312DRAABI,72,f/0.0,67,Daylight,16,29-05-2025 10:05
Black Round Rotten,black_round_rotten_IMG_20250418_154113_TIMEBURST20_4539_horizontal_flip_iter4.jpg,JPG,1616x1616,24,Xiaomi,2312DRAABI,72,f/0.0,69,Daylight,16,29-05-2025 10:05
Black Round Rotten,black_round_rotten_IMG_20250418_154113_TIMEBURST19_4820_horizontal_flip_iter5.jpg,JPG,1458x1458,24,Xiaomi,2312DRAABI,72,f/0.0,69,Daylight,16,29-05-2025 10:05
Black Round Rotten,black_round_rotten_IMG_20250418_154157_TIMEBURST1_4266_rotate_iter5.jpg,JPG,1458x1458,24,Xiaomi,2312DRAABI,72,f/0.0,69,Daylight,16,29-05-2025 10:05
Black Round Rotten,black_round_rotten_IMG_20250418_154157_TIMEBURST2_5109_rgb_shift_iter4.jpg,JPG,1458x1458,24,Xiaomi,2312DRAABI,72,f/0.0,69,Daylight,16,29-05-2025 10:05
Black Round Rotten,black_round_rotten_IMG_20250418_154113_TIMEBURST20_4539_brightness_contrast_iter4.jpg,JPG,1616x1616,24,Xiaomi,2312DRAABI,72,f/0.0,69,Daylight,16,29-05-2025 10:05
Black Round Rotten,black_round_rotten_IMG_20250418_154157_TIMEBURST1_4266_horizontal_flip_iter5.jpg,JPG,1458x1458,24,Xiaomi,2312DRAABI,72,f/0.0,72,Daylight,16,29-05-2025 10:05
Black Round Rotten,black_round_rotten_IMG_20250418_154113_TIMEBURST19_4820_brightness_contrast_iter5.jpg,JPG,1458x1458,24,Xiaomi,2312DRAABI,72,f/0.0,69,Daylight,16,29-05-2025 10:05
Black Round Rotten,black_round_rotten_IMG_20250418_154157_TIMEBURST2_5109_rotate_iter5.jpg,JPG,1458x1458,24,Xiaomi,2312DRAABI,72,f/0.0,69,Daylight,16,29-05-2025 10:05
Black Round Rotten,black_round_rotten_IMG_20250418_154157_TIMEBURST1_4266_brightness_contrast_iter5.jpg,JPG,1458x1458,24,Xiaomi,2312DRAABI,72,f/0.0,72,Daylight,16,29-05-2025 10:05
Black Round Rotten,black_round_rotten_IMG_20250418_154113_TIMEBURST20_4539_gamma_iter4.jpg,JPG,1616x1616,24,Xiaomi,2312DRAABI,72,f/0.0,72,Daylight,16,29-05-2025 10:05
Black Round Rotten,black_round_rotten_IMG_20250418_154113_TIMEBURST19_4820_gamma_iter5.jpg,JPG,1458x1458,24,Xiaomi,2312DRAABI,72,f/0.0,75,Daylight,16,29-05-2025 10:05
Black Round Rotten,black_round_rotten_IMG_20250418_154157_TIMEBURST2_5109_horizontal_flip_iter5.jpg,JPG,1458x1458,24,Xiaomi,2312DRAABI,72,f/0.0,74,Daylight,16,29-05-2025 10:05
Black Round Rotten,black_round_rotten_IMG_20250418_154157_TIMEBURST1_4266_gamma_iter5.jpg,JPG,1458x1458,24,Xiaomi,2312DRAABI,72,f/0.0,75,Daylight,16,29-05-2025 10:05
Black Round Rotten,black_round_rotten_IMG_20250418_154157_TIMEBURST2_5109_brightness_contrast_iter5.jpg,JPG,1458x1458,24,Xiaomi,2312DRAABI,72,f/0.0,77,Daylight,16,29-05-2025 10:05
Black Round Rotten,black_round_rotten_IMG_20250418_154113_TIMEBURST19_4820_rgb_shift_iter5.jpg,JPG,1458x1458,24,Xiaomi,2312DRAABI,72,f/0.0,75,Daylight,16,29-05-2025 10:05
Black Round Rotten,black_round_rotten_IMG_20250418_154113_TIMEBURST20_4539_rgb_shift_iter4.jpg,JPG,1616x1616,24,Xiaomi,2312DRAABI,72,f/0.0,81,Daylight,16,29-05-2025 10:05
Black Round Rotten,black_round_rotten_IMG_20250418_154157_TIMEBURST2_5109_gamma_iter5.jpg,JPG,1458x1458,24,Xiaomi,2312DRAABI,72,f/0.0,71,Daylight,16,29-05-2025 10:05
Black Round Rotten,black_round_rotten_IMG_20250418_154157_TIMEBURST1_4266_rgb_shift_iter5.jpg,JPG,1458x1458,24,Xiaomi,2312DRAABI,72,f/0.0,85,Daylight,16,29-05-2025 10:05
Black Round Rotten,black_round_rotten_IMG_20250418_154113_TIMEBURST20_4539_rotate_iter5.jpg,JPG,1616x1616,24,Xiaomi,2312DRAABI,72,f/0.0,85,Daylight,16,29-05-2025 10:05
Black Round Rotten,black_round_rotten_IMG_20250418_154157_TIMEBURST2_5109_rgb_shift_iter5.jpg,JPG,1458x1458,24,Xiaomi,2312DRAABI,72,f/0.0,85,Daylight,16,29-05-2025 10:05
Black Round Rotten,black_round_rotten_IMG_20250418_154113_TIMEBURST20_4539_horizontal_flip_iter5.jpg,JPG,1616x1616,24,Xiaomi,2312DRAABI,72,f/0.0,84,Daylight,16,29-05-2025 10:05
Black Round Rotten,black_round_rotten_IMG_20250418_154113_TIMEBURST20_4539_brightness_contrast_iter5.jpg,JPG,1616x1616,24,Xiaomi,2312DRAABI,72,f/0.0,85,Daylight,16,29-05-2025 10:05
Black Round Rotten,black_round_rotten_IMG_20250418_154113_TIMEBURST20_4539_gamma_iter5.jpg,JPG,1616x1616,24,Xiaomi,2312DRAABI,72,f/0.0,85,Daylight,16,29-05-2025 10:05
Black Round Rotten,black_round_rotten_IMG_20250418_154113_TIMEBURST20_4539_rgb_shift_iter5.jpg,JPG,1616x1616,24,Xiaomi,2312DRAABI,72,f/0.0,85,Daylight,16,29-05-2025 10:05
Black Round Rotten,black_round_rotten_IMG_20250418_154157_TIMEBURST3_4949_rotate_iter1.jpg,JPG,1455x1455,24,Xiaomi,2312DRAABI,72,f/0.0,85,Daylight,16,29-05-2025 10:05
Black Round Rotten,black_round_rotten_IMG_20250418_154157_TIMEBURST3_4949_horizontal_flip_iter1.jpg,JPG,1455x1455,24,Xiaomi,2312DRAABI,72,f/0.0,89,Daylight,16,29-05-2025 10:05
Black Round Rotten,black_round_rotten_IMG_20250418_154157_TIMEBURST3_4949_brightness_contrast_iter1.jpg,JPG,1455x1455,24,Xiaomi,2312DRAABI,72,f/0.0,85,Daylight,16,29-05-2025 10:05
Black Round Rotten,black_round_rotten_IMG_20250418_154157_TIMEBURST3_4949_gamma_iter1.jpg,JPG,1455x1455,24,Xiaomi,2312DRAABI,72,f/0.0,89,Daylight,16,29-05-2025 10:05
Black Round Rotten,black_round_rotten_IMG_20250418_154157_TIMEBURST5_5229_rotate_iter1.jpg,JPG,1458x1458,24,Xiaomi,2312DRAABI,72,f/0.0,89,Daylight,16,29-05-2025 10:05
Black Round Rotten,black_round_rotten_IMG_20250418_154157_TIMEBURST5_5229_horizontal_flip_iter1.jpg,JPG,1458x1458,24,Xiaomi,2312DRAABI,72,f/0.0,86,Daylight,16,29-05-2025 10:05
Black Round Rotten,black_round_rotten_IMG_20250418_154157_TIMEBURST4_4941_rotate_iter1.jpg,JPG,1385x1385,24,Xiaomi,2312DRAABI,72,f/0.0,94,Daylight,16,29-05-2025 10:05
Black Round Rotten,black_round_rotten_IMG_20250418_154157_TIMEBURST3_4949_rgb_shift_iter1.jpg,JPG,1455x1455,24,Xiaomi,2312DRAABI,72,f/0.0,86,Daylight,16,29-05-2025 10:05
Black Round Rotten,black_round_rotten_IMG_20250418_154157_TIMEBURST5_5229_brightness_contrast_iter1.jpg,JPG,1458x1458,24,Xiaomi,2312DRAABI,72,f/0.0,150,Daylight,16,29-05-2025 10:05
Black Round Rotten,black_round_rotten_IMG_20250418_154157_TIMEBURST4_4941_horizontal_flip_iter1.jpg,JPG,1385x1385,24,Xiaomi,2312DRAABI,72,f/0.0,86,Daylight,16,29-05-2025 10:05
Black Round Rotten,black_round_rotten_IMG_20250418_154157_TIMEBURST3_4949_rotate_iter2.jpg,JPG,1455x1455,24,Xiaomi,2312DRAABI,72,f/0.0,150,Daylight,16,29-05-2025 10:05
Black Round Rotten,black_round_rotten_IMG_20250418_154157_TIMEBURST5_5229_gamma_iter1.jpg,JPG,1458x1458,24,Xiaomi,2312DRAABI,72,f/0.0,86,Daylight,16,29-05-2025 10:05
Black Round Rotten,black_round_rotten_IMG_20250418_154157_TIMEBURST4_4941_brightness_contrast_iter1.jpg,JPG,1385x1385,24,Xiaomi,2312DRAABI,72,f/0.0,150,Daylight,16,29-05-2025 10:05
Black Round Rotten,black_round_rotten_IMG_20250418_154157_TIMEBURST3_4949_horizontal_flip_iter2.jpg,JPG,1455x1455,24,Xiaomi,2312DRAABI,72,f/0.0,79,Daylight,16,29-05-2025 10:05
Black Round Rotten,black_round_rotten_IMG_20250418_154157_TIMEBURST3_4949_brightness_contrast_iter2.jpg,JPG,1455x1455,24,Xiaomi,2312DRAABI,72,f/0.0,79,Daylight,16,29-05-2025 10:05
Black Round Rotten,black_round_rotten_IMG_20250418_154157_TIMEBURST5_5229_rgb_shift_iter1.jpg,JPG,1458x1458,24,Xiaomi,2312DRAABI,72,f/0.0,79,Daylight,16,29-05-2025 10:05
Black Round Rotten,black_round_rotten_IMG_20250418_154157_TIMEBURST4_4941_gamma_iter1.jpg,JPG,1385x1385,24,Xiaomi,2312DRAABI,72,f/0.0,150,Daylight,16,29-05-2025 10:05
Black Round Rotten,black_round_rotten_IMG_20250418_154157_TIMEBURST6_4875_rotate_iter1.jpg,JPG,1315x1315,24,Xiaomi,2312DRAABI,72,f/0.0,79,Daylight,16,29-05-2025 10:05
Black Round Rotten,black_round_rotten_IMG_20250418_154157_TIMEBURST4_4941_rgb_shift_iter1.jpg,JPG,1385x1385,24,Xiaomi,2312DRAABI,72,f/0.0,79,Daylight,16,29-05-2025 10:05
Black Round Rotten,black_round_rotten_IMG_20250418_154157_TIMEBURST3_4949_gamma_iter2.jpg,JPG,1455x1455,24,Xiaomi,2312DRAABI,72,f/0.0,79,Daylight,16,29-05-2025 10:05
Black Round Rotten,black_round_rotten_IMG_20250418_154157_TIMEBURST5_5229_rotate_iter2.jpg,JPG,1458x1458,24,Xiaomi,2312DRAABI,72,f/0.0,88,Daylight,16,29-05-2025 10:05
Black Round Rotten,black_round_rotten_IMG_20250418_154157_TIMEBURST6_4875_horizontal_flip_iter1.jpg,JPG,1315x1315,24,Xiaomi,2312DRAABI,72,f/0.0,85,Daylight,16,29-05-2025 10:05
Black Round Rotten,black_round_rotten_IMG_20250418_154157_TIMEBURST5_5229_horizontal_flip_iter2.jpg,JPG,1458x1458,24,Xiaomi,2312DRAABI,72,f/0.0,87,Daylight,16,29-05-2025 10:05
Black Round Rotten,black_round_rotten_IMG_20250418_154157_TIMEBURST4_4941_rotate_iter2.jpg,JPG,1385x1385,24,Xiaomi,2312DRAABI,72,f/0.0,88,Daylight,16,29-05-2025 10:05
Black Round Rotten,black_round_rotten_IMG_20250418_154157_TIMEBURST3_4949_rgb_shift_iter2.jpg,JPG,1455x1455,24,Xiaomi,2312DRAABI,72,f/0.0,79,Daylight,16,29-05-2025 10:05
Black Round Rotten,black_round_rotten_IMG_20250418_154157_TIMEBURST6_4875_brightness_contrast_iter1.jpg,JPG,1315x1315,24,Xiaomi,2312DRAABI,72,f/0.0,81,Daylight,16,29-05-2025 10:05
Black Round Rotten,black_round_rotten_IMG_20250418_154157_TIMEBURST5_5229_brightness_contrast_iter2.jpg,JPG,1458x1458,24,Xiaomi,2312DRAABI,72,f/0.0,81,Daylight,16,29-05-2025 10:05
Black Round Rotten,black_round_rotten_IMG_20250418_154157_TIMEBURST4_4941_horizontal_flip_iter2.jpg,JPG,1385x1385,24,Xiaomi,2312DRAABI,72,f/0.0,96,Daylight,16,29-05-2025 10:05
Black Round Rotten,black_round_rotten_IMG_20250418_154157_TIMEBURST3_4949_rotate_iter3.jpg,JPG,1455x1455,24,Xiaomi,2312DRAABI,72,f/0.0,81,Daylight,16,29-05-2025 10:05
Black Round Rotten,black_round_rotten_IMG_20250418_154157_TIMEBURST6_4875_gamma_iter1.jpg,JPG,1315x1315,24,Xiaomi,2312DRAABI,72,f/0.0,132,Daylight,16,29-05-2025 10:05
Black Round Rotten,black_round_rotten_IMG_20250418_154157_TIMEBURST4_4941_brightness_contrast_iter2.jpg,JPG,1385x1385,24,Xiaomi,2312DRAABI,72,f/0.0,116,Daylight,16,29-05-2025 10:05
Black Round Rotten,black_round_rotten_IMG_20250418_154157_TIMEBURST5_5229_gamma_iter2.jpg,JPG,1458x1458,24,Xiaomi,2312DRAABI,72,f/0.0,116,Daylight,16,29-05-2025 10:05
Black Round Rotten,black_round_rotten_IMG_20250418_154157_TIMEBURST3_4949_horizontal_flip_iter3.jpg,JPG,1455x1455,24,Xiaomi,2312DRAABI,72,f/0.0,116,Daylight,16,29-05-2025 10:05
Black Round Rotten,black_round_rotten_IMG_20250418_154157_TIMEBURST4_4941_gamma_iter2.jpg,JPG,1385x1385,24,Xiaomi,2312DRAABI,72,f/0.0,81,Daylight,16,29-05-2025 10:05
Black Round Rotten,black_round_rotten_IMG_20250418_154157_TIMEBURST3_4949_brightness_contrast_iter3.jpg,JPG,1455x1455,24,Xiaomi,2312DRAABI,72,f/0.0,116,Daylight,16,29-05-2025 10:05
Black Round Rotten,black_round_rotten_IMG_20250418_154157_TIMEBURST6_4875_rgb_shift_iter1.jpg,JPG,1315x1315,24,Xiaomi,2312DRAABI,72,f/0.0,116,Daylight,16,29-05-2025 10:05
Black Round Rotten,black_round_rotten_IMG_20250418_154157_TIMEBURST5_5229_rgb_shift_iter2.jpg,JPG,1458x1458,24,Xiaomi,2312DRAABI,72,f/0.0,116,Daylight,16,29-05-2025 10:05
Black Round Rotten,black_round_rotten_IMG_20250418_154157_TIMEBURST3_4949_gamma_iter3.jpg,JPG,1455x1455,24,Xiaomi,2312DRAABI,72,f/0.0,116,Daylight,16,29-05-2025 10:05
Black Round Rotten,black_round_rotten_IMG_20250418_154157_TIMEBURST6_4875_rotate_iter2.jpg,JPG,1315x1315,24,Xiaomi,2312DRAABI,72,f/0.0,116,Daylight,16,29-05-2025 10:05
Black Round Rotten,black_round_rotten_IMG_20250418_154157_TIMEBURST4_4941_rgb_shift_iter2.jpg,JPG,1385x1385,24,Xiaomi,2312DRAABI,72,f/0.0,116,Daylight,16,29-05-2025 10:05
Black Round Rotten,black_round_rotten_IMG_20250418_154157_TIMEBURST5_5229_rotate_iter3.jpg,JPG,1458x1458,24,Xiaomi,2312DRAABI,72,f/0.0,116,Daylight,16,29-05-2025 10:05
Black Round Rotten,black_round_rotten_IMG_20250418_154157_TIMEBURST6_4875_horizontal_flip_iter2.jpg,JPG,1315x1315,24,Xiaomi,2312DRAABI,72,f/0.0,116,Daylight,16,29-05-2025 10:05
Black Round Rotten,black_round_rotten_IMG_20250418_154157_TIMEBURST5_5229_horizontal_flip_iter3.jpg,JPG,1458x1458,24,Xiaomi,2312DRAABI,72,f/0.0,89,Daylight,16,29-05-2025 10:05
Black Round Rotten,black_round_rotten_IMG_20250418_154157_TIMEBURST4_4941_rotate_iter3.jpg,JPG,1385x1385,24,Xiaomi,2312DRAABI,72,f/0.0,116,Daylight,16,29-05-2025 10:05
Black Round Rotten,black_round_rotten_IMG_20250418_154157_TIMEBURST3_4949_rgb_shift_iter3.jpg,JPG,1455x1455,24,Xiaomi,2312DRAABI,72,f/0.0,116,Daylight,16,29-05-2025 10:05
Black Round Rotten,black_round_rotten_IMG_20250418_154157_TIMEBURST6_4875_brightness_contrast_iter2.jpg,JPG,1315x1315,24,Xiaomi,2312DRAABI,72,f/0.0,143,Daylight,16,29-05-2025 10:05
Black Round Rotten,black_round_rotten_IMG_20250418_154157_TIMEBURST5_5229_brightness_contrast_iter3.jpg,JPG,1458x1458,24,Xiaomi,2312DRAABI,72,f/0.0,85,Daylight,16,29-05-2025 10:05
Black Round Rotten,black_round_rotten_IMG_20250418_154157_TIMEBURST4_4941_horizontal_flip_iter3.jpg,JPG,1385x1385,24,Xiaomi,2312DRAABI,72,f/0.0,81,Daylight,16,29-05-2025 10:05
Black Round Rotten,black_round_rotten_IMG_20250418_154157_TIMEBURST3_4949_rotate_iter4.jpg,JPG,1455x1455,24,Xiaomi,2312DRAABI,72,f/0.0,81,Daylight,16,29-05-2025 10:05
Black Round Rotten,black_round_rotten_IMG_20250418_154157_TIMEBURST6_4875_gamma_iter2.jpg,JPG,1315x1315,24,Xiaomi,2312DRAABI,72,f/0.0,85,Daylight,16,29-05-2025 10:05
Black Round Rotten,black_round_rotten_IMG_20250418_154157_TIMEBURST5_5229_gamma_iter3.jpg,JPG,1458x1458,24,Xiaomi,2312DRAABI,72,f/0.0,50,Daylight,16,29-05-2025 10:05
Black Round Rotten,black_round_rotten_IMG_20250418_154157_TIMEBURST4_4941_brightness_contrast_iter3.jpg,JPG,1385x1385,24,Xiaomi,2312DRAABI,72,f/0.0,50,Daylight,16,29-05-2025 10:05
Black Round Rotten,black_round_rotten_IMG_20250418_154157_TIMEBURST3_4949_horizontal_flip_iter4.jpg,JPG,1455x1455,24,Xiaomi,2312DRAABI,72,f/0.0,50,Daylight,16,29-05-2025 10:05
Black Round Rotten,black_round_rotten_IMG_20250418_154157_TIMEBURST6_4875_rgb_shift_iter2.jpg,JPG,1315x1315,24,Xiaomi,2312DRAABI,72,f/0.0,50,Daylight,16,29-05-2025 10:05
Black Round Rotten,black_round_rotten_IMG_20250418_154157_TIMEBURST4_4941_gamma_iter3.jpg,JPG,1385x1385,24,Xiaomi,2312DRAABI,72,f/0.0,50,Daylight,16,29-05-2025 10:05
Black Round Rotten,black_round_rotten_IMG_20250418_154157_TIMEBURST3_4949_brightness_contrast_iter4.jpg,JPG,1455x1455,24,Xiaomi,2312DRAABI,72,f/0.0,50,Daylight,16,29-05-2025 10:05
Black Round Rotten,black_round_rotten_IMG_20250418_154157_TIMEBURST5_5229_rgb_shift_iter3.jpg,JPG,1458x1458,24,Xiaomi,2312DRAABI,72,f/0.0,52,Daylight,16,29-05-2025 10:05
Black Round Rotten,black_round_rotten_IMG_20250418_154157_TIMEBURST3_4949_gamma_iter4.jpg,JPG,1455x1455,24,Xiaomi,2312DRAABI,72,f/0.0,50,Daylight,16,29-05-2025 10:05
Black Round Rotten,black_round_rotten_IMG_20250418_154157_TIMEBURST6_4875_rotate_iter3.jpg,JPG,1315x1315,24,Xiaomi,2312DRAABI,72,f/0.0,57,Daylight,16,29-05-2025 10:05
Black Round Rotten,black_round_rotten_IMG_20250418_154157_TIMEBURST4_4941_rgb_shift_iter3.jpg,JPG,1385x1385,24,Xiaomi,2312DRAABI,72,f/0.0,54,Daylight,16,29-05-2025 10:05
Black Round Rotten,black_round_rotten_IMG_20250418_154157_TIMEBURST5_5229_rotate_iter4.jpg,JPG,1458x1458,24,Xiaomi,2312DRAABI,72,f/0.0,54,Daylight,16,29-05-2025 10:05
Black Round Rotten,black_round_rotten_IMG_20250418_154157_TIMEBURST6_4875_horizontal_flip_iter3.jpg,JPG,1315x1315,24,Xiaomi,2312DRAABI,72,f/0.0,57,Daylight,16,29-05-2025 10:05
Black Round Rotten,black_round_rotten_IMG_20250418_154157_TIMEBURST5_5229_horizontal_flip_iter4.jpg,JPG,1458x1458,24,Xiaomi,2312DRAABI,72,f/0.0,56,Daylight,16,29-05-2025 10:05
Black Round Rotten,black_round_rotten_IMG_20250418_154157_TIMEBURST4_4941_rotate_iter4.jpg,JPG,1385x1385,24,Xiaomi,2312DRAABI,72,f/0.0,56,Daylight,16,29-05-2025 10:05
Black Round Rotten,black_round_rotten_IMG_20250418_154157_TIMEBURST3_4949_rgb_shift_iter4.jpg,JPG,1455x1455,24,Xiaomi,2312DRAABI,72,f/0.0,56,Daylight,16,29-05-2025 10:05
Black Round Rotten,black_round_rotten_IMG_20250418_154157_TIMEBURST6_4875_brightness_contrast_iter3.jpg,JPG,1315x1315,24,Xiaomi,2312DRAABI,72,f/0.0,57,Daylight,16,29-05-2025 10:05
Black Round Rotten,black_round_rotten_IMG_20250418_154157_TIMEBURST5_5229_brightness_contrast_iter4.jpg,JPG,1458x1458,24,Xiaomi,2312DRAABI,72,f/0.0,50,Daylight,16,29-05-2025 10:05
Black Round Rotten,black_round_rotten_IMG_20250418_154157_TIMEBURST4_4941_horizontal_flip_iter4.jpg,JPG,1385x1385,24,Xiaomi,2312DRAABI,72,f/0.0,53,Daylight,16,29-05-2025 10:05
Black Round Rotten,black_round_rotten_IMG_20250418_154157_TIMEBURST3_4949_rotate_iter5.jpg,JPG,1455x1455,24,Xiaomi,2312DRAABI,72,f/0.0,57,Daylight,16,29-05-2025 10:05
Black Round Rotten,black_round_rotten_IMG_20250418_154157_TIMEBURST6_4875_gamma_iter3.jpg,JPG,1315x1315,24,Xiaomi,2312DRAABI,72,f/0.0,52,Daylight,16,29-05-2025 10:05
Black Round Rotten,black_round_rotten_IMG_20250418_154157_TIMEBURST4_4941_brightness_contrast_iter4.jpg,JPG,1385x1385,24,Xiaomi,2312DRAABI,72,f/0.0,57,Daylight,16,29-05-2025 10:05
Black Round Rotten,black_round_rotten_IMG_20250418_154157_TIMEBURST5_5229_gamma_iter4.jpg,JPG,1458x1458,24,Xiaomi,2312DRAABI,72,f/0.0,57,Daylight,16,29-05-2025 10:05
Black Round Rotten,black_round_rotten_IMG_20250418_154157_TIMEBURST3_4949_horizontal_flip_iter5.jpg,JPG,1455x1455,24,Xiaomi,2312DRAABI,72,f/0.0,52,Daylight,16,29-05-2025 10:05
Black Round Rotten,black_round_rotten_IMG_20250418_154157_TIMEBURST4_4941_gamma_iter4.jpg,JPG,1385x1385,24,Xiaomi,2312DRAABI,72,f/0.0,61,Daylight,16,29-05-2025 10:05
Black Round Rotten,black_round_rotten_IMG_20250418_154157_TIMEBURST3_4949_brightness_contrast_iter5.jpg,JPG,1455x1455,24,Xiaomi,2312DRAABI,72,f/0.0,61,Daylight,16,29-05-2025 10:05
Black Round Rotten,black_round_rotten_IMG_20250418_154157_TIMEBURST6_4875_rgb_shift_iter3.jpg,JPG,1315x1315,24,Xiaomi,2312DRAABI,72,f/0.0,60,Daylight,16,29-05-2025 10:05
Black Round Rotten,black_round_rotten_IMG_20250418_154157_TIMEBURST5_5229_rgb_shift_iter4.jpg,JPG,1458x1458,24,Xiaomi,2312DRAABI,72,f/0.0,60,Daylight,16,29-05-2025 10:05
Black Round Rotten,black_round_rotten_IMG_20250418_154157_TIMEBURST3_4949_gamma_iter5.jpg,JPG,1455x1455,24,Xiaomi,2312DRAABI,72,f/0.0,59,Daylight,16,29-05-2025 10:05
Black Round Rotten,black_round_rotten_IMG_20250418_154157_TIMEBURST6_4875_rotate_iter4.jpg,JPG,1315x1315,24,Xiaomi,2312DRAABI,72,f/0.0,60,Daylight,16,29-05-2025 10:05
Black Round Rotten,black_round_rotten_IMG_20250418_154157_TIMEBURST4_4941_rgb_shift_iter4.jpg,JPG,1385x1385,24,Xiaomi,2312DRAABI,72,f/0.0,60,Daylight,16,29-05-2025 10:05
Black Round Rotten,black_round_rotten_IMG_20250418_154157_TIMEBURST5_5229_rotate_iter5.jpg,JPG,1458x1458,24,Xiaomi,2312DRAABI,72,f/0.0,61,Daylight,16,29-05-2025 10:05
Black Round Rotten,black_round_rotten_IMG_20250418_154157_TIMEBURST6_4875_horizontal_flip_iter4.jpg,JPG,1315x1315,24,Xiaomi,2312DRAABI,72,f/0.0,60,Daylight,16,29-05-2025 10:05
Black Round Rotten,black_round_rotten_IMG_20250418_154157_TIMEBURST5_5229_horizontal_flip_iter5.jpg,JPG,1458x1458,24,Xiaomi,2312DRAABI,72,f/0.0,60,Daylight,16,29-05-2025 10:05
Black Round Rotten,black_round_rotten_IMG_20250418_154157_TIMEBURST4_4941_rotate_iter5.jpg,JPG,1385x1385,24,Xiaomi,2312DRAABI,72,f/0.0,60,Daylight,16,29-05-2025 10:05
Black Round Rotten,black_round_rotten_IMG_20250418_154157_TIMEBURST3_4949_rgb_shift_iter5.jpg,JPG,1455x1455,24,Xiaomi,2312DRAABI,72,f/0.0,60,Daylight,16,29-05-2025 10:05
Black Round Rotten,black_round_rotten_IMG_20250418_154157_TIMEBURST6_4875_brightness_contrast_iter4.jpg,JPG,1315x1315,24,Xiaomi,2312DRAABI,72,f/0.0,63,Daylight,16,29-05-2025 10:05
Black Round Rotten,black_round_rotten_IMG_20250418_154157_TIMEBURST4_4941_horizontal_flip_iter5.jpg,JPG,1385x1385,24,Xiaomi,2312DRAABI,72,f/0.0,65,Daylight,16,29-05-2025 10:05
Black Round Rotten,black_round_rotten_IMG_20250418_154157_TIMEBURST5_5229_brightness_contrast_iter5.jpg,JPG,1458x1458,24,Xiaomi,2312DRAABI,72,f/0.0,65,Daylight,16,29-05-2025 10:05
Black Round Rotten,black_round_rotten_IMG_20250418_154157_TIMEBURST6_4875_gamma_iter4.jpg,JPG,1315x1315,24,Xiaomi,2312DRAABI,72,f/0.0,67,Daylight,16,29-05-2025 10:05
Black Round Rotten,black_round_rotten_IMG_20250418_154157_TIMEBURST4_4941_brightness_contrast_iter5.jpg,JPG,1385x1385,24,Xiaomi,2312DRAABI,72,f/0.0,75,Daylight,16,29-05-2025 10:05
Black Round Rotten,black_round_rotten_IMG_20250418_154157_TIMEBURST5_5229_gamma_iter5.jpg,JPG,1458x1458,24,Xiaomi,2312DRAABI,72,f/0.0,60,Daylight,16,29-05-2025 10:05
Black Round Rotten,black_round_rotten_IMG_20250418_154157_TIMEBURST4_4941_gamma_iter5.jpg,JPG,1385x1385,24,Xiaomi,2312DRAABI,72,f/0.0,67,Daylight,16,29-05-2025 10:05
Black Round Rotten,black_round_rotten_IMG_20250418_154157_TIMEBURST6_4875_rgb_shift_iter4.jpg,JPG,1315x1315,24,Xiaomi,2312DRAABI,72,f/0.0,72,Daylight,16,29-05-2025 10:05
Black Round Rotten,black_round_rotten_IMG_20250418_154157_TIMEBURST5_5229_rgb_shift_iter5.jpg,JPG,1458x1458,24,Xiaomi,2312DRAABI,72,f/0.0,69,Daylight,16,29-05-2025 10:05
Black Round Rotten,black_round_rotten_IMG_20250418_154157_TIMEBURST6_4875_rotate_iter5.jpg,JPG,1315x1315,24,Xiaomi,2312DRAABI,72,f/0.0,69,Daylight,16,29-05-2025 10:05
Black Round Rotten,black_round_rotten_IMG_20250418_154157_TIMEBURST4_4941_rgb_shift_iter5.jpg,JPG,1385x1385,24,Xiaomi,2312DRAABI,72,f/0.0,67,Daylight,16,29-05-2025 10:05
Black Round Rotten,black_round_rotten_IMG_20250418_154157_TIMEBURST6_4875_horizontal_flip_iter5.jpg,JPG,1315x1315,24,Xiaomi,2312DRAABI,72,f/0.0,69,Daylight,16,29-05-2025 10:05
Black Round Rotten,black_round_rotten_IMG_20250418_154157_TIMEBURST6_4875_brightness_contrast_iter5.jpg,JPG,1315x1315,24,Xiaomi,2312DRAABI,72,f/0.0,69,Daylight,16,29-05-2025 10:05
Black Round Rotten,black_round_rotten_IMG_20250418_154157_TIMEBURST6_4875_gamma_iter5.jpg,JPG,1315x1315,24,Xiaomi,2312DRAABI,72,f/0.0,69,Daylight,16,29-05-2025 10:05
Black Round Rotten,black_round_rotten_IMG_20250418_154157_TIMEBURST6_4875_rgb_shift_iter5.jpg,JPG,1315x1315,24,Xiaomi,2312DRAABI,72,f/0.0,69,Daylight,16,29-05-2025 10:05
Black Round Rotten,black_round_rotten_IMG_20250418_154157_TIMEBURST8_4590_rotate_iter1.jpg,JPG,1535x1535,24,Xiaomi,2312DRAABI,72,f/0.0,69,Daylight,16,29-05-2025 10:05
Black Round Rotten,black_round_rotten_IMG_20250418_154157_TIMEBURST8_4590_horizontal_flip_iter1.jpg,JPG,1535x1535,24,Xiaomi,2312DRAABI,72,f/0.0,72,Daylight,16,29-05-2025 10:05
Black Round Rotten,black_round_rotten_IMG_20250418_154157_TIMEBURST8_4590_brightness_contrast_iter1.jpg,JPG,1535x1535,24,Xiaomi,2312DRAABI,72,f/0.0,69,Daylight,16,29-05-2025 10:05
Black Round Rotten,black_round_rotten_IMG_20250418_154157_TIMEBURST7_4865_rotate_iter1.jpg,JPG,1535x1535,24,Xiaomi,2312DRAABI,72,f/0.0,69,Daylight,16,29-05-2025 10:05
Black Round Rotten,black_round_rotten_IMG_20250418_154157_TIMEBURST8_4590_gamma_iter1.jpg,JPG,1535x1535,24,Xiaomi,2312DRAABI,72,f/0.0,72,Daylight,16,29-05-2025 10:05
Black Round Rotten,black_round_rotten_IMG_20250418_154157_TIMEBURST7_4865_horizontal_flip_iter1.jpg,JPG,1535x1535,24,Xiaomi,2312DRAABI,72,f/0.0,72,Daylight,16,29-05-2025 10:05
Black Round Rotten,black_round_rotten_IMG_20250418_154157_TIMEBURST7_4865_brightness_contrast_iter1.jpg,JPG,1535x1535,24,Xiaomi,2312DRAABI,72,f/0.0,75,Daylight,16,29-05-2025 10:05
Black Round Rotten,black_round_rotten_IMG_20250418_154157_TIMEBURST8_4590_rgb_shift_iter1.jpg,JPG,1535x1535,24,Xiaomi,2312DRAABI,72,f/0.0,74,Daylight,16,29-05-2025 10:05
Black Round Rotten,black_round_rotten_IMG_20250418_154157_TIMEBURST10_4645_rotate_iter1.jpg,JPG,1590x1590,24,Xiaomi,2312DRAABI,72,f/0.0,75,Daylight,16,29-05-2025 10:05
Black Round Rotten,black_round_rotten_IMG_20250418_154157_TIMEBURST7_4865_gamma_iter1.jpg,JPG,1535x1535,24,Xiaomi,2312DRAABI,72,f/0.0,77,Daylight,16,29-05-2025 10:05
Black Round Rotten,black_round_rotten_IMG_20250418_154157_TIMEBURST8_4590_rotate_iter2.jpg,JPG,1535x1535,24,Xiaomi,2312DRAABI,72,f/0.0,75,Daylight,16,29-05-2025 10:05
Black Round Rotten,black_round_rotten_IMG_20250418_154157_TIMEBURST10_4645_horizontal_flip_iter1.jpg,JPG,1590x1590,24,Xiaomi,2312DRAABI,72,f/0.0,81,Daylight,16,29-05-2025 10:05
Black Round Rotten,black_round_rotten_IMG_20250418_154157_TIMEBURST8_4590_horizontal_flip_iter2.jpg,JPG,1535x1535,24,Xiaomi,2312DRAABI,72,f/0.0,71,Daylight,16,29-05-2025 10:05
Black Round Rotten,black_round_rotten_IMG_20250418_154157_TIMEBURST10_4645_brightness_contrast_iter1.jpg,JPG,1590x1590,24,Xiaomi,2312DRAABI,72,f/0.0,85,Daylight,16,29-05-2025 10:05
Black Round Rotten,black_round_rotten_IMG_20250418_154157_TIMEBURST7_4865_rgb_shift_iter1.jpg,JPG,1535x1535,24,Xiaomi,2312DRAABI,72,f/0.0,85,Daylight,16,29-05-2025 10:05
Black Round Rotten,black_round_rotten_IMG_20250418_154157_TIMEBURST7_4865_rotate_iter2.jpg,JPG,1535x1535,24,Xiaomi,2312DRAABI,72,f/0.0,85,Daylight,16,29-05-2025 10:05
Black Round Rotten,black_round_rotten_IMG_20250418_154157_TIMEBURST8_4590_brightness_contrast_iter2.jpg,JPG,1535x1535,24,Xiaomi,2312DRAABI,72,f/0.0,84,Daylight,16,29-05-2025 10:05
Black Round Rotten,black_round_rotten_IMG_20250418_154157_TIMEBURST10_4645_gamma_iter1.jpg,JPG,1590x1590,24,Xiaomi,2312DRAABI,72,f/0.0,85,Daylight,16,29-05-2025 10:05
Black Round Rotten,black_round_rotten_IMG_20250418_154157_TIMEBURST8_4590_gamma_iter2.jpg,JPG,1535x1535,24,Xiaomi,2312DRAABI,72,f/0.0,85,Daylight,16,29-05-2025 10:05
Black Round Rotten,black_round_rotten_IMG_20250418_154157_TIMEBURST9_5111_rotate_iter1.jpg,JPG,1535x1535,24,Xiaomi,2312DRAABI,72,f/0.0,85,Daylight,16,29-05-2025 10:05
Black Round Rotten,black_round_rotten_IMG_20250418_154157_TIMEBURST7_4865_horizontal_flip_iter2.jpg,JPG,1535x1535,24,Xiaomi,2312DRAABI,72,f/0.0,85,Daylight,16,29-05-2025 10:05
Black Round Rotten,black_round_rotten_IMG_20250418_154157_TIMEBURST10_4645_rgb_shift_iter1.jpg,JPG,1590x1590,24,Xiaomi,2312DRAABI,72,f/0.0,89,Daylight,16,29-05-2025 10:05
Black Round Rotten,black_round_rotten_IMG_20250418_154157_TIMEBURST9_5111_horizontal_flip_iter1.jpg,JPG,1535x1535,24,Xiaomi,2312DRAABI,72,f/0.0,85,Daylight,16,29-05-2025 10:05
Black Round Rotten,black_round_rotten_IMG_20250418_154157_TIMEBURST7_4865_brightness_contrast_iter2.jpg,JPG,1535x1535,24,Xiaomi,2312DRAABI,72,f/0.0,89,Daylight,16,29-05-2025 10:05
Black Round Rotten,black_round_rotten_IMG_20250418_154157_TIMEBURST8_4590_rgb_shift_iter2.jpg,JPG,1535x1535,24,Xiaomi,2312DRAABI,72,f/0.0,89,Daylight,16,29-05-2025 10:05
Black Round Rotten,black_round_rotten_IMG_20250418_154157_TIMEBURST10_4645_rotate_iter2.jpg,JPG,1590x1590,24,Xiaomi,2312DRAABI,72,f/0.0,86,Daylight,16,29-05-2025 10:05
Black Round Rotten,black_round_rotten_IMG_20250418_154157_TIMEBURST7_4865_gamma_iter2.jpg,JPG,1535x1535,24,Xiaomi,2312DRAABI,72,f/0.0,94,Daylight,16,29-05-2025 10:05
Black Round Rotten,black_round_rotten_IMG_20250418_154157_TIMEBURST9_5111_brightness_contrast_iter1.jpg,JPG,1535x1535,24,Xiaomi,2312DRAABI,72,f/0.0,86,Daylight,16,29-05-2025 10:05
Black Round Rotten,black_round_rotten_IMG_20250418_154157_TIMEBURST10_4645_horizontal_flip_iter2.jpg,JPG,1590x1590,24,Xiaomi,2312DRAABI,72,f/0.0,150,Daylight,16,29-05-2025 10:05
Black Round Rotten,black_round_rotten_IMG_20250418_154157_TIMEBURST8_4590_rotate_iter3.jpg,JPG,1535x1535,24,Xiaomi,2312DRAABI,72,f/0.0,86,Daylight,16,29-05-2025 10:05
Black Round Rotten,black_round_rotten_IMG_20250418_154157_TIMEBURST9_5111_gamma_iter1.jpg,JPG,1535x1535,24,Xiaomi,2312DRAABI,72,f/0.0,150,Daylight,16,29-05-2025 10:05
Black Round Rotten,black_round_rotten_IMG_20250418_154157_TIMEBURST8_4590_horizontal_flip_iter3.jpg,JPG,1535x1535,24,Xiaomi,2312DRAABI,72,f/0.0,86,Daylight,16,29-05-2025 10:05
Black Round Rotten,black_round_rotten_IMG_20250418_154157_TIMEBURST10_4645_brightness_contrast_iter2.jpg,JPG,1590x1590,24,Xiaomi,2312DRAABI,72,f/0.0,150,Daylight,16,29-05-2025 10:05
Black Round Rotten,black_round_rotten_IMG_20250418_154157_TIMEBURST7_4865_rgb_shift_iter2.jpg,JPG,1535x1535,24,Xiaomi,2312DRAABI,72,f/0.0,79,Daylight,16,29-05-2025 10:05
Black Round Rotten,black_round_rotten_IMG_20250418_154157_TIMEBURST8_4590_brightness_contrast_iter3.jpg,JPG,1535x1535,24,Xiaomi,2312DRAABI,72,f/0.0,79,Daylight,16,29-05-2025 10:05
Black Round Rotten,black_round_rotten_IMG_20250418_154157_TIMEBURST10_4645_gamma_iter2.jpg,JPG,1590x1590,24,Xiaomi,2312DRAABI,72,f/0.0,79,Daylight,16,29-05-2025 10:05
Black Round Rotten,black_round_rotten_IMG_20250418_154157_TIMEBURST9_5111_rgb_shift_iter1.jpg,JPG,1535x1535,24,Xiaomi,2312DRAABI,72,f/0.0,150,Daylight,16,29-05-2025 10:05
Black Round Rotten,black_round_rotten_IMG_20250418_154157_TIMEBURST7_4865_rotate_iter3.jpg,JPG,1535x1535,24,Xiaomi,2312DRAABI,72,f/0.0,79,Daylight,16,29-05-2025 10:05
Black Round Rotten,black_round_rotten_IMG_20250418_154157_TIMEBURST8_4590_gamma_iter3.jpg,JPG,1535x1535,24,Xiaomi,2312DRAABI,72,f/0.0,79,Daylight,16,29-05-2025 10:05
Black Round Rotten,black_round_rotten_IMG_20250418_154157_TIMEBURST7_4865_horizontal_flip_iter3.jpg,JPG,1535x1535,24,Xiaomi,2312DRAABI,72,f/0.0,79,Daylight,16,29-05-2025 10:05
Black Round Rotten,black_round_rotten_IMG_20250418_154157_TIMEBURST9_5111_rotate_iter2.jpg,JPG,1535x1535,24,Xiaomi,2312DRAABI,72,f/0.0,88,Daylight,16,29-05-2025 10:05
Black Round Rotten,black_round_rotten_IMG_20250418_154157_TIMEBURST10_4645_rgb_shift_iter2.jpg,JPG,1590x1590,24,Xiaomi,2312DRAABI,72,f/0.0,85,Daylight,16,29-05-2025 10:05
Black Round Rotten,black_round_rotten_IMG_20250418_154157_TIMEBURST7_4865_brightness_contrast_iter3.jpg,JPG,1535x1535,24,Xiaomi,2312DRAABI,72,f/0.0,87,Daylight,16,29-05-2025 10:05
Black Round Rotten,black_round_rotten_IMG_20250418_154157_TIMEBURST9_5111_horizontal_flip_iter2.jpg,JPG,1535x1535,24,Xiaomi,2312DRAABI,72,f/0.0,88,Daylight,16,29-05-2025 10:05
Black Round Rotten,black_round_rotten_IMG_20250418_154157_TIMEBURST8_4590_rgb_shift_iter3.jpg,JPG,1535x1535,24,Xiaomi,2312DRAABI,72,f/0.0,79,Daylight,16,29-05-2025 10:05
Black Round Rotten,black_round_rotten_IMG_20250418_154157_TIMEBURST10_4645_rotate_iter3.jpg,JPG,1590x1590,24,Xiaomi,2312DRAABI,72,f/0.0,81,Daylight,16,29-05-2025 10:05
Black Round Rotten,black_round_rotten_IMG_20250418_154157_TIMEBURST9_5111_brightness_contrast_iter2.jpg,JPG,1535x1535,24,Xiaomi,2312DRAABI,72,f/0.0,81,Daylight,16,29-05-2025 10:05
Black Round Rotten,black_round_rotten_IMG_20250418_154157_TIMEBURST7_4865_gamma_iter3.jpg,JPG,1535x1535,24,Xiaomi,2312DRAABI,72,f/0.0,96,Daylight,16,29-05-2025 10:05
Black Round Rotten,black_round_rotten_IMG_20250418_154157_TIMEBURST8_4590_rotate_iter4.jpg,JPG,1535x1535,24,Xiaomi,2312DRAABI,72,f/0.0,81,Daylight,16,29-05-2025 10:05
Black Round Rotten,black_round_rotten_IMG_20250418_154157_TIMEBURST10_4645_horizontal_flip_iter3.jpg,JPG,1590x1590,24,Xiaomi,2312DRAABI,72,f/0.0,132,Daylight,16,29-05-2025 10:05
Black Round Rotten,black_round_rotten_IMG_20250418_154157_TIMEBURST8_4590_horizontal_flip_iter4.jpg,JPG,1535x1535,24,Xiaomi,2312DRAABI,72,f/0.0,116,Daylight,16,29-05-2025 10:05
Black Round Rotten,black_round_rotten_IMG_20250418_154157_TIMEBURST9_5111_gamma_iter2.jpg,JPG,1535x1535,24,Xiaomi,2312DRAABI,72,f/0.0,116,Daylight,16,29-05-2025 10:05
Black Round Rotten,black_round_rotten_IMG_20250418_154157_TIMEBURST10_4645_brightness_contrast_iter3.jpg,JPG,1590x1590,24,Xiaomi,2312DRAABI,72,f/0.0,116,Daylight,16,29-05-2025 10:05
Black Round Rotten,black_round_rotten_IMG_20250418_154157_TIMEBURST7_4865_rgb_shift_iter3.jpg,JPG,1535x1535,24,Xiaomi,2312DRAABI,72,f/0.0,81,Daylight,16,29-05-2025 10:05
Black Round Rotten,black_round_rotten_IMG_20250418_154157_TIMEBURST8_4590_brightness_contrast_iter4.jpg,JPG,1535x1535,24,Xiaomi,2312DRAABI,72,f/0.0,116,Daylight,16,29-05-2025 10:05
Black Round Rotten,black_round_rotten_IMG_20250418_154157_TIMEBURST10_4645_gamma_iter3.jpg,JPG,1590x1590,24,Xiaomi,2312DRAABI,72,f/0.0,116,Daylight,16,29-05-2025 10:05
Black Round Rotten,black_round_rotten_IMG_20250418_154157_TIMEBURST7_4865_rotate_iter4.jpg,JPG,1535x1535,24,Xiaomi,2312DRAABI,72,f/0.0,116,Daylight,16,29-05-2025 10:05
Black Round Rotten,black_round_rotten_IMG_20250418_154157_TIMEBURST9_5111_rgb_shift_iter2.jpg,JPG,1535x1535,24,Xiaomi,2312DRAABI,72,f/0.0,116,Daylight,16,29-05-2025 10:05
Black Round Rotten,black_round_rotten_IMG_20250418_154157_TIMEBURST8_4590_gamma_iter4.jpg,JPG,1535x1535,24,Xiaomi,2312DRAABI,72,f/0.0,116,Daylight,16,29-05-2025 10:05
Black Round Rotten,black_round_rotten_IMG_20250418_154157_TIMEBURST7_4865_horizontal_flip_iter4.jpg,JPG,1535x1535,24,Xiaomi,2312DRAABI,72,f/0.0,116,Daylight,16,29-05-2025 10:05
Black Round Rotten,black_round_rotten_IMG_20250418_154157_TIMEBURST9_5111_rotate_iter3.jpg,JPG,1535x1535,24,Xiaomi,2312DRAABI,72,f/0.0,116,Daylight,16,29-05-2025 10:05
Black Round Rotten,black_round_rotten_IMG_20250418_154157_TIMEBURST10_4645_rgb_shift_iter3.jpg,JPG,1590x1590,24,Xiaomi,2312DRAABI,72,f/0.0,116,Daylight,16,29-05-2025 10:05
Black Round Rotten,black_round_rotten_IMG_20250418_154157_TIMEBURST7_4865_brightness_contrast_iter4.jpg,JPG,1535x1535,24,Xiaomi,2312DRAABI,72,f/0.0,89,Daylight,16,29-05-2025 10:05
Black Round Rotten,black_round_rotten_IMG_20250418_154157_TIMEBURST9_5111_horizontal_flip_iter3.jpg,JPG,1535x1535,24,Xiaomi,2312DRAABI,72,f/0.0,116,Daylight,16,29-05-2025 10:05
Black Round Rotten,black_round_rotten_IMG_20250418_154157_TIMEBURST8_4590_rgb_shift_iter4.jpg,JPG,1535x1535,24,Xiaomi,2312DRAABI,72,f/0.0,116,Daylight,16,29-05-2025 10:05
Black Round Rotten,black_round_rotten_IMG_20250418_154157_TIMEBURST10_4645_rotate_iter4.jpg,JPG,1590x1590,24,Xiaomi,2312DRAABI,72,f/0.0,143,Daylight,16,29-05-2025 10:05
Black Round Rotten,black_round_rotten_IMG_20250418_154157_TIMEBURST7_4865_gamma_iter4.jpg,JPG,1535x1535,24,Xiaomi,2312DRAABI,72,f/0.0,85,Daylight,16,29-05-2025 10:05
Black Round Rotten,black_round_rotten_IMG_20250418_154157_TIMEBURST9_5111_brightness_contrast_iter3.jpg,JPG,1535x1535,24,Xiaomi,2312DRAABI,72,f/0.0,81,Daylight,16,29-05-2025 10:05
Black Round Rotten,black_round_rotten_IMG_20250418_154157_TIMEBURST8_4590_rotate_iter5.jpg,JPG,1535x1535,24,Xiaomi,2312DRAABI,72,f/0.0,81,Daylight,16,29-05-2025 10:05
Black Round Rotten,black_round_rotten_IMG_20250418_154157_TIMEBURST10_4645_horizontal_flip_iter4.jpg,JPG,1590x1590,24,Xiaomi,2312DRAABI,72,f/0.0,85,Daylight,16,29-05-2025 10:05
Black Round Rotten,black_round_rotten_IMG_20250418_154157_TIMEBURST8_4590_horizontal_flip_iter5.jpg,JPG,1535x1535,24,Xiaomi,2312DRAABI,72,f/0.0,50,Daylight,16,29-05-2025 10:05
Black Round Rotten,black_round_rotten_IMG_20250418_154157_TIMEBURST9_5111_gamma_iter3.jpg,JPG,1535x1535,24,Xiaomi,2312DRAABI,72,f/0.0,50,Daylight,16,29-05-2025 10:05
Black Round Rotten,black_round_rotten_IMG_20250418_154157_TIMEBURST10_4645_brightness_contrast_iter4.jpg,JPG,1590x1590,24,Xiaomi,2312DRAABI,72,f/0.0,50,Daylight,16,29-05-2025 10:05
Black Round Rotten,black_round_rotten_IMG_20250418_154157_TIMEBURST8_4590_brightness_contrast_iter5.jpg,JPG,1535x1535,24,Xiaomi,2312DRAABI,72,f/0.0,50,Daylight,16,29-05-2025 10:05
Black Round Rotten,black_round_rotten_IMG_20250418_154157_TIMEBURST7_4865_rgb_shift_iter4.jpg,JPG,1535x1535,24,Xiaomi,2312DRAABI,72,f/0.0,50,Daylight,16,29-05-2025 10:05
Black Round Rotten,black_round_rotten_IMG_20250418_154157_TIMEBURST8_4590_gamma_iter5.jpg,JPG,1535x1535,24,Xiaomi,2312DRAABI,72,f/0.0,50,Daylight,16,29-05-2025 10:05
Black Round Rotten,black_round_rotten_IMG_20250418_154157_TIMEBURST7_4865_horizontal_flip_iter5.jpg,JPG,1535x1535,24,Xiaomi,2312DRAABI,72,f/0.0,52,Daylight,16,29-05-2025 10:05
Black Round Rotten,black_round_rotten_IMG_20250418_154157_TIMEBURST10_4645_gamma_iter4.jpg,JPG,1590x1590,24,Xiaomi,2312DRAABI,72,f/0.0,50,Daylight,16,29-05-2025 10:05
Black Round Rotten,black_round_rotten_IMG_20250418_154157_TIMEBURST7_4865_rotate_iter5.jpg,JPG,1535x1535,24,Xiaomi,2312DRAABI,72,f/0.0,57,Daylight,16,29-05-2025 10:05
Black Round Rotten,black_round_rotten_IMG_20250418_154157_TIMEBURST9_5111_rgb_shift_iter3.jpg,JPG,1535x1535,24,Xiaomi,2312DRAABI,72,f/0.0,54,Daylight,16,29-05-2025 10:05
Black Round Rotten,black_round_rotten_IMG_20250418_154157_TIMEBURST9_5111_rotate_iter4.jpg,JPG,1535x1535,24,Xiaomi,2312DRAABI,72,f/0.0,54,Daylight,16,29-05-2025 10:05
Black Round Rotten,black_round_rotten_IMG_20250418_154157_TIMEBURST8_4590_rgb_shift_iter5.jpg,JPG,1535x1535,24,Xiaomi,2312DRAABI,72,f/0.0,57,Daylight,16,29-05-2025 10:05
Black Round Rotten,black_round_rotten_IMG_20250418_154157_TIMEBURST10_4645_rgb_shift_iter4.jpg,JPG,1590x1590,24,Xiaomi,2312DRAABI,72,f/0.0,56,Daylight,16,29-05-2025 10:05
Black Round Rotten,black_round_rotten_IMG_20250418_154157_TIMEBURST7_4865_brightness_contrast_iter5.jpg,JPG,1535x1535,24,Xiaomi,2312DRAABI,72,f/0.0,56,Daylight,16,29-05-2025 10:05
Black Round Rotten,black_round_rotten_IMG_20250418_154157_TIMEBURST9_5111_horizontal_flip_iter4.jpg,JPG,1535x1535,24,Xiaomi,2312DRAABI,72,f/0.0,56,Daylight,16,29-05-2025 10:05
Black Round Rotten,black_round_rotten_IMG_20250418_154157_TIMEBURST10_4645_rotate_iter5.jpg,JPG,1590x1590,24,Xiaomi,2312DRAABI,72,f/0.0,57,Daylight,16,29-05-2025 10:05
Black Round Rotten,black_round_rotten_IMG_20250418_154157_TIMEBURST7_4865_gamma_iter5.jpg,JPG,1535x1535,24,Xiaomi,2312DRAABI,72,f/0.0,50,Daylight,16,29-05-2025 10:05
Black Round Rotten,black_round_rotten_IMG_20250418_154157_TIMEBURST9_5111_brightness_contrast_iter4.jpg,JPG,1535x1535,24,Xiaomi,2312DRAABI,72,f/0.0,53,Daylight,16,29-05-2025 10:05
Black Round Rotten,black_round_rotten_IMG_20250418_154157_TIMEBURST10_4645_horizontal_flip_iter5.jpg,JPG,1590x1590,24,Xiaomi,2312DRAABI,72,f/0.0,57,Daylight,16,29-05-2025 10:05
Black Round Rotten,black_round_rotten_IMG_20250418_154157_TIMEBURST9_5111_gamma_iter4.jpg,JPG,1535x1535,24,Xiaomi,2312DRAABI,72,f/0.0,52,Daylight,16,29-05-2025 10:05
Black Round Rotten,black_round_rotten_IMG_20250418_154157_TIMEBURST10_4645_brightness_contrast_iter5.jpg,JPG,1590x1590,24,Xiaomi,2312DRAABI,72,f/0.0,57,Daylight,16,29-05-2025 10:05
Black Round Rotten,black_round_rotten_IMG_20250418_154157_TIMEBURST7_4865_rgb_shift_iter5.jpg,JPG,1535x1535,24,Xiaomi,2312DRAABI,72,f/0.0,57,Daylight,16,29-05-2025 10:05
Black Round Rotten,black_round_rotten_IMG_20250418_154157_TIMEBURST10_4645_gamma_iter5.jpg,JPG,1590x1590,24,Xiaomi,2312DRAABI,72,f/0.0,52,Daylight,16,29-05-2025 10:05
Black Round Rotten,black_round_rotten_IMG_20250418_154157_TIMEBURST9_5111_rgb_shift_iter4.jpg,JPG,1535x1535,24,Xiaomi,2312DRAABI,72,f/0.0,61,Daylight,16,29-05-2025 10:05
Black Round Rotten,black_round_rotten_IMG_20250418_154157_TIMEBURST9_5111_rotate_iter5.jpg,JPG,1535x1535,24,Xiaomi,2312DRAABI,72,f/0.0,61,Daylight,16,29-05-2025 10:05
Black Round Rotten,black_round_rotten_IMG_20250418_154157_TIMEBURST10_4645_rgb_shift_iter5.jpg,JPG,1590x1590,24,Xiaomi,2312DRAABI,72,f/0.0,60,Daylight,16,29-05-2025 10:05
Black Round Rotten,black_round_rotten_IMG_20250418_154157_TIMEBURST9_5111_horizontal_flip_iter5.jpg,JPG,1535x1535,24,Xiaomi,2312DRAABI,72,f/0.0,60,Daylight,16,29-05-2025 10:05
Black Round Rotten,black_round_rotten_IMG_20250418_154157_TIMEBURST9_5111_brightness_contrast_iter5.jpg,JPG,1535x1535,24,Xiaomi,2312DRAABI,72,f/0.0,59,Daylight,16,29-05-2025 10:05
Black Round Rotten,black_round_rotten_IMG_20250418_154157_TIMEBURST9_5111_gamma_iter5.jpg,JPG,1535x1535,24,Xiaomi,2312DRAABI,72,f/0.0,60,Daylight,16,29-05-2025 10:05
Black Round Rotten,black_round_rotten_IMG_20250418_154157_TIMEBURST9_5111_rgb_shift_iter5.jpg,JPG,1535x1535,24,Xiaomi,2312DRAABI,72,f/0.0,60,Daylight,16,29-05-2025 10:05
Black Round Rotten,black_round_rotten_IMG_20250418_154157_TIMEBURST11_4593_rotate_iter1.jpg,JPG,1702x1702,24,Xiaomi,2312DRAABI,72,f/0.0,61,Daylight,16,29-05-2025 10:05
Black Round Rotten,black_round_rotten_IMG_20250418_154157_TIMEBURST11_4593_horizontal_flip_iter1.jpg,JPG,1702x1702,24,Xiaomi,2312DRAABI,72,f/0.0,60,Daylight,16,29-05-2025 10:05
Black Round Rotten,black_round_rotten_IMG_20250418_154157_TIMEBURST14_4614_rotate_iter1.jpg,JPG,1535x1535,24,Xiaomi,2312DRAABI,72,f/0.0,60,Daylight,16,29-05-2025 10:05
Black Round Rotten,black_round_rotten_IMG_20250418_154157_TIMEBURST11_4593_brightness_contrast_iter1.jpg,JPG,1702x1702,24,Xiaomi,2312DRAABI,72,f/0.0,60,Daylight,16,29-05-2025 10:05
Black Round Rotten,black_round_rotten_IMG_20250418_154157_TIMEBURST12_4736_rotate_iter1.jpg,JPG,1458x1458,24,Xiaomi,2312DRAABI,72,f/0.0,60,Daylight,16,29-05-2025 10:05
Black Round Rotten,black_round_rotten_IMG_20250418_154157_TIMEBURST14_4614_horizontal_flip_iter1.jpg,JPG,1535x1535,24,Xiaomi,2312DRAABI,72,f/0.0,63,Daylight,16,29-05-2025 10:05
Black Round Rotten,black_round_rotten_IMG_20250418_154157_TIMEBURST11_4593_gamma_iter1.jpg,JPG,1702x1702,24,Xiaomi,2312DRAABI,72,f/0.0,65,Daylight,16,29-05-2025 10:05
Black Round Rotten,black_round_rotten_IMG_20250418_154157_TIMEBURST12_4736_horizontal_flip_iter1.jpg,JPG,1458x1458,24,Xiaomi,2312DRAABI,72,f/0.0,65,Daylight,16,29-05-2025 10:05
Black Round Rotten,black_round_rotten_IMG_20250418_154157_TIMEBURST14_4614_brightness_contrast_iter1.jpg,JPG,1535x1535,24,Xiaomi,2312DRAABI,72,f/0.0,67,Daylight,16,29-05-2025 10:05
Black Round Rotten,black_round_rotten_IMG_20250418_154157_TIMEBURST13_5313_rotate_iter1.jpg,JPG,1792x1792,24,Xiaomi,2312DRAABI,72,f/0.0,75,Daylight,16,29-05-2025 10:05
Black Round Rotten,black_round_rotten_IMG_20250418_154157_TIMEBURST12_4736_brightness_contrast_iter1.jpg,JPG,1458x1458,24,Xiaomi,2312DRAABI,72,f/0.0,60,Daylight,16,29-05-2025 10:05
Black Round Rotten,black_round_rotten_IMG_20250418_154157_TIMEBURST11_4593_rgb_shift_iter1.jpg,JPG,1702x1702,24,Xiaomi,2312DRAABI,72,f/0.0,67,Daylight,16,29-05-2025 10:05
Black Round Rotten,black_round_rotten_IMG_20250418_154157_TIMEBURST14_4614_gamma_iter1.jpg,JPG,1535x1535,24,Xiaomi,2312DRAABI,72,f/0.0,72,Daylight,16,29-05-2025 10:05
Black Round Rotten,black_round_rotten_IMG_20250418_154157_TIMEBURST12_4736_gamma_iter1.jpg,JPG,1458x1458,24,Xiaomi,2312DRAABI,72,f/0.0,69,Daylight,16,29-05-2025 10:05
Black Round Rotten,black_round_rotten_IMG_20250418_154157_TIMEBURST13_5313_horizontal_flip_iter1.jpg,JPG,1792x1792,24,Xiaomi,2312DRAABI,72,f/0.0,69,Daylight,16,29-05-2025 10:05
Black Round Rotten,black_round_rotten_IMG_20250418_154157_TIMEBURST11_4593_rotate_iter2.jpg,JPG,1702x1702,24,Xiaomi,2312DRAABI,72,f/0.0,67,Daylight,16,29-05-2025 10:05
Black Round Rotten,black_round_rotten_IMG_20250418_154157_TIMEBURST14_4614_rgb_shift_iter1.jpg,JPG,1535x1535,24,Xiaomi,2312DRAABI,72,f/0.0,69,Daylight,16,29-05-2025 10:05
Black Round Rotten,black_round_rotten_IMG_20250418_154157_TIMEBURST11_4593_brightness_contrast_iter2.jpg,JPG,1702x1702,24,Xiaomi,2312DRAABI,72,f/0.0,69,Daylight,16,29-05-2025 10:05
Black Round Rotten,black_round_rotten_IMG_20250418_154157_TIMEBURST12_4736_rgb_shift_iter1.jpg,JPG,1458x1458,24,Xiaomi,2312DRAABI,72,f/0.0,69,Daylight,16,29-05-2025 10:05
Black Round Rotten,black_round_rotten_IMG_20250418_154157_TIMEBURST11_4593_horizontal_flip_iter2.jpg,JPG,1702x1702,24,Xiaomi,2312DRAABI,72,f/0.0,69,Daylight,16,29-05-2025 10:05
Black Round Rotten,black_round_rotten_IMG_20250418_154157_TIMEBURST13_5313_brightness_contrast_iter1.jpg,JPG,1792x1792,24,Xiaomi,2312DRAABI,72,f/0.0,69,Daylight,16,29-05-2025 10:05
Black Round Rotten,black_round_rotten_IMG_20250418_154157_TIMEBURST14_4614_rotate_iter2.jpg,JPG,1535x1535,24,Xiaomi,2312DRAABI,72,f/0.0,72,Daylight,16,29-05-2025 10:05
Black Round Rotten,black_round_rotten_IMG_20250418_154157_TIMEBURST13_5313_gamma_iter1.jpg,JPG,1792x1792,24,Xiaomi,2312DRAABI,72,f/0.0,69,Daylight,16,29-05-2025 10:05
Black Round Rotten,black_round_rotten_IMG_20250418_154157_TIMEBURST12_4736_rotate_iter2.jpg,JPG,1458x1458,24,Xiaomi,2312DRAABI,72,f/0.0,69,Daylight,16,29-05-2025 10:05
Black Round Rotten,black_round_rotten_IMG_20250418_154157_TIMEBURST11_4593_gamma_iter2.jpg,JPG,1702x1702,24,Xiaomi,2312DRAABI,72,f/0.0,72,Daylight,16,29-05-2025 10:05
Black Round Rotten,black_round_rotten_IMG_20250418_154157_TIMEBURST14_4614_horizontal_flip_iter2.jpg,JPG,1535x1535,24,Xiaomi,2312DRAABI,72,f/0.0,72,Daylight,16,29-05-2025 10:05
Black Round Rotten,black_round_rotten_IMG_20250418_154157_TIMEBURST12_4736_horizontal_flip_iter2.jpg,JPG,1458x1458,24,Xiaomi,2312DRAABI,72,f/0.0,75,Daylight,16,29-05-2025 10:05
Black Round Rotten,black_round_rotten_IMG_20250418_154157_TIMEBURST13_5313_rgb_shift_iter1.jpg,JPG,1792x1792,24,Xiaomi,2312DRAABI,72,f/0.0,74,Daylight,16,29-05-2025 10:05
Black Round Rotten,black_round_rotten_IMG_20250418_154157_TIMEBURST14_4614_brightness_contrast_iter2.jpg,JPG,1535x1535,24,Xiaomi,2312DRAABI,72,f/0.0,75,Daylight,16,29-05-2025 10:05
Black Round Rotten,black_round_rotten_IMG_20250418_154157_TIMEBURST12_4736_brightness_contrast_iter2.jpg,JPG,1458x1458,24,Xiaomi,2312DRAABI,72,f/0.0,77,Daylight,16,29-05-2025 10:05
Black Round Rotten,black_round_rotten_IMG_20250418_154157_TIMEBURST11_4593_rgb_shift_iter2.jpg,JPG,1702x1702,24,Xiaomi,2312DRAABI,72,f/0.0,75,Daylight,16,29-05-2025 10:05
Black Round Rotten,black_round_rotten_IMG_20250418_154157_TIMEBURST14_4614_gamma_iter2.jpg,JPG,1535x1535,24,Xiaomi,2312DRAABI,72,f/0.0,81,Daylight,16,29-05-2025 10:05
Black Round Rotten,black_round_rotten_IMG_20250418_154157_TIMEBURST12_4736_gamma_iter2.jpg,JPG,1458x1458,24,Xiaomi,2312DRAABI,72,f/0.0,71,Daylight,16,29-05-2025 10:05
Black Round Rotten,black_round_rotten_IMG_20250418_154157_TIMEBURST13_5313_rotate_iter2.jpg,JPG,1792x1792,24,Xiaomi,2312DRAABI,72,f/0.0,85,Daylight,16,29-05-2025 10:05
Black Round Rotten,black_round_rotten_IMG_20250418_154157_TIMEBURST11_4593_rotate_iter3.jpg,JPG,1702x1702,24,Xiaomi,2312DRAABI,72,f/0.0,85,Daylight,16,29-05-2025 10:05
Black Round Rotten,black_round_rotten_IMG_20250418_154157_TIMEBURST13_5313_horizontal_flip_iter2.jpg,JPG,1792x1792,24,Xiaomi,2312DRAABI,72,f/0.0,85,Daylight,16,29-05-2025 10:05
Black Round Rotten,black_round_rotten_IMG_20250418_154157_TIMEBURST14_4614_rgb_shift_iter2.jpg,JPG,1535x1535,24,Xiaomi,2312DRAABI,72,f/0.0,84,Daylight,16,29-05-2025 10:05
Black Round Rotten,black_round_rotten_IMG_20250418_154157_TIMEBURST12_4736_rgb_shift_iter2.jpg,JPG,1458x1458,24,Xiaomi,2312DRAABI,72,f/0.0,85,Daylight,16,29-05-2025 10:05
Black Round Rotten,black_round_rotten_IMG_20250418_154157_TIMEBURST13_5313_brightness_contrast_iter2.jpg,JPG,1792x1792,24,Xiaomi,2312DRAABI,72,f/0.0,85,Daylight,16,29-05-2025 10:05
Black Round Rotten,black_round_rotten_IMG_20250418_154157_TIMEBURST11_4593_horizontal_flip_iter3.jpg,JPG,1702x1702,24,Xiaomi,2312DRAABI,72,f/0.0,85,Daylight,16,29-05-2025 10:05
Black Round Rotten,black_round_rotten_IMG_20250418_154157_TIMEBURST14_4614_rotate_iter3.jpg,JPG,1535x1535,24,Xiaomi,2312DRAABI,72,f/0.0,85,Daylight,16,29-05-2025 10:05
Black Round Rotten,black_round_rotten_IMG_20250418_154157_TIMEBURST12_4736_rotate_iter3.jpg,JPG,1458x1458,24,Xiaomi,2312DRAABI,72,f/0.0,89,Daylight,16,29-05-2025 10:05
Black Round Rotten,black_round_rotten_IMG_20250418_154157_TIMEBURST14_4614_horizontal_flip_iter3.jpg,JPG,1535x1535,24,Xiaomi,2312DRAABI,72,f/0.0,85,Daylight,16,29-05-2025 10:05
Black Round Rotten,black_round_rotten_IMG_20250418_154157_TIMEBURST11_4593_brightness_contrast_iter3.jpg,JPG,1702x1702,24,Xiaomi,2312DRAABI,72,f/0.0,89,Daylight,16,29-05-2025 10:05
Black Round Rotten,black_round_rotten_IMG_20250418_154157_TIMEBURST12_4736_horizontal_flip_iter3.jpg,JPG,1458x1458,24,Xiaomi,2312DRAABI,72,f/0.0,89,Daylight,16,29-05-2025 10:05
Black Round Rotten,black_round_rotten_IMG_20250418_154157_TIMEBURST13_5313_gamma_iter2.jpg,JPG,1792x1792,24,Xiaomi,2312DRAABI,72,f/0.0,86,Daylight,16,29-05-2025 10:05
Black Round Rotten,black_round_rotten_IMG_20250418_154157_TIMEBURST14_4614_brightness_contrast_iter3.jpg,JPG,1535x1535,24,Xiaomi,2312DRAABI,72,f/0.0,94,Daylight,16,29-05-2025 10:05
Black Round Rotten,black_round_rotten_IMG_20250418_154157_TIMEBURST12_4736_brightness_contrast_iter3.jpg,JPG,1458x1458,24,Xiaomi,2312DRAABI,72,f/0.0,86,Daylight,16,29-05-2025 10:05
Black Round Rotten,black_round_rotten_IMG_20250418_154157_TIMEBURST11_4593_gamma_iter3.jpg,JPG,1702x1702,24,Xiaomi,2312DRAABI,72,f/0.0,150,Daylight,16,29-05-2025 10:05
Black Round Rotten,black_round_rotten_IMG_20250418_154157_TIMEBURST14_4614_gamma_iter3.jpg,JPG,1535x1535,24,Xiaomi,2312DRAABI,72,f/0.0,86,Daylight,16,29-05-2025 10:05
Black Round Rotten,black_round_rotten_IMG_20250418_154157_TIMEBURST13_5313_rgb_shift_iter2.jpg,JPG,1792x1792,24,Xiaomi,2312DRAABI,72,f/0.0,150,Daylight,16,29-05-2025 10:05
Black Round Rotten,black_round_rotten_IMG_20250418_154157_TIMEBURST12_4736_gamma_iter3.jpg,JPG,1458x1458,24,Xiaomi,2312DRAABI,72,f/0.0,86,Daylight,16,29-05-2025 10:05
Black Round Rotten,black_round_rotten_IMG_20250418_154157_TIMEBURST11_4593_rgb_shift_iter3.jpg,JPG,1702x1702,24,Xiaomi,2312DRAABI,72,f/0.0,150,Daylight,16,29-05-2025 10:05
Black Round Rotten,black_round_rotten_IMG_20250418_154157_TIMEBURST14_4614_rgb_shift_iter3.jpg,JPG,1535x1535,24,Xiaomi,2312DRAABI,72,f/0.0,79,Daylight,16,29-05-2025 10:05
Black Round Rotten,black_round_rotten_IMG_20250418_154157_TIMEBURST12_4736_rgb_shift_iter3.jpg,JPG,1458x1458,24,Xiaomi,2312DRAABI,72,f/0.0,79,Daylight,16,29-05-2025 10:05
Black Round Rotten,black_round_rotten_IMG_20250418_154157_TIMEBURST13_5313_rotate_iter3.jpg,JPG,1792x1792,24,Xiaomi,2312DRAABI,72,f/0.0,79,Daylight,16,29-05-2025 10:05
Black Round Rotten,black_round_rotten_IMG_20250418_154157_TIMEBURST13_5313_horizontal_flip_iter3.jpg,JPG,1792x1792,24,Xiaomi,2312DRAABI,72,f/0.0,150,Daylight,16,29-05-2025 10:05
Black Round Rotten,black_round_rotten_IMG_20250418_154157_TIMEBURST14_4614_rotate_iter4.jpg,JPG,1535x1535,24,Xiaomi,2312DRAABI,72,f/0.0,79,Daylight,16,29-05-2025 10:05
Black Round Rotten,black_round_rotten_IMG_20250418_154157_TIMEBURST11_4593_rotate_iter4.jpg,JPG,1702x1702,24,Xiaomi,2312DRAABI,72,f/0.0,79,Daylight,16,29-05-2025 10:05
Black Round Rotten,black_round_rotten_IMG_20250418_154157_TIMEBURST12_4736_rotate_iter4.jpg,JPG,1458x1458,24,Xiaomi,2312DRAABI,72,f/0.0,79,Daylight,16,29-05-2025 10:05
Black Round Rotten,black_round_rotten_IMG_20250418_154157_TIMEBURST14_4614_horizontal_flip_iter4.jpg,JPG,1535x1535,24,Xiaomi,2312DRAABI,72,f/0.0,88,Daylight,16,29-05-2025 10:05
Black Round Rotten,black_round_rotten_IMG_20250418_154157_TIMEBURST13_5313_brightness_contrast_iter3.jpg,JPG,1792x1792,24,Xiaomi,2312DRAABI,72,f/0.0,85,Daylight,16,29-05-2025 10:05
Black Round Rotten,black_round_rotten_IMG_20250418_154157_TIMEBURST12_4736_horizontal_flip_iter4.jpg,JPG,1458x1458,24,Xiaomi,2312DRAABI,72,f/0.0,87,Daylight,16,29-05-2025 10:05
Black Round Rotten,black_round_rotten_IMG_20250418_154157_TIMEBURST11_4593_horizontal_flip_iter4.jpg,JPG,1702x1702,24,Xiaomi,2312DRAABI,72,f/0.0,88,Daylight,16,29-05-2025 10:05
Black Round Rotten,black_round_rotten_IMG_20250418_154157_TIMEBURST12_4736_brightness_contrast_iter4.jpg,JPG,1458x1458,24,Xiaomi,2312DRAABI,72,f/0.0,79,Daylight,16,29-05-2025 10:05
Black Round Rotten,black_round_rotten_IMG_20250418_154157_TIMEBURST14_4614_brightness_contrast_iter4.jpg,JPG,1535x1535,24,Xiaomi,2312DRAABI,72,f/0.0,81,Daylight,16,29-05-2025 10:05
Black Round Rotten,black_round_rotten_IMG_20250418_154157_TIMEBURST13_5313_gamma_iter3.jpg,JPG,1792x1792,24,Xiaomi,2312DRAABI,72,f/0.0,81,Daylight,16,29-05-2025 10:05
Black Round Rotten,black_round_rotten_IMG_20250418_154157_TIMEBURST11_4593_brightness_contrast_iter4.jpg,JPG,1702x1702,24,Xiaomi,2312DRAABI,72,f/0.0,96,Daylight,16,29-05-2025 10:05
Black Round Rotten,black_round_rotten_IMG_20250418_154157_TIMEBURST12_4736_gamma_iter4.jpg,JPG,1458x1458,24,Xiaomi,2312DRAABI,72,f/0.0,81,Daylight,16,29-05-2025 10:05
Black Round Rotten,black_round_rotten_IMG_20250418_154157_TIMEBURST14_4614_gamma_iter4.jpg,JPG,1535x1535,24,Xiaomi,2312DRAABI,72,f/0.0,132,Daylight,16,29-05-2025 10:05
Black Round Rotten,black_round_rotten_IMG_20250418_154157_TIMEBURST11_4593_gamma_iter4.jpg,JPG,1702x1702,24,Xiaomi,2312DRAABI,72,f/0.0,116,Daylight,16,29-05-2025 10:05
Black Round Rotten,black_round_rotten_IMG_20250418_154157_TIMEBURST13_5313_rgb_shift_iter3.jpg,JPG,1792x1792,24,Xiaomi,2312DRAABI,72,f/0.0,116,Daylight,16,29-05-2025 10:05
Black Round Rotten,black_round_rotten_IMG_20250418_154157_TIMEBURST12_4736_rgb_shift_iter4.jpg,JPG,1458x1458,24,Xiaomi,2312DRAABI,72,f/0.0,116,Daylight,16,29-05-2025 10:05
Black Round Rotten,black_round_rotten_IMG_20250418_154157_TIMEBURST14_4614_rgb_shift_iter4.jpg,JPG,1535x1535,24,Xiaomi,2312DRAABI,72,f/0.0,81,Daylight,16,29-05-2025 10:05
Black Round Rotten,black_round_rotten_IMG_20250418_154157_TIMEBURST11_4593_rgb_shift_iter4.jpg,JPG,1702x1702,24,Xiaomi,2312DRAABI,72,f/0.0,116,Daylight,16,29-05-2025 10:05
Black Round Rotten,black_round_rotten_IMG_20250418_154157_TIMEBURST13_5313_rotate_iter4.jpg,JPG,1792x1792,24,Xiaomi,2312DRAABI,72,f/0.0,116,Daylight,16,29-05-2025 10:05
Black Round Rotten,black_round_rotten_IMG_20250418_154157_TIMEBURST12_4736_rotate_iter5.jpg,JPG,1458x1458,24,Xiaomi,2312DRAABI,72,f/0.0,116,Daylight,16,29-05-2025 10:05
Black Round Rotten,black_round_rotten_IMG_20250418_154157_TIMEBURST14_4614_rotate_iter5.jpg,JPG,1535x1535,24,Xiaomi,2312DRAABI,72,f/0.0,116,Daylight,16,29-05-2025 10:05
Black Round Rotten,black_round_rotten_IMG_20250418_154157_TIMEBURST11_4593_rotate_iter5.jpg,JPG,1702x1702,24,Xiaomi,2312DRAABI,72,f/0.0,116,Daylight,16,29-05-2025 10:05
Black Round Rotten,black_round_rotten_IMG_20250418_154157_TIMEBURST13_5313_horizontal_flip_iter4.jpg,JPG,1792x1792,24,Xiaomi,2312DRAABI,72,f/0.0,116,Daylight,16,29-05-2025 10:05
Black Round Rotten,black_round_rotten_IMG_20250418_154157_TIMEBURST12_4736_horizontal_flip_iter5.jpg,JPG,1458x1458,24,Xiaomi,2312DRAABI,72,f/0.0,116,Daylight,16,29-05-2025 10:05
Black Round Rotten,black_round_rotten_IMG_20250418_154157_TIMEBURST14_4614_horizontal_flip_iter5.jpg,JPG,1535x1535,24,Xiaomi,2312DRAABI,72,f/0.0,116,Daylight,16,29-05-2025 10:05
Black Round Rotten,black_round_rotten_IMG_20250418_154157_TIMEBURST11_4593_horizontal_flip_iter5.jpg,JPG,1702x1702,24,Xiaomi,2312DRAABI,72,f/0.0,89,Daylight,16,29-05-2025 10:05
Black Round Rotten,black_round_rotten_IMG_20250418_154157_TIMEBURST13_5313_brightness_contrast_iter4.jpg,JPG,1792x1792,24,Xiaomi,2312DRAABI,72,f/0.0,116,Daylight,16,29-05-2025 10:05
Black Round Rotten,black_round_rotten_IMG_20250418_154157_TIMEBURST12_4736_brightness_contrast_iter5.jpg,JPG,1458x1458,24,Xiaomi,2312DRAABI,72,f/0.0,116,Daylight,16,29-05-2025 10:05
Black Round Rotten,black_round_rotten_IMG_20250418_154157_TIMEBURST14_4614_brightness_contrast_iter5.jpg,JPG,1535x1535,24,Xiaomi,2312DRAABI,72,f/0.0,143,Daylight,16,29-05-2025 10:05
Black Round Rotten,black_round_rotten_IMG_20250418_154157_TIMEBURST11_4593_brightness_contrast_iter5.jpg,JPG,1702x1702,24,Xiaomi,2312DRAABI,72,f/0.0,85,Daylight,16,29-05-2025 10:05
Black Round Rotten,black_round_rotten_IMG_20250418_154157_TIMEBURST13_5313_gamma_iter4.jpg,JPG,1792x1792,24,Xiaomi,2312DRAABI,72,f/0.0,81,Daylight,16,29-05-2025 10:05
Black Round Rotten,black_round_rotten_IMG_20250418_154157_TIMEBURST12_4736_gamma_iter5.jpg,JPG,1458x1458,24,Xiaomi,2312DRAABI,72,f/0.0,81,Daylight,16,29-05-2025 10:05
Black Round Rotten,black_round_rotten_IMG_20250418_154157_TIMEBURST14_4614_gamma_iter5.jpg,JPG,1535x1535,24,Xiaomi,2312DRAABI,72,f/0.0,85,Daylight,16,29-05-2025 10:05
Black Round Rotten,black_round_rotten_IMG_20250418_154157_TIMEBURST11_4593_gamma_iter5.jpg,JPG,1702x1702,24,Xiaomi,2312DRAABI,72,f/0.0,50,Daylight,16,29-05-2025 10:05
Black Round Rotten,black_round_rotten_IMG_20250418_154157_TIMEBURST12_4736_rgb_shift_iter5.jpg,JPG,1458x1458,24,Xiaomi,2312DRAABI,72,f/0.0,50,Daylight,16,29-05-2025 10:05
Black Round Rotten,black_round_rotten_IMG_20250418_154157_TIMEBURST14_4614_rgb_shift_iter5.jpg,JPG,1535x1535,24,Xiaomi,2312DRAABI,72,f/0.0,50,Daylight,16,29-05-2025 10:05
Black Round Rotten,black_round_rotten_IMG_20250418_154157_TIMEBURST13_5313_rgb_shift_iter4.jpg,JPG,1792x1792,24,Xiaomi,2312DRAABI,72,f/0.0,50,Daylight,16,29-05-2025 10:05
Black Round Rotten,black_round_rotten_IMG_20250418_154157_TIMEBURST11_4593_rgb_shift_iter5.jpg,JPG,1702x1702,24,Xiaomi,2312DRAABI,72,f/0.0,50,Daylight,16,29-05-2025 10:05
Black Round Rotten,black_round_rotten_IMG_20250418_154157_TIMEBURST13_5313_rotate_iter5.jpg,JPG,1792x1792,24,Xiaomi,2312DRAABI,72,f/0.0,50,Daylight,16,29-05-2025 10:05
Black Round Rotten,black_round_rotten_IMG_20250418_154157_TIMEBURST13_5313_horizontal_flip_iter5.jpg,JPG,1792x1792,24,Xiaomi,2312DRAABI,72,f/0.0,52,Daylight,16,29-05-2025 10:05
Black Round Rotten,black_round_rotten_IMG_20250418_154157_TIMEBURST13_5313_brightness_contrast_iter5.jpg,JPG,1792x1792,24,Xiaomi,2312DRAABI,72,f/0.0,50,Daylight,16,29-05-2025 10:05
Black Round Rotten,black_round_rotten_IMG_20250418_154157_TIMEBURST13_5313_gamma_iter5.jpg,JPG,1792x1792,24,Xiaomi,2312DRAABI,72,f/0.0,57,Daylight,16,29-05-2025 10:05
Black Round Rotten,black_round_rotten_IMG_20250418_154157_TIMEBURST13_5313_rgb_shift_iter5.jpg,JPG,1792x1792,24,Xiaomi,2312DRAABI,72,f/0.0,54,Daylight,16,29-05-2025 10:05
Black Round Rotten,black_round_rotten_IMG_20250418_154157_TIMEBURST15_4541_rotate_iter1.jpg,JPG,1616x1616,24,Xiaomi,2312DRAABI,72,f/0.0,54,Daylight,16,29-05-2025 10:05
Black Round Rotten,black_round_rotten_IMG_20250418_154157_TIMEBURST15_4541_horizontal_flip_iter1.jpg,JPG,1616x1616,24,Xiaomi,2312DRAABI,72,f/0.0,57,Daylight,16,29-05-2025 10:05
Black Round Rotten,black_round_rotten_IMG_20250418_154157_TIMEBURST15_4541_brightness_contrast_iter1.jpg,JPG,1616x1616,24,Xiaomi,2312DRAABI,72,f/0.0,56,Daylight,16,29-05-2025 10:05
Black Round Rotten,black_round_rotten_IMG_20250418_154157_TIMEBURST15_4541_gamma_iter1.jpg,JPG,1616x1616,24,Xiaomi,2312DRAABI,72,f/0.0,56,Daylight,16,29-05-2025 10:05
Black Round Rotten,black_round_rotten_IMG_20250418_154157_TIMEBURST15_4541_rgb_shift_iter1.jpg,JPG,1616x1616,24,Xiaomi,2312DRAABI,72,f/0.0,56,Daylight,16,29-05-2025 10:05
Black Round Rotten,black_round_rotten_IMG_20250418_154157_TIMEBURST15_4541_brightness_contrast_iter2.jpg,JPG,1616x1616,24,Xiaomi,2312DRAABI,72,f/0.0,57,Daylight,16,29-05-2025 10:05
Black Round Rotten,black_round_rotten_IMG_20250418_154157_TIMEBURST15_4541_rotate_iter2.jpg,JPG,1616x1616,24,Xiaomi,2312DRAABI,72,f/0.0,50,Daylight,16,29-05-2025 10:05
Black Round Rotten,black_round_rotten_IMG_20250418_154157_TIMEBURST15_4541_horizontal_flip_iter2.jpg,JPG,1616x1616,24,Xiaomi,2312DRAABI,72,f/0.0,53,Daylight,16,29-05-2025 10:05
Black Round Rotten,black_round_rotten_IMG_20250418_154157_TIMEBURST15_4541_gamma_iter2.jpg,JPG,1616x1616,24,Xiaomi,2312DRAABI,72,f/0.0,57,Daylight,16,29-05-2025 10:05
Black Round Rotten,black_round_rotten_IMG_20250418_154157_TIMEBURST17_4513_rotate_iter1.jpg,JPG,1535x1535,24,Xiaomi,2312DRAABI,72,f/0.0,52,Daylight,16,29-05-2025 10:05
Black Round Rotten,black_round_rotten_IMG_20250418_154157_TIMEBURST18_5391_rotate_iter1.jpg,JPG,1702x1702,24,Xiaomi,2312DRAABI,72,f/0.0,57,Daylight,16,29-05-2025 10:05
Black Round Rotten,black_round_rotten_IMG_20250418_154157_TIMEBURST15_4541_rgb_shift_iter2.jpg,JPG,1616x1616,24,Xiaomi,2312DRAABI,72,f/0.0,57,Daylight,16,29-05-2025 10:05
Black Round Rotten,black_round_rotten_IMG_20250418_154157_TIMEBURST17_4513_brightness_contrast_iter1.jpg,JPG,1535x1535,24,Xiaomi,2312DRAABI,72,f/0.0,52,Daylight,16,29-05-2025 10:05
Black Round Rotten,black_round_rotten_IMG_20250418_154157_TIMEBURST15_4541_rotate_iter3.jpg,JPG,1616x1616,24,Xiaomi,2312DRAABI,72,f/0.0,61,Daylight,16,29-05-2025 10:05
Black Round Rotten,black_round_rotten_IMG_20250418_154157_TIMEBURST17_4513_horizontal_flip_iter1.jpg,JPG,1535x1535,24,Xiaomi,2312DRAABI,72,f/0.0,61,Daylight,16,29-05-2025 10:05
Black Round Rotten,black_round_rotten_IMG_20250418_154157_TIMEBURST16_5031_rotate_iter1.jpg,JPG,1616x1616,24,Xiaomi,2312DRAABI,72,f/0.0,60,Daylight,16,29-05-2025 10:05
Black Round Rotten,black_round_rotten_IMG_20250418_154157_TIMEBURST18_5391_horizontal_flip_iter1.jpg,JPG,1702x1702,24,Xiaomi,2312DRAABI,72,f/0.0,60,Daylight,16,29-05-2025 10:05
Black Round Rotten,black_round_rotten_IMG_20250418_154157_TIMEBURST17_4513_gamma_iter1.jpg,JPG,1535x1535,24,Xiaomi,2312DRAABI,72,f/0.0,59,Daylight,16,29-05-2025 10:05
Black Round Rotten,black_round_rotten_IMG_20250418_154157_TIMEBURST15_4541_horizontal_flip_iter3.jpg,JPG,1616x1616,24,Xiaomi,2312DRAABI,72,f/0.0,60,Daylight,16,29-05-2025 10:05
Black Round Rotten,black_round_rotten_IMG_20250418_154157_TIMEBURST16_5031_horizontal_flip_iter1.jpg,JPG,1616x1616,24,Xiaomi,2312DRAABI,72,f/0.0,60,Daylight,16,29-05-2025 10:05
Black Round Rotten,black_round_rotten_IMG_20250418_154157_TIMEBURST18_5391_brightness_contrast_iter1.jpg,JPG,1702x1702,24,Xiaomi,2312DRAABI,72,f/0.0,61,Daylight,16,29-05-2025 10:05
Black Round Rotten,black_round_rotten_IMG_20250418_154157_TIMEBURST15_4541_brightness_contrast_iter3.jpg,JPG,1616x1616,24,Xiaomi,2312DRAABI,72,f/0.0,60,Daylight,16,29-05-2025 10:05
Black Round Rotten,black_round_rotten_IMG_20250418_154157_TIMEBURST17_4513_rgb_shift_iter1.jpg,JPG,1535x1535,24,Xiaomi,2312DRAABI,72,f/0.0,60,Daylight,16,29-05-2025 10:05
Black Round Rotten,black_round_rotten_IMG_20250418_154157_TIMEBURST16_5031_brightness_contrast_iter1.jpg,JPG,1616x1616,24,Xiaomi,2312DRAABI,72,f/0.0,60,Daylight,16,29-05-2025 10:05
Black Round Rotten,black_round_rotten_IMG_20250418_154157_TIMEBURST15_4541_gamma_iter3.jpg,JPG,1616x1616,24,Xiaomi,2312DRAABI,72,f/0.0,60,Daylight,16,29-05-2025 10:05
Black Round Rotten,black_round_rotten_IMG_20250418_154157_TIMEBURST18_5391_gamma_iter1.jpg,JPG,1702x1702,24,Xiaomi,2312DRAABI,72,f/0.0,63,Daylight,16,29-05-2025 10:05
Black Round Rotten,black_round_rotten_IMG_20250418_154157_TIMEBURST17_4513_rotate_iter2.jpg,JPG,1535x1535,24,Xiaomi,2312DRAABI,72,f/0.0,65,Daylight,16,29-05-2025 10:05
Black Round Rotten,black_round_rotten_IMG_20250418_154157_TIMEBURST16_5031_gamma_iter1.jpg,JPG,1616x1616,24,Xiaomi,2312DRAABI,72,f/0.0,65,Daylight,16,29-05-2025 10:05
Black Round Rotten,black_round_rotten_IMG_20250418_154157_TIMEBURST17_4513_horizontal_flip_iter2.jpg,JPG,1535x1535,24,Xiaomi,2312DRAABI,72,f/0.0,67,Daylight,16,29-05-2025 10:05
Black Round Rotten,black_round_rotten_IMG_20250418_154157_TIMEBURST15_4541_rgb_shift_iter3.jpg,JPG,1616x1616,24,Xiaomi,2312DRAABI,72,f/0.0,75,Daylight,16,29-05-2025 10:05
Black Round Rotten,black_round_rotten_IMG_20250418_154157_TIMEBURST18_5391_rgb_shift_iter1.jpg,JPG,1702x1702,24,Xiaomi,2312DRAABI,72,f/0.0,60,Daylight,16,29-05-2025 10:05
Black Round Rotten,black_round_rotten_IMG_20250418_154157_TIMEBURST16_5031_rgb_shift_iter1.jpg,JPG,1616x1616,24,Xiaomi,2312DRAABI,72,f/0.0,67,Daylight,16,29-05-2025 10:05
Black Round Rotten,black_round_rotten_IMG_20250418_154157_TIMEBURST17_4513_brightness_contrast_iter2.jpg,JPG,1535x1535,24,Xiaomi,2312DRAABI,72,f/0.0,72,Daylight,16,29-05-2025 10:05
Black Round Rotten,black_round_rotten_IMG_20250418_154157_TIMEBURST17_4513_gamma_iter2.jpg,JPG,1535x1535,24,Xiaomi,2312DRAABI,72,f/0.0,69,Daylight,16,29-05-2025 10:05
Black Round Rotten,black_round_rotten_IMG_20250418_154157_TIMEBURST15_4541_rotate_iter4.jpg,JPG,1616x1616,24,Xiaomi,2312DRAABI,72,f/0.0,69,Daylight,16,29-05-2025 10:05
Black Round Rotten,black_round_rotten_IMG_20250418_154157_TIMEBURST16_5031_rotate_iter2.jpg,JPG,1616x1616,24,Xiaomi,2312DRAABI,72,f/0.0,67,Daylight,16,29-05-2025 10:05
Black Round Rotten,black_round_rotten_IMG_20250418_154157_TIMEBURST15_4541_horizontal_flip_iter4.jpg,JPG,1616x1616,24,Xiaomi,2312DRAABI,72,f/0.0,69,Daylight,16,29-05-2025 10:05
Black Round Rotten,black_round_rotten_IMG_20250418_154157_TIMEBURST18_5391_rotate_iter2.jpg,JPG,1702x1702,24,Xiaomi,2312DRAABI,72,f/0.0,69,Daylight,16,29-05-2025 10:05
Black Round Rotten,black_round_rotten_IMG_20250418_154157_TIMEBURST17_4513_rgb_shift_iter2.jpg,JPG,1535x1535,24,Xiaomi,2312DRAABI,72,f/0.0,69,Daylight,16,29-05-2025 10:05
Black Round Rotten,black_round_rotten_IMG_20250418_154157_TIMEBURST16_5031_horizontal_flip_iter2.jpg,JPG,1616x1616,24,Xiaomi,2312DRAABI,72,f/0.0,69,Daylight,16,29-05-2025 10:05
Black Round Rotten,black_round_rotten_IMG_20250418_154157_TIMEBURST15_4541_brightness_contrast_iter4.jpg,JPG,1616x1616,24,Xiaomi,2312DRAABI,72,f/0.0,69,Daylight,16,29-05-2025 10:05
Black Round Rotten,black_round_rotten_IMG_20250418_154157_TIMEBURST18_5391_horizontal_flip_iter2.jpg,JPG,1702x1702,24,Xiaomi,2312DRAABI,72,f/0.0,72,Daylight,16,29-05-2025 10:05
Black Round Rotten,black_round_rotten_IMG_20250418_154157_TIMEBURST17_4513_rotate_iter3.jpg,JPG,1535x1535,24,Xiaomi,2312DRAABI,72,f/0.0,69,Daylight,16,29-05-2025 10:05
Black Round Rotten,black_round_rotten_IMG_20250418_154157_TIMEBURST15_4541_gamma_iter4.jpg,JPG,1616x1616,24,Xiaomi,2312DRAABI,72,f/0.0,69,Daylight,16,29-05-2025 10:05
Black Round Rotten,black_round_rotten_IMG_20250418_154157_TIMEBURST16_5031_brightness_contrast_iter2.jpg,JPG,1616x1616,24,Xiaomi,2312DRAABI,72,f/0.0,72,Daylight,16,29-05-2025 10:05
Black Round Rotten,black_round_rotten_IMG_20250418_154157_TIMEBURST17_4513_horizontal_flip_iter3.jpg,JPG,1535x1535,24,Xiaomi,2312DRAABI,72,f/0.0,72,Daylight,16,29-05-2025 10:05
Black Round Rotten,black_round_rotten_IMG_20250418_154157_TIMEBURST18_5391_brightness_contrast_iter2.jpg,JPG,1702x1702,24,Xiaomi,2312DRAABI,72,f/0.0,75,Daylight,16,29-05-2025 10:05
Black Round Rotten,black_round_rotten_IMG_20250418_154157_TIMEBURST17_4513_brightness_contrast_iter3.jpg,JPG,1535x1535,24,Xiaomi,2312DRAABI,72,f/0.0,74,Daylight,16,29-05-2025 10:05
Black Round Rotten,black_round_rotten_IMG_20250418_154157_TIMEBURST16_5031_gamma_iter2.jpg,JPG,1616x1616,24,Xiaomi,2312DRAABI,72,f/0.0,75,Daylight,16,29-05-2025 10:05
Black Round Rotten,black_round_rotten_IMG_20250418_154157_TIMEBURST18_5391_gamma_iter2.jpg,JPG,1702x1702,24,Xiaomi,2312DRAABI,72,f/0.0,77,Daylight,16,29-05-2025 10:05
Black Round Rotten,black_round_rotten_IMG_20250418_154157_TIMEBURST15_4541_rgb_shift_iter4.jpg,JPG,1616x1616,24,Xiaomi,2312DRAABI,72,f/0.0,75,Daylight,16,29-05-2025 10:05
Black Round Rotten,black_round_rotten_IMG_20250418_154157_TIMEBURST17_4513_gamma_iter3.jpg,JPG,1535x1535,24,Xiaomi,2312DRAABI,72,f/0.0,81,Daylight,16,29-05-2025 10:05
Black Round Rotten,black_round_rotten_IMG_20250418_154157_TIMEBURST16_5031_rgb_shift_iter2.jpg,JPG,1616x1616,24,Xiaomi,2312DRAABI,72,f/0.0,71,Daylight,16,29-05-2025 10:05
Black Round Rotten,black_round_rotten_IMG_20250418_154157_TIMEBURST15_4541_rotate_iter5.jpg,JPG,1616x1616,24,Xiaomi,2312DRAABI,72,f/0.0,85,Daylight,16,29-05-2025 10:05
Black Round Rotten,black_round_rotten_IMG_20250418_154157_TIMEBURST18_5391_rgb_shift_iter2.jpg,JPG,1702x1702,24,Xiaomi,2312DRAABI,72,f/0.0,85,Daylight,16,29-05-2025 10:05
Black Round Rotten,black_round_rotten_IMG_20250418_154157_TIMEBURST17_4513_rgb_shift_iter3.jpg,JPG,1535x1535,24,Xiaomi,2312DRAABI,72,f/0.0,85,Daylight,16,29-05-2025 10:05
Black Round Rotten,black_round_rotten_IMG_20250418_154157_TIMEBURST16_5031_rotate_iter3.jpg,JPG,1616x1616,24,Xiaomi,2312DRAABI,72,f/0.0,84,Daylight,16,29-05-2025 10:05
Black Round Rotten,black_round_rotten_IMG_20250418_154157_TIMEBURST15_4541_horizontal_flip_iter5.jpg,JPG,1616x1616,24,Xiaomi,2312DRAABI,72,f/0.0,85,Daylight,16,29-05-2025 10:05
Black Round Rotten,black_round_rotten_IMG_20250418_154157_TIMEBURST18_5391_rotate_iter3.jpg,JPG,1702x1702,24,Xiaomi,2312DRAABI,72,f/0.0,85,Daylight,16,29-05-2025 10:05
Black Round Rotten,black_round_rotten_IMG_20250418_154157_TIMEBURST16_5031_horizontal_flip_iter3.jpg,JPG,1616x1616,24,Xiaomi,2312DRAABI,72,f/0.0,85,Daylight,16,29-05-2025 10:05
Black Round Rotten,black_round_rotten_IMG_20250418_154157_TIMEBURST15_4541_brightness_contrast_iter5.jpg,JPG,1616x1616,24,Xiaomi,2312DRAABI,72,f/0.0,85,Daylight,16,29-05-2025 10:05
Black Round Rotten,black_round_rotten_IMG_20250418_154157_TIMEBURST18_5391_horizontal_flip_iter3.jpg,JPG,1702x1702,24,Xiaomi,2312DRAABI,72,f/0.0,89,Daylight,16,29-05-2025 10:05
Black Round Rotten,black_round_rotten_IMG_20250418_154157_TIMEBURST17_4513_rotate_iter4.jpg,JPG,1535x1535,24,Xiaomi,2312DRAABI,72,f/0.0,85,Daylight,16,29-05-2025 10:05
Black Round Rotten,black_round_rotten_IMG_20250418_154157_TIMEBURST16_5031_brightness_contrast_iter3.jpg,JPG,1616x1616,24,Xiaomi,2312DRAABI,72,f/0.0,89,Daylight,16,29-05-2025 10:05
Black Round Rotten,black_round_rotten_IMG_20250418_154157_TIMEBURST15_4541_gamma_iter5.jpg,JPG,1616x1616,24,Xiaomi,2312DRAABI,72,f/0.0,89,Daylight,16,29-05-2025 10:05
Black Round Rotten,black_round_rotten_IMG_20250418_154157_TIMEBURST17_4513_horizontal_flip_iter4.jpg,JPG,1535x1535,24,Xiaomi,2312DRAABI,72,f/0.0,86,Daylight,16,29-05-2025 10:05
Black Round Rotten,black_round_rotten_IMG_20250418_154157_TIMEBURST16_5031_gamma_iter3.jpg,JPG,1616x1616,24,Xiaomi,2312DRAABI,72,f/0.0,94,Daylight,16,29-05-2025 10:05
Black Round Rotten,black_round_rotten_IMG_20250418_154157_TIMEBURST18_5391_brightness_contrast_iter3.jpg,JPG,1702x1702,24,Xiaomi,2312DRAABI,72,f/0.0,86,Daylight,16,29-05-2025 10:05
Black Round Rotten,black_round_rotten_IMG_20250418_154157_TIMEBURST17_4513_brightness_contrast_iter4.jpg,JPG,1535x1535,24,Xiaomi,2312DRAABI,72,f/0.0,150,Daylight,16,29-05-2025 10:05
Black Round Rotten,black_round_rotten_IMG_20250418_154157_TIMEBURST15_4541_rgb_shift_iter5.jpg,JPG,1616x1616,24,Xiaomi,2312DRAABI,72,f/0.0,86,Daylight,16,29-05-2025 10:05
Black Round Rotten,black_round_rotten_IMG_20250418_154157_TIMEBURST18_5391_gamma_iter3.jpg,JPG,1702x1702,24,Xiaomi,2312DRAABI,72,f/0.0,150,Daylight,16,29-05-2025 10:05
Black Round Rotten,black_round_rotten_IMG_20250418_154157_TIMEBURST16_5031_rgb_shift_iter3.jpg,JPG,1616x1616,24,Xiaomi,2312DRAABI,72,f/0.0,86,Daylight,16,29-05-2025 10:05
Black Round Rotten,black_round_rotten_IMG_20250418_154157_TIMEBURST17_4513_gamma_iter4.jpg,JPG,1535x1535,24,Xiaomi,2312DRAABI,72,f/0.0,150,Daylight,16,29-05-2025 10:05
Black Round Rotten,black_round_rotten_IMG_20250418_154157_TIMEBURST16_5031_rotate_iter4.jpg,JPG,1616x1616,24,Xiaomi,2312DRAABI,72,f/0.0,79,Daylight,16,29-05-2025 10:05
Black Round Rotten,black_round_rotten_IMG_20250418_154157_TIMEBURST18_5391_rgb_shift_iter3.jpg,JPG,1702x1702,24,Xiaomi,2312DRAABI,72,f/0.0,79,Daylight,16,29-05-2025 10:05
Black Round Rotten,black_round_rotten_IMG_20250418_154157_TIMEBURST17_4513_rgb_shift_iter4.jpg,JPG,1535x1535,24,Xiaomi,2312DRAABI,72,f/0.0,79,Daylight,16,29-05-2025 10:05
Black Round Rotten,black_round_rotten_IMG_20250418_154157_TIMEBURST16_5031_horizontal_flip_iter4.jpg,JPG,1616x1616,24,Xiaomi,2312DRAABI,72,f/0.0,150,Daylight,16,29-05-2025 10:05
Black Round Rotten,black_round_rotten_IMG_20250418_154157_TIMEBURST17_4513_rotate_iter5.jpg,JPG,1535x1535,24,Xiaomi,2312DRAABI,72,f/0.0,79,Daylight,16,29-05-2025 10:05
Black Round Rotten,black_round_rotten_IMG_20250418_154157_TIMEBURST18_5391_rotate_iter4.jpg,JPG,1702x1702,24,Xiaomi,2312DRAABI,72,f/0.0,79,Daylight,16,29-05-2025 10:05
Black Round Rotten,black_round_rotten_IMG_20250418_154157_TIMEBURST16_5031_brightness_contrast_iter4.jpg,JPG,1616x1616,24,Xiaomi,2312DRAABI,72,f/0.0,79,Daylight,16,29-05-2025 10:05
Black Round Rotten,black_round_rotten_IMG_20250418_154157_TIMEBURST17_4513_horizontal_flip_iter5.jpg,JPG,1535x1535,24,Xiaomi,2312DRAABI,72,f/0.0,88,Daylight,16,29-05-2025 10:05
Black Round Rotten,black_round_rotten_IMG_20250418_154157_TIMEBURST18_5391_horizontal_flip_iter4.jpg,JPG,1702x1702,24,Xiaomi,2312DRAABI,72,f/0.0,85,Daylight,16,29-05-2025 10:05
Black Round Rotten,black_round_rotten_IMG_20250418_154157_TIMEBURST17_4513_brightness_contrast_iter5.jpg,JPG,1535x1535,24,Xiaomi,2312DRAABI,72,f/0.0,87,Daylight,16,29-05-2025 10:05
Black Round Rotten,black_round_rotten_IMG_20250418_154157_TIMEBURST16_5031_gamma_iter4.jpg,JPG,1616x1616,24,Xiaomi,2312DRAABI,72,f/0.0,88,Daylight,16,29-05-2025 10:05
Black Round Rotten,black_round_rotten_IMG_20250418_154157_TIMEBURST18_5391_brightness_contrast_iter4.jpg,JPG,1702x1702,24,Xiaomi,2312DRAABI,72,f/0.0,79,Daylight,16,29-05-2025 10:05
Black Round Rotten,black_round_rotten_IMG_20250418_154157_TIMEBURST17_4513_gamma_iter5.jpg,JPG,1535x1535,24,Xiaomi,2312DRAABI,72,f/0.0,81,Daylight,16,29-05-2025 10:05
Black Round Rotten,black_round_rotten_IMG_20250418_154157_TIMEBURST18_5391_gamma_iter4.jpg,JPG,1702x1702,24,Xiaomi,2312DRAABI,72,f/0.0,81,Daylight,16,29-05-2025 10:05
Black Round Rotten,black_round_rotten_IMG_20250418_154157_TIMEBURST16_5031_rgb_shift_iter4.jpg,JPG,1616x1616,24,Xiaomi,2312DRAABI,72,f/0.0,96,Daylight,16,29-05-2025 10:05
Black Round Rotten,black_round_rotten_IMG_20250418_154157_TIMEBURST17_4513_rgb_shift_iter5.jpg,JPG,1535x1535,24,Xiaomi,2312DRAABI,72,f/0.0,81,Daylight,16,29-05-2025 10:05
Black Round Rotten,black_round_rotten_IMG_20250418_154157_TIMEBURST16_5031_rotate_iter5.jpg,JPG,1616x1616,24,Xiaomi,2312DRAABI,72,f/0.0,132,Daylight,16,29-05-2025 10:05
Black Round Rotten,black_round_rotten_IMG_20250418_154157_TIMEBURST18_5391_rgb_shift_iter4.jpg,JPG,1702x1702,24,Xiaomi,2312DRAABI,72,f/0.0,116,Daylight,16,29-05-2025 10:05
Black Round Rotten,black_round_rotten_IMG_20250418_154157_TIMEBURST16_5031_horizontal_flip_iter5.jpg,JPG,1616x1616,24,Xiaomi,2312DRAABI,72,f/0.0,116,Daylight,16,29-05-2025 10:05
Black Round Rotten,black_round_rotten_IMG_20250418_154157_TIMEBURST18_5391_rotate_iter5.jpg,JPG,1702x1702,24,Xiaomi,2312DRAABI,72,f/0.0,116,Daylight,16,29-05-2025 10:05
Black Round Rotten,black_round_rotten_IMG_20250418_154157_TIMEBURST16_5031_brightness_contrast_iter5.jpg,JPG,1616x1616,24,Xiaomi,2312DRAABI,72,f/0.0,81,Daylight,16,29-05-2025 10:05
Black Round Rotten,black_round_rotten_IMG_20250418_154157_TIMEBURST19_4916_rotate_iter1.jpg,JPG,1458x1458,24,Xiaomi,2312DRAABI,72,f/0.0,116,Daylight,16,29-05-2025 10:05
Black Round Rotten,black_round_rotten_IMG_20250418_154157_TIMEBURST18_5391_horizontal_flip_iter5.jpg,JPG,1702x1702,24,Xiaomi,2312DRAABI,72,f/0.0,116,Daylight,16,29-05-2025 10:05
Black Round Rotten,black_round_rotten_IMG_20250418_154157_TIMEBURST16_5031_gamma_iter5.jpg,JPG,1616x1616,24,Xiaomi,2312DRAABI,72,f/0.0,116,Daylight,16,29-05-2025 10:05
Black Round Rotten,black_round_rotten_IMG_20250418_154157_TIMEBURST19_4916_horizontal_flip_iter1.jpg,JPG,1458x1458,24,Xiaomi,2312DRAABI,72,f/0.0,116,Daylight,16,29-05-2025 10:05
Black Round Rotten,black_round_rotten_IMG_20250418_154157_TIMEBURST18_5391_brightness_contrast_iter5.jpg,JPG,1702x1702,24,Xiaomi,2312DRAABI,72,f/0.0,116,Daylight,16,29-05-2025 10:05
Black Round Rotten,black_round_rotten_IMG_20250418_154157_TIMEBURST19_4916_brightness_contrast_iter1.jpg,JPG,1458x1458,24,Xiaomi,2312DRAABI,72,f/0.0,116,Daylight,16,29-05-2025 10:05
Black Round Rotten,black_round_rotten_IMG_20250418_154157_TIMEBURST16_5031_rgb_shift_iter5.jpg,JPG,1616x1616,24,Xiaomi,2312DRAABI,72,f/0.0,116,Daylight,16,29-05-2025 10:05
Black Round Rotten,black_round_rotten_IMG_20250418_154157_TIMEBURST18_5391_gamma_iter5.jpg,JPG,1702x1702,24,Xiaomi,2312DRAABI,72,f/0.0,116,Daylight,16,29-05-2025 10:05
Black Round Rotten,black_round_rotten_IMG_20250418_154157_TIMEBURST19_4916_gamma_iter1.jpg,JPG,1458x1458,24,Xiaomi,2312DRAABI,72,f/0.0,89,Daylight,16,29-05-2025 10:05
Black Round Rotten,black_round_rotten_IMG_20250418_154157_TIMEBURST19_4916_rgb_shift_iter1.jpg,JPG,1458x1458,24,Xiaomi,2312DRAABI,72,f/0.0,116,Daylight,16,29-05-2025 10:05
Black Round Rotten,black_round_rotten_IMG_20250418_154157_TIMEBURST18_5391_rgb_shift_iter5.jpg,JPG,1702x1702,24,Xiaomi,2312DRAABI,72,f/0.0,116,Daylight,16,29-05-2025 10:05
Black Round Rotten,black_round_rotten_IMG_20250418_154157_TIMEBURST19_4916_rotate_iter2.jpg,JPG,1458x1458,24,Xiaomi,2312DRAABI,72,f/0.0,143,Daylight,16,29-05-2025 10:05
Black Round Rotten,black_round_rotten_IMG_20250418_154157_TIMEBURST19_4916_horizontal_flip_iter2.jpg,JPG,1458x1458,24,Xiaomi,2312DRAABI,72,f/0.0,85,Daylight,16,29-05-2025 10:05
Black Round Rotten,black_round_rotten_IMG_20250418_154157_TIMEBURST19_4916_brightness_contrast_iter2.jpg,JPG,1458x1458,24,Xiaomi,2312DRAABI,72,f/0.0,81,Daylight,16,29-05-2025 10:05
Black Round Rotten,black_round_rotten_IMG_20250418_154157_TIMEBURST19_4916_gamma_iter2.jpg,JPG,1458x1458,24,Xiaomi,2312DRAABI,72,f/0.0,81,Daylight,16,29-05-2025 10:05
Black Round Rotten,black_round_rotten_IMG_20250418_154157_TIMEBURST19_4916_rgb_shift_iter2.jpg,JPG,1458x1458,24,Xiaomi,2312DRAABI,72,f/0.0,85,Daylight,16,29-05-2025 10:05
Black Round Rotten,black_round_rotten_IMG_20250418_154157_TIMEBURST19_4916_rotate_iter3.jpg,JPG,1458x1458,24,Xiaomi,2312DRAABI,72,f/0.0,50,Daylight,16,29-05-2025 10:05
Black Round Rotten,black_round_rotten_IMG_20250418_154157_TIMEBURST19_4916_horizontal_flip_iter3.jpg,JPG,1458x1458,24,Xiaomi,2312DRAABI,72,f/0.0,50,Daylight,16,29-05-2025 10:05
Black Round Rotten,black_round_rotten_IMG_20250418_154157_TIMEBURST19_4916_brightness_contrast_iter3.jpg,JPG,1458x1458,24,Xiaomi,2312DRAABI,72,f/0.0,50,Daylight,16,29-05-2025 10:05
Black Round Rotten,black_round_rotten_IMG_20250418_154157_TIMEBURST20_4815_rotate_iter1.jpg,JPG,1887x1887,24,Xiaomi,2312DRAABI,72,f/0.0,50,Daylight,16,29-05-2025 10:05
Black Round Rotten,black_round_rotten_IMG_20250418_154157_TIMEBURST19_4916_gamma_iter3.jpg,JPG,1458x1458,24,Xiaomi,2312DRAABI,72,f/0.0,50,Daylight,16,29-05-2025 10:05
Black Round Rotten,black_round_rotten_IMG_20250418_154157_TIMEBURST20_4815_horizontal_flip_iter1.jpg,JPG,1887x1887,24,Xiaomi,2312DRAABI,72,f/0.0,50,Daylight,16,29-05-2025 10:05
Black Round Rotten,black_round_rotten_IMG_20250418_154157_TIMEBURST19_4916_rgb_shift_iter3.jpg,JPG,1458x1458,24,Xiaomi,2312DRAABI,72,f/0.0,52,Daylight,16,29-05-2025 10:05
Black Round Rotten,black_round_rotten_IMG_20250418_154157_TIMEBURST20_4815_brightness_contrast_iter1.jpg,JPG,1887x1887,24,Xiaomi,2312DRAABI,72,f/0.0,50,Daylight,16,29-05-2025 10:05
Black Round Rotten,black_round_rotten_IMG_20250418_154157_TIMEBURST19_4916_rotate_iter4.jpg,JPG,1458x1458,24,Xiaomi,2312DRAABI,72,f/0.0,57,Daylight,16,29-05-2025 10:05
Black Round Rotten,black_round_rotten_IMG_20250418_154157_TIMEBURST20_4815_gamma_iter1.jpg,JPG,1887x1887,24,Xiaomi,2312DRAABI,72,f/0.0,54,Daylight,16,29-05-2025 10:05
Black Round Rotten,black_round_rotten_IMG_20250418_154157_TIMEBURST19_4916_horizontal_flip_iter4.jpg,JPG,1458x1458,24,Xiaomi,2312DRAABI,72,f/0.0,54,Daylight,16,29-05-2025 10:05
Black Round Rotten,black_round_rotten_IMG_20250418_154157_TIMEBURST19_4916_brightness_contrast_iter4.jpg,JPG,1458x1458,24,Xiaomi,2312DRAABI,72,f/0.0,57,Daylight,16,29-05-2025 10:05
Black Round Rotten,black_round_rotten_IMG_20250418_154157_TIMEBURST19_4916_gamma_iter4.jpg,JPG,1458x1458,24,Xiaomi,2312DRAABI,72,f/0.0,56,Daylight,16,29-05-2025 10:05
Black Round Rotten,black_round_rotten_IMG_20250418_154157_TIMEBURST20_4815_rgb_shift_iter1.jpg,JPG,1887x1887,24,Xiaomi,2312DRAABI,72,f/0.0,56,Daylight,16,29-05-2025 10:05
Black Round Rotten,black_round_rotten_IMG_20250418_154157_TIMEBURST20_4815_rotate_iter2.jpg,JPG,1887x1887,24,Xiaomi,2312DRAABI,72,f/0.0,56,Daylight,16,29-05-2025 10:05
Black Round Rotten,black_round_rotten_IMG_20250418_154157_TIMEBURST19_4916_rgb_shift_iter4.jpg,JPG,1458x1458,24,Xiaomi,2312DRAABI,72,f/0.0,57,Daylight,16,29-05-2025 10:05
Black Round Rotten,black_round_rotten_IMG_20250418_154157_TIMEBURST20_4815_horizontal_flip_iter2.jpg,JPG,1887x1887,24,Xiaomi,2312DRAABI,72,f/0.0,50,Daylight,16,29-05-2025 10:05
Black Round Rotten,black_round_rotten_IMG_20250418_154157_TIMEBURST19_4916_rotate_iter5.jpg,JPG,1458x1458,24,Xiaomi,2312DRAABI,72,f/0.0,53,Daylight,16,29-05-2025 10:05
Black Round Rotten,black_round_rotten_IMG_20250418_154157_TIMEBURST20_4815_brightness_contrast_iter2.jpg,JPG,1887x1887,24,Xiaomi,2312DRAABI,72,f/0.0,57,Daylight,16,29-05-2025 10:05
Black Round Rotten,black_round_rotten_IMG_20250418_154157_TIMEBURST19_4916_horizontal_flip_iter5.jpg,JPG,1458x1458,24,Xiaomi,2312DRAABI,72,f/0.0,52,Daylight,16,29-05-2025 10:05
Black Round Rotten,black_round_rotten_IMG_20250418_154157_TIMEBURST19_4916_brightness_contrast_iter5.jpg,JPG,1458x1458,24,Xiaomi,2312DRAABI,72,f/0.0,57,Daylight,16,29-05-2025 10:05
Black Round Rotten,black_round_rotten_IMG_20250418_154157_TIMEBURST20_4815_gamma_iter2.jpg,JPG,1887x1887,24,Xiaomi,2312DRAABI,72,f/0.0,57,Daylight,16,29-05-2025 10:05
Black Round Rotten,black_round_rotten_IMG_20250418_154157_TIMEBURST19_4916_gamma_iter5.jpg,JPG,1458x1458,24,Xiaomi,2312DRAABI,72,f/0.0,52,Daylight,16,29-05-2025 10:05
Black Round Rotten,black_round_rotten_IMG_20250418_154157_TIMEBURST20_4815_rgb_shift_iter2.jpg,JPG,1887x1887,24,Xiaomi,2312DRAABI,72,f/0.0,61,Daylight,16,29-05-2025 10:05
Black Round Rotten,black_round_rotten_IMG_20250418_154157_TIMEBURST19_4916_rgb_shift_iter5.jpg,JPG,1458x1458,24,Xiaomi,2312DRAABI,72,f/0.0,61,Daylight,16,29-05-2025 10:05
Black Round Rotten,black_round_rotten_IMG_20250418_154157_TIMEBURST20_4815_rotate_iter3.jpg,JPG,1887x1887,24,Xiaomi,2312DRAABI,72,f/0.0,60,Daylight,16,29-05-2025 10:05
Black Round Rotten,black_round_rotten_IMG_20250418_154157_TIMEBURST20_4815_horizontal_flip_iter3.jpg,JPG,1887x1887,24,Xiaomi,2312DRAABI,72,f/0.0,60,Daylight,16,29-05-2025 10:05
Black Round Rotten,black_round_rotten_IMG_20250418_154157_TIMEBURST20_4815_brightness_contrast_iter3.jpg,JPG,1887x1887,24,Xiaomi,2312DRAABI,72,f/0.0,59,Daylight,16,29-05-2025 10:05
Black Round Rotten,black_round_rotten_IMG_20250418_154157_TIMEBURST20_4815_gamma_iter3.jpg,JPG,1887x1887,24,Xiaomi,2312DRAABI,72,f/0.0,60,Daylight,16,29-05-2025 10:05
Black Round Rotten,black_round_rotten_IMG_20250418_154157_TIMEBURST20_4815_rgb_shift_iter3.jpg,JPG,1887x1887,24,Xiaomi,2312DRAABI,72,f/0.0,60,Daylight,16,29-05-2025 10:05
Black Round Rotten,black_round_rotten_IMG_20250418_154157_TIMEBURST20_4815_rotate_iter4.jpg,JPG,1887x1887,24,Xiaomi,2312DRAABI,72,f/0.0,61,Daylight,16,29-05-2025 10:05
Black Round Rotten,black_round_rotten_IMG_20250418_154157_TIMEBURST20_4815_horizontal_flip_iter4.jpg,JPG,1887x1887,24,Xiaomi,2312DRAABI,72,f/0.0,60,Daylight,16,29-05-2025 10:05
Black Round Rotten,black_round_rotten_IMG_20250418_154157_TIMEBURST20_4815_brightness_contrast_iter4.jpg,JPG,1887x1887,24,Xiaomi,2312DRAABI,72,f/0.0,60,Daylight,16,29-05-2025 10:05
Black Round Rotten,black_round_rotten_IMG_20250418_154157_TIMEBURST20_4815_gamma_iter4.jpg,JPG,1887x1887,24,Xiaomi,2312DRAABI,72,f/0.0,60,Daylight,16,29-05-2025 10:05
Black Round Rotten,black_round_rotten_IMG_20250418_154157_TIMEBURST20_4815_rgb_shift_iter4.jpg,JPG,1887x1887,24,Xiaomi,2312DRAABI,72,f/0.0,60,Daylight,16,29-05-2025 10:05
Black Round Rotten,black_round_rotten_IMG_20250418_154157_TIMEBURST20_4815_rotate_iter5.jpg,JPG,1887x1887,24,Xiaomi,2312DRAABI,72,f/0.0,63,Daylight,16,29-05-2025 10:05
Black Round Rotten,black_round_rotten_IMG_20250418_154157_TIMEBURST20_4815_horizontal_flip_iter5.jpg,JPG,1887x1887,24,Xiaomi,2312DRAABI,72,f/0.0,65,Daylight,16,29-05-2025 10:05
Black Round Rotten,black_round_rotten_IMG_20250418_154157_TIMEBURST20_4815_brightness_contrast_iter5.jpg,JPG,1887x1887,24,Xiaomi,2312DRAABI,72,f/0.0,65,Daylight,16,29-05-2025 10:05
Black Round Rotten,black_round_rotten_IMG_20250418_154157_TIMEBURST20_4815_gamma_iter5.jpg,JPG,1887x1887,24,Xiaomi,2312DRAABI,72,f/0.0,67,Daylight,16,29-05-2025 10:05
Black Round Rotten,black_round_rotten_IMG_20250418_154157_TIMEBURST20_4815_rgb_shift_iter5.jpg,JPG,1887x1887,24,Xiaomi,2312DRAABI,72,f/0.0,75,Daylight,16,29-05-2025 10:05
Black Round Rotten,black_round_rotten_IMG_20250418_153846_TIMEBURST1_3877_gamma_iter2.jpg,JPG,1374x1374,24,Xiaomi,2312DRAABI,72,f/0.0,60,Daylight,16,29-05-2025 10:05
Black Round Rotten,black_round_rotten_IMG_20250418_153809_TIMEBURST20_3956_brightness_contrast_iter4.jpg,JPG,1246x1246,24,Xiaomi,2312DRAABI,72,f/0.0,67,Daylight,16,29-05-2025 10:05
Black Round Rotten,black_round_rotten_IMG_20250418_153809_TIMEBURST20_3956_gamma_iter4.jpg,JPG,1246x1246,24,Xiaomi,2312DRAABI,72,f/0.0,72,Daylight,16,29-05-2025 10:05
Black Round Rotten,black_round_rotten_IMG_20250418_153846_TIMEBURST1_3877_rgb_shift_iter2.jpg,JPG,1374x1374,24,Xiaomi,2312DRAABI,72,f/0.0,69,Daylight,16,29-05-2025 10:05
Black Round Rotten,black_round_rotten_IMG_20250418_153809_TIMEBURST20_3956_rgb_shift_iter4.jpg,JPG,1246x1246,24,Xiaomi,2312DRAABI,72,f/0.0,69,Daylight,16,29-05-2025 10:05
Black Round Rotten,black_round_rotten_IMG_20250418_153846_TIMEBURST1_3877_rotate_iter3.jpg,JPG,1374x1374,24,Xiaomi,2312DRAABI,72,f/0.0,67,Daylight,16,29-05-2025 10:05
Black Round Rotten,black_round_rotten_IMG_20250418_153846_TIMEBURST1_3877_horizontal_flip_iter3.jpg,JPG,1374x1374,24,Xiaomi,2312DRAABI,72,f/0.0,69,Daylight,16,29-05-2025 10:05
Black Round Rotten,black_round_rotten_IMG_20250418_153809_TIMEBURST20_3956_rotate_iter5.jpg,JPG,1246x1246,24,Xiaomi,2312DRAABI,72,f/0.0,69,Daylight,16,29-05-2025 10:05
Black Round Rotten,black_round_rotten_IMG_20250418_153846_TIMEBURST1_3877_brightness_contrast_iter3.jpg,JPG,1374x1374,24,Xiaomi,2312DRAABI,72,f/0.0,69,Daylight,16,29-05-2025 10:05
Black Round Rotten,black_round_rotten_IMG_20250418_153809_TIMEBURST20_3956_horizontal_flip_iter5.jpg,JPG,1246x1246,24,Xiaomi,2312DRAABI,72,f/0.0,69,Daylight,16,29-05-2025 10:05
Black Round Rotten,black_round_rotten_IMG_20250418_153846_TIMEBURST1_3877_gamma_iter3.jpg,JPG,1374x1374,24,Xiaomi,2312DRAABI,72,f/0.0,69,Daylight,16,29-05-2025 10:05
Black Round Rotten,black_round_rotten_IMG_20250418_153809_TIMEBURST20_3956_brightness_contrast_iter5.jpg,JPG,1246x1246,24,Xiaomi,2312DRAABI,72,f/0.0,72,Daylight,16,29-05-2025 10:05
Black Round Rotten,black_round_rotten_IMG_20250418_153809_TIMEBURST20_3956_gamma_iter5.jpg,JPG,1246x1246,24,Xiaomi,2312DRAABI,72,f/0.0,69,Daylight,16,29-05-2025 10:05
Black Round Rotten,black_round_rotten_IMG_20250418_153846_TIMEBURST1_3877_rgb_shift_iter3.jpg,JPG,1374x1374,24,Xiaomi,2312DRAABI,72,f/0.0,69,Daylight,16,29-05-2025 10:05
Black Round Rotten,black_round_rotten_IMG_20250418_153809_TIMEBURST20_3956_rgb_shift_iter5.jpg,JPG,1246x1246,24,Xiaomi,2312DRAABI,72,f/0.0,72,Daylight,16,29-05-2025 10:05
Black Round Rotten,black_round_rotten_IMG_20250418_153846_TIMEBURST1_3877_rotate_iter4.jpg,JPG,1374x1374,24,Xiaomi,2312DRAABI,72,f/0.0,72,Daylight,16,29-05-2025 10:05
Black Round Rotten,black_round_rotten_IMG_20250418_153846_TIMEBURST1_3877_horizontal_flip_iter4.jpg,JPG,1374x1374,24,Xiaomi,2312DRAABI,72,f/0.0,75,Daylight,16,29-05-2025 10:05
Black Round Rotten,black_round_rotten_IMG_20250418_153846_TIMEBURST1_3877_brightness_contrast_iter4.jpg,JPG,1374x1374,24,Xiaomi,2312DRAABI,72,f/0.0,74,Daylight,16,29-05-2025 10:05
Black Round Rotten,black_round_rotten_IMG_20250418_153846_TIMEBURST1_3877_gamma_iter4.jpg,JPG,1374x1374,24,Xiaomi,2312DRAABI,72,f/0.0,75,Daylight,16,29-05-2025 10:05
Black Round Rotten,black_round_rotten_IMG_20250418_153846_TIMEBURST1_3877_rgb_shift_iter4.jpg,JPG,1374x1374,24,Xiaomi,2312DRAABI,72,f/0.0,77,Daylight,16,29-05-2025 10:05
Black Round Rotten,black_round_rotten_IMG_20250418_153846_TIMEBURST3_3533_rotate_iter1.jpg,JPG,1378x1378,24,Xiaomi,2312DRAABI,72,f/0.0,75,Daylight,16,29-05-2025 10:05
Black Round Rotten,black_round_rotten_IMG_20250418_153846_TIMEBURST3_3533_horizontal_flip_iter1.jpg,JPG,1378x1378,24,Xiaomi,2312DRAABI,72,f/0.0,81,Daylight,16,29-05-2025 10:05
Black Round Rotten,black_round_rotten_IMG_20250418_153846_TIMEBURST1_3877_rotate_iter5.jpg,JPG,1374x1374,24,Xiaomi,2312DRAABI,72,f/0.0,71,Daylight,16,29-05-2025 10:05
Black Round Rotten,black_round_rotten_IMG_20250418_153846_TIMEBURST3_3533_brightness_contrast_iter1.jpg,JPG,1378x1378,24,Xiaomi,2312DRAABI,72,f/0.0,85,Daylight,16,29-05-2025 10:05
Black Round Rotten,black_round_rotten_IMG_20250418_153846_TIMEBURST1_3877_horizontal_flip_iter5.jpg,JPG,1374x1374,24,Xiaomi,2312DRAABI,72,f/0.0,85,Daylight,16,29-05-2025 10:05
Black Round Rotten,black_round_rotten_IMG_20250418_153846_TIMEBURST3_3533_gamma_iter1.jpg,JPG,1378x1378,24,Xiaomi,2312DRAABI,72,f/0.0,85,Daylight,16,29-05-2025 10:05
Black Round Rotten,black_round_rotten_IMG_20250418_153846_TIMEBURST1_3877_brightness_contrast_iter5.jpg,JPG,1374x1374,24,Xiaomi,2312DRAABI,72,f/0.0,84,Daylight,16,29-05-2025 10:05
Black Round Rotten,black_round_rotten_IMG_20250418_153846_TIMEBURST1_3877_gamma_iter5.jpg,JPG,1374x1374,24,Xiaomi,2312DRAABI,72,f/0.0,85,Daylight,16,29-05-2025 10:05
Black Round Rotten,black_round_rotten_IMG_20250418_153846_TIMEBURST3_3533_rgb_shift_iter1.jpg,JPG,1378x1378,24,Xiaomi,2312DRAABI,72,f/0.0,85,Daylight,16,29-05-2025 10:05
Black Round Rotten,black_round_rotten_IMG_20250418_153846_TIMEBURST1_3877_rgb_shift_iter5.jpg,JPG,1374x1374,24,Xiaomi,2312DRAABI,72,f/0.0,85,Daylight,16,29-05-2025 10:05
Black Round Rotten,black_round_rotten_IMG_20250418_153846_TIMEBURST3_3533_rotate_iter2.jpg,JPG,1378x1378,24,Xiaomi,2312DRAABI,72,f/0.0,85,Daylight,16,29-05-2025 10:05
Black Round Rotten,black_round_rotten_IMG_20250418_153846_TIMEBURST3_3533_horizontal_flip_iter2.jpg,JPG,1378x1378,24,Xiaomi,2312DRAABI,72,f/0.0,89,Daylight,16,29-05-2025 10:05
Black Round Rotten,black_round_rotten_IMG_20250418_153846_TIMEBURST3_3533_brightness_contrast_iter2.jpg,JPG,1378x1378,24,Xiaomi,2312DRAABI,72,f/0.0,85,Daylight,16,29-05-2025 10:05
Black Round Rotten,black_round_rotten_IMG_20250418_153846_TIMEBURST3_3533_gamma_iter2.jpg,JPG,1378x1378,24,Xiaomi,2312DRAABI,72,f/0.0,89,Daylight,16,29-05-2025 10:05
Black Round Rotten,black_round_rotten_IMG_20250418_153846_TIMEBURST3_3533_rgb_shift_iter2.jpg,JPG,1378x1378,24,Xiaomi,2312DRAABI,72,f/0.0,89,Daylight,16,29-05-2025 10:05
Black Round Rotten,black_round_rotten_IMG_20250418_153846_TIMEBURST3_3533_rotate_iter3.jpg,JPG,1378x1378,24,Xiaomi,2312DRAABI,72,f/0.0,86,Daylight,16,29-05-2025 10:05
Black Round Rotten,black_round_rotten_IMG_20250418_153846_TIMEBURST3_3533_horizontal_flip_iter3.jpg,JPG,1378x1378,24,Xiaomi,2312DRAABI,72,f/0.0,94,Daylight,16,29-05-2025 10:05
Black Round Rotten,black_round_rotten_IMG_20250418_153846_TIMEBURST3_3533_brightness_contrast_iter3.jpg,JPG,1378x1378,24,Xiaomi,2312DRAABI,72,f/0.0,86,Daylight,16,29-05-2025 10:05
Black Round Rotten,black_round_rotten_IMG_20250418_153846_TIMEBURST3_3533_gamma_iter3.jpg,JPG,1378x1378,24,Xiaomi,2312DRAABI,72,f/0.0,150,Daylight,16,29-05-2025 10:05
Black Round Rotten,black_round_rotten_IMG_20250418_153846_TIMEBURST3_3533_rgb_shift_iter3.jpg,JPG,1378x1378,24,Xiaomi,2312DRAABI,72,f/0.0,86,Daylight,16,29-05-2025 10:05
Black Round Rotten,black_round_rotten_IMG_20250418_153846_TIMEBURST4_3788_rotate_iter1.jpg,JPG,1374x1374,24,Xiaomi,2312DRAABI,72,f/0.0,150,Daylight,16,29-05-2025 10:05
Black Round Rotten,black_round_rotten_IMG_20250418_153846_TIMEBURST3_3533_rotate_iter4.jpg,JPG,1378x1378,24,Xiaomi,2312DRAABI,72,f/0.0,86,Daylight,16,29-05-2025 10:05
Black Round Rotten,black_round_rotten_IMG_20250418_153846_TIMEBURST4_3788_horizontal_flip_iter1.jpg,JPG,1374x1374,24,Xiaomi,2312DRAABI,72,f/0.0,150,Daylight,16,29-05-2025 10:05
Black Round Rotten,black_round_rotten_IMG_20250418_153846_TIMEBURST3_3533_horizontal_flip_iter4.jpg,JPG,1378x1378,24,Xiaomi,2312DRAABI,72,f/0.0,79,Daylight,16,29-05-2025 10:05
Black Round Rotten,black_round_rotten_IMG_20250418_153846_TIMEBURST4_3788_brightness_contrast_iter1.jpg,JPG,1374x1374,24,Xiaomi,2312DRAABI,72,f/0.0,79,Daylight,16,29-05-2025 10:05
Black Round Rotten,black_round_rotten_IMG_20250418_153846_TIMEBURST3_3533_brightness_contrast_iter4.jpg,JPG,1378x1378,24,Xiaomi,2312DRAABI,72,f/0.0,79,Daylight,16,29-05-2025 10:05
Black Round Rotten,black_round_rotten_IMG_20250418_153846_TIMEBURST5_3469_rotate_iter1.jpg,JPG,1697x1697,24,Xiaomi,2312DRAABI,72,f/0.0,150,Daylight,16,29-05-2025 10:05
Black Round Rotten,black_round_rotten_IMG_20250418_153846_TIMEBURST4_3788_gamma_iter1.jpg,JPG,1374x1374,24,Xiaomi,2312DRAABI,72,f/0.0,79,Daylight,16,29-05-2025 10:05
Black Round Rotten,black_round_rotten_IMG_20250418_153846_TIMEBURST3_3533_gamma_iter4.jpg,JPG,1378x1378,24,Xiaomi,2312DRAABI,72,f/0.0,79,Daylight,16,29-05-2025 10:05
Black Round Rotten,black_round_rotten_IMG_20250418_153846_TIMEBURST5_3469_horizontal_flip_iter1.jpg,JPG,1697x1697,24,Xiaomi,2312DRAABI,72,f/0.0,79,Daylight,16,29-05-2025 10:05
Black Round Rotten,black_round_rotten_IMG_20250418_153846_TIMEBURST4_3788_rgb_shift_iter1.jpg,JPG,1374x1374,24,Xiaomi,2312DRAABI,72,f/0.0,88,Daylight,16,29-05-2025 10:05
Black Round Rotten,black_round_rotten_IMG_20250418_153846_TIMEBURST3_3533_rgb_shift_iter4.jpg,JPG,1378x1378,24,Xiaomi,2312DRAABI,72,f/0.0,85,Daylight,16,29-05-2025 10:05
Black Round Rotten,black_round_rotten_IMG_20250418_153846_TIMEBURST4_3788_rotate_iter2.jpg,JPG,1374x1374,24,Xiaomi,2312DRAABI,72,f/0.0,87,Daylight,16,29-05-2025 10:05
Black Round Rotten,black_round_rotten_IMG_20250418_153846_TIMEBURST5_3469_brightness_contrast_iter1.jpg,JPG,1697x1697,24,Xiaomi,2312DRAABI,72,f/0.0,88,Daylight,16,29-05-2025 10:05
Black Round Rotten,black_round_rotten_IMG_20250418_153846_TIMEBURST4_3788_horizontal_flip_iter2.jpg,JPG,1374x1374,24,Xiaomi,2312DRAABI,72,f/0.0,79,Daylight,16,29-05-2025 10:05
Black Round Rotten,black_round_rotten_IMG_20250418_153846_TIMEBURST3_3533_rotate_iter5.jpg,JPG,1378x1378,24,Xiaomi,2312DRAABI,72,f/0.0,81,Daylight,16,29-05-2025 10:05
Black Round Rotten,black_round_rotten_IMG_20250418_153846_TIMEBURST5_3469_gamma_iter1.jpg,JPG,1697x1697,24,Xiaomi,2312DRAABI,72,f/0.0,81,Daylight,16,29-05-2025 10:05
Black Round Rotten,black_round_rotten_IMG_20250418_153846_TIMEBURST4_3788_brightness_contrast_iter2.jpg,JPG,1374x1374,24,Xiaomi,2312DRAABI,72,f/0.0,96,Daylight,16,29-05-2025 10:05
Black Round Rotten,black_round_rotten_IMG_20250418_153846_TIMEBURST3_3533_horizontal_flip_iter5.jpg,JPG,1378x1378,24,Xiaomi,2312DRAABI,72,f/0.0,81,Daylight,16,29-05-2025 10:05
Black Round Rotten,black_round_rotten_IMG_20250418_153846_TIMEBURST5_3469_rgb_shift_iter1.jpg,JPG,1697x1697,24,Xiaomi,2312DRAABI,72,f/0.0,132,Daylight,16,29-05-2025 10:05
Black Round Rotten,black_round_rotten_IMG_20250418_153846_TIMEBURST4_3788_gamma_iter2.jpg,JPG,1374x1374,24,Xiaomi,2312DRAABI,72,f/0.0,116,Daylight,16,29-05-2025 10:05
Black Round Rotten,black_round_rotten_IMG_20250418_153846_TIMEBURST3_3533_brightness_contrast_iter5.jpg,JPG,1378x1378,24,Xiaomi,2312DRAABI,72,f/0.0,116,Daylight,16,29-05-2025 10:05
Black Round Rotten,black_round_rotten_IMG_20250418_153846_TIMEBURST3_3533_gamma_iter5.jpg,JPG,1378x1378,24,Xiaomi,2312DRAABI,72,f/0.0,116,Daylight,16,29-05-2025 10:05
Black Round Rotten,black_round_rotten_IMG_20250418_153846_TIMEBURST4_3788_rgb_shift_iter2.jpg,JPG,1374x1374,24,Xiaomi,2312DRAABI,72,f/0.0,81,Daylight,16,29-05-2025 10:05
Black Round Rotten,black_round_rotten_IMG_20250418_153846_TIMEBURST5_3469_rotate_iter2.jpg,JPG,1697x1697,24,Xiaomi,2312DRAABI,72,f/0.0,116,Daylight,16,29-05-2025 10:05
Black Round Rotten,black_round_rotten_IMG_20250418_153846_TIMEBURST4_3788_rotate_iter3.jpg,JPG,1374x1374,24,Xiaomi,2312DRAABI,72,f/0.0,116,Daylight,16,29-05-2025 10:05
Black Round Rotten,black_round_rotten_IMG_20250418_153846_TIMEBURST3_3533_rgb_shift_iter5.jpg,JPG,1378x1378,24,Xiaomi,2312DRAABI,72,f/0.0,116,Daylight,16,29-05-2025 10:05
Black Round Rotten,black_round_rotten_IMG_20250418_153846_TIMEBURST5_3469_horizontal_flip_iter2.jpg,JPG,1697x1697,24,Xiaomi,2312DRAABI,72,f/0.0,116,Daylight,16,29-05-2025 10:05
Black Round Rotten,black_round_rotten_IMG_20250418_153846_TIMEBURST4_3788_horizontal_flip_iter3.jpg,JPG,1374x1374,24,Xiaomi,2312DRAABI,72,f/0.0,116,Daylight,16,29-05-2025 10:05
Black Round Rotten,black_round_rotten_IMG_20250418_153846_TIMEBURST5_3469_brightness_contrast_iter2.jpg,JPG,1697x1697,24,Xiaomi,2312DRAABI,72,f/0.0,116,Daylight,16,29-05-2025 10:05
Black Round Rotten,black_round_rotten_IMG_20250418_153846_TIMEBURST4_3788_brightness_contrast_iter3.jpg,JPG,1374x1374,24,Xiaomi,2312DRAABI,72,f/0.0,116,Daylight,16,29-05-2025 10:05
Black Round Rotten,black_round_rotten_IMG_20250418_153846_TIMEBURST5_3469_gamma_iter2.jpg,JPG,1697x1697,24,Xiaomi,2312DRAABI,72,f/0.0,116,Daylight,16,29-05-2025 10:05
Black Round Rotten,black_round_rotten_IMG_20250418_153846_TIMEBURST4_3788_rgb_shift_iter3.jpg,JPG,1374x1374,24,Xiaomi,2312DRAABI,72,f/0.0,89,Daylight,16,29-05-2025 10:05
Black Round Rotten,black_round_rotten_IMG_20250418_153846_TIMEBURST4_3788_gamma_iter3.jpg,JPG,1374x1374,24,Xiaomi,2312DRAABI,72,f/0.0,116,Daylight,16,29-05-2025 10:05
Black Round Rotten,black_round_rotten_IMG_20250418_153846_TIMEBURST4_3788_rotate_iter4.jpg,JPG,1374x1374,24,Xiaomi,2312DRAABI,72,f/0.0,116,Daylight,16,29-05-2025 10:05
Black Round Rotten,black_round_rotten_IMG_20250418_153846_TIMEBURST5_3469_rgb_shift_iter2.jpg,JPG,1697x1697,24,Xiaomi,2312DRAABI,72,f/0.0,143,Daylight,16,29-05-2025 10:05
Black Round Rotten,black_round_rotten_IMG_20250418_153846_TIMEBURST4_3788_horizontal_flip_iter4.jpg,JPG,1374x1374,24,Xiaomi,2312DRAABI,72,f/0.0,85,Daylight,16,29-05-2025 10:05
Black Round Rotten,black_round_rotten_IMG_20250418_153846_TIMEBURST4_3788_brightness_contrast_iter4.jpg,JPG,1374x1374,24,Xiaomi,2312DRAABI,72,f/0.0,81,Daylight,16,29-05-2025 10:05
Black Round Rotten,black_round_rotten_IMG_20250418_153846_TIMEBURST5_3469_rotate_iter3.jpg,JPG,1697x1697,24,Xiaomi,2312DRAABI,72,f/0.0,81,Daylight,16,29-05-2025 10:05
Black Round Rotten,black_round_rotten_IMG_20250418_153846_TIMEBURST4_3788_gamma_iter4.jpg,JPG,1374x1374,24,Xiaomi,2312DRAABI,72,f/0.0,85,Daylight,16,29-05-2025 10:05
Black Round Rotten,black_round_rotten_IMG_20250418_153846_TIMEBURST5_3469_horizontal_flip_iter3.jpg,JPG,1697x1697,24,Xiaomi,2312DRAABI,72,f/0.0,50,Daylight,16,29-05-2025 10:05
Black Round Rotten,black_round_rotten_IMG_20250418_153846_TIMEBURST4_3788_rgb_shift_iter4.jpg,JPG,1374x1374,24,Xiaomi,2312DRAABI,72,f/0.0,50,Daylight,16,29-05-2025 10:05
Black Round Rotten,black_round_rotten_IMG_20250418_153846_TIMEBURST6_3192_rotate_iter1.jpg,JPG,1374x1374,24,Xiaomi,2312DRAABI,72,f/0.0,50,Daylight,16,29-05-2025 10:05
Black Round Rotten,black_round_rotten_IMG_20250418_153846_TIMEBURST5_3469_brightness_contrast_iter3.jpg,JPG,1697x1697,24,Xiaomi,2312DRAABI,72,f/0.0,50,Daylight,16,29-05-2025 10:05
Black Round Rotten,black_round_rotten_IMG_20250418_153846_TIMEBURST2_4015_rotate_iter1.jpg,JPG,1443x1443,24,Xiaomi,2312DRAABI,72,f/0.0,50,Daylight,16,29-05-2025 10:05
Black Round Rotten,black_round_rotten_IMG_20250418_153846_TIMEBURST6_3192_horizontal_flip_iter1.jpg,JPG,1374x1374,24,Xiaomi,2312DRAABI,72,f/0.0,50,Daylight,16,29-05-2025 10:05
Black Round Rotten,black_round_rotten_IMG_20250418_153846_TIMEBURST4_3788_rotate_iter5.jpg,JPG,1374x1374,24,Xiaomi,2312DRAABI,72,f/0.0,52,Daylight,16,29-05-2025 10:05
Black Round Rotten,black_round_rotten_IMG_20250418_153846_TIMEBURST2_4015_horizontal_flip_iter1.jpg,JPG,1443x1443,24,Xiaomi,2312DRAABI,72,f/0.0,50,Daylight,16,29-05-2025 10:05
Black Round Rotten,black_round_rotten_IMG_20250418_153846_TIMEBURST5_3469_gamma_iter3.jpg,JPG,1697x1697,24,Xiaomi,2312DRAABI,72,f/0.0,57,Daylight,16,29-05-2025 10:05
Black Round Rotten,black_round_rotten_IMG_20250418_153846_TIMEBURST6_3192_brightness_contrast_iter1.jpg,JPG,1374x1374,24,Xiaomi,2312DRAABI,72,f/0.0,54,Daylight,16,29-05-2025 10:05
Black Round Rotten,black_round_rotten_IMG_20250418_153846_TIMEBURST4_3788_horizontal_flip_iter5.jpg,JPG,1374x1374,24,Xiaomi,2312DRAABI,72,f/0.0,54,Daylight,16,29-05-2025 10:05
Black Round Rotten,black_round_rotten_IMG_20250418_153846_TIMEBURST2_4015_brightness_contrast_iter1.jpg,JPG,1443x1443,24,Xiaomi,2312DRAABI,72,f/0.0,57,Daylight,16,29-05-2025 10:05
Black Round Rotten,black_round_rotten_IMG_20250418_153846_TIMEBURST5_3469_rgb_shift_iter3.jpg,JPG,1697x1697,24,Xiaomi,2312DRAABI,72,f/0.0,56,Daylight,16,29-05-2025 10:05
Black Round Rotten,black_round_rotten_IMG_20250418_153846_TIMEBURST6_3192_gamma_iter1.jpg,JPG,1374x1374,24,Xiaomi,2312DRAABI,72,f/0.0,56,Daylight,16,29-05-2025 10:05
Black Round Rotten,black_round_rotten_IMG_20250418_153846_TIMEBURST2_4015_gamma_iter1.jpg,JPG,1443x1443,24,Xiaomi,2312DRAABI,72,f/0.0,56,Daylight,16,29-05-2025 10:05
Black Round Rotten,black_round_rotten_IMG_20250418_153846_TIMEBURST4_3788_brightness_contrast_iter5.jpg,JPG,1374x1374,24,Xiaomi,2312DRAABI,72,f/0.0,57,Daylight,16,29-05-2025 10:05
Black Round Rotten,black_round_rotten_IMG_20250418_153846_TIMEBURST4_3788_gamma_iter5.jpg,JPG,1374x1374,24,Xiaomi,2312DRAABI,72,f/0.0,50,Daylight,16,29-05-2025 10:05
Black Round Rotten,black_round_rotten_IMG_20250418_153846_TIMEBURST5_3469_rotate_iter4.jpg,JPG,1697x1697,24,Xiaomi,2312DRAABI,72,f/0.0,53,Daylight,16,29-05-2025 10:05
Black Round Rotten,black_round_rotten_IMG_20250418_153846_TIMEBURST6_3192_rgb_shift_iter1.jpg,JPG,1374x1374,24,Xiaomi,2312DRAABI,72,f/0.0,57,Daylight,16,29-05-2025 10:05
Black Round Rotten,black_round_rotten_IMG_20250418_153846_TIMEBURST5_3469_horizontal_flip_iter4.jpg,JPG,1697x1697,24,Xiaomi,2312DRAABI,72,f/0.0,52,Daylight,16,29-05-2025 10:05
Black Round Rotten,black_round_rotten_IMG_20250418_153846_TIMEBURST2_4015_rgb_shift_iter1.jpg,JPG,1443x1443,24,Xiaomi,2312DRAABI,72,f/0.0,57,Daylight,16,29-05-2025 10:05
Black Round Rotten,black_round_rotten_IMG_20250418_153846_TIMEBURST6_3192_rotate_iter2.jpg,JPG,1374x1374,24,Xiaomi,2312DRAABI,72,f/0.0,57,Daylight,16,29-05-2025 10:05
Black Round Rotten,black_round_rotten_IMG_20250418_153846_TIMEBURST4_3788_rgb_shift_iter5.jpg,JPG,1374x1374,24,Xiaomi,2312DRAABI,72,f/0.0,52,Daylight,16,29-05-2025 10:05
Black Round Rotten,black_round_rotten_IMG_20250418_153846_TIMEBURST6_3192_horizontal_flip_iter2.jpg,JPG,1374x1374,24,Xiaomi,2312DRAABI,72,f/0.0,61,Daylight,16,29-05-2025 10:05
Black Round Rotten,black_round_rotten_IMG_20250418_153846_TIMEBURST2_4015_rotate_iter2.jpg,JPG,1443x1443,24,Xiaomi,2312DRAABI,72,f/0.0,61,Daylight,16,29-05-2025 10:05
Black Round Rotten,black_round_rotten_IMG_20250418_153846_TIMEBURST5_3469_brightness_contrast_iter4.jpg,JPG,1697x1697,24,Xiaomi,2312DRAABI,72,f/0.0,60,Daylight,16,29-05-2025 10:05
Black Round Rotten,black_round_rotten_IMG_20250418_153846_TIMEBURST6_3192_brightness_contrast_iter2.jpg,JPG,1374x1374,24,Xiaomi,2312DRAABI,72,f/0.0,60,Daylight,16,29-05-2025 10:05
Black Round Rotten,black_round_rotten_IMG_20250418_153846_TIMEBURST2_4015_horizontal_flip_iter2.jpg,JPG,1443x1443,24,Xiaomi,2312DRAABI,72,f/0.0,59,Daylight,16,29-05-2025 10:05
Black Round Rotten,black_round_rotten_IMG_20250418_153846_TIMEBURST5_3469_gamma_iter4.jpg,JPG,1697x1697,24,Xiaomi,2312DRAABI,72,f/0.0,60,Daylight,16,29-05-2025 10:05
Black Round Rotten,black_round_rotten_IMG_20250418_153846_TIMEBURST6_3192_gamma_iter2.jpg,JPG,1374x1374,24,Xiaomi,2312DRAABI,72,f/0.0,60,Daylight,16,29-05-2025 10:05
Black Round Rotten,black_round_rotten_IMG_20250418_153846_TIMEBURST2_4015_brightness_contrast_iter2.jpg,JPG,1443x1443,24,Xiaomi,2312DRAABI,72,f/0.0,61,Daylight,16,29-05-2025 10:05
Black Round Rotten,black_round_rotten_IMG_20250418_153846_TIMEBURST2_4015_gamma_iter2.jpg,JPG,1443x1443,24,Xiaomi,2312DRAABI,72,f/0.0,60,Daylight,16,29-05-2025 10:05
Black Round Rotten,black_round_rotten_IMG_20250418_153846_TIMEBURST6_3192_rgb_shift_iter2.jpg,JPG,1374x1374,24,Xiaomi,2312DRAABI,72,f/0.0,60,Daylight,16,29-05-2025 10:05
Black Round Rotten,black_round_rotten_IMG_20250418_153846_TIMEBURST5_3469_rgb_shift_iter4.jpg,JPG,1697x1697,24,Xiaomi,2312DRAABI,72,f/0.0,60,Daylight,16,29-05-2025 10:05
Black Round Rotten,black_round_rotten_IMG_20250418_153846_TIMEBURST6_3192_rotate_iter3.jpg,JPG,1374x1374,24,Xiaomi,2312DRAABI,72,f/0.0,60,Daylight,16,29-05-2025 10:05
Black Round Rotten,black_round_rotten_IMG_20250418_153846_TIMEBURST2_4015_rgb_shift_iter2.jpg,JPG,1443x1443,24,Xiaomi,2312DRAABI,72,f/0.0,63,Daylight,16,29-05-2025 10:05
Black Round Rotten,black_round_rotten_IMG_20250418_153846_TIMEBURST6_3192_horizontal_flip_iter3.jpg,JPG,1374x1374,24,Xiaomi,2312DRAABI,72,f/0.0,65,Daylight,16,29-05-2025 10:05
Black Round Rotten,black_round_rotten_IMG_20250418_153846_TIMEBURST6_3192_brightness_contrast_iter3.jpg,JPG,1374x1374,24,Xiaomi,2312DRAABI,72,f/0.0,65,Daylight,16,29-05-2025 10:05
Black Round Rotten,black_round_rotten_IMG_20250418_153846_TIMEBURST2_4015_rotate_iter3.jpg,JPG,1443x1443,24,Xiaomi,2312DRAABI,72,f/0.0,67,Daylight,16,29-05-2025 10:05
Black Round Rotten,black_round_rotten_IMG_20250418_153846_TIMEBURST5_3469_rotate_iter5.jpg,JPG,1697x1697,24,Xiaomi,2312DRAABI,72,f/0.0,75,Daylight,16,29-05-2025 10:05
Black Round Rotten,black_round_rotten_IMG_20250418_153846_TIMEBURST6_3192_gamma_iter3.jpg,JPG,1374x1374,24,Xiaomi,2312DRAABI,72,f/0.0,60,Daylight,16,29-05-2025 10:05
Black Round Rotten,black_round_rotten_IMG_20250418_153846_TIMEBURST2_4015_horizontal_flip_iter3.jpg,JPG,1443x1443,24,Xiaomi,2312DRAABI,72,f/0.0,67,Daylight,16,29-05-2025 10:05
Black Round Rotten,black_round_rotten_IMG_20250418_153846_TIMEBURST5_3469_horizontal_flip_iter5.jpg,JPG,1697x1697,24,Xiaomi,2312DRAABI,72,f/0.0,72,Daylight,16,29-05-2025 10:05
Black Round Rotten,black_round_rotten_IMG_20250418_153846_TIMEBURST2_4015_brightness_contrast_iter3.jpg,JPG,1443x1443,24,Xiaomi,2312DRAABI,72,f/0.0,69,Daylight,16,29-05-2025 10:05
Black Round Rotten,black_round_rotten_IMG_20250418_153846_TIMEBURST6_3192_rgb_shift_iter3.jpg,JPG,1374x1374,24,Xiaomi,2312DRAABI,72,f/0.0,69,Daylight,16,29-05-2025 10:05
Black Round Rotten,black_round_rotten_IMG_20250418_153846_TIMEBURST5_3469_brightness_contrast_iter5.jpg,JPG,1697x1697,24,Xiaomi,2312DRAABI,72,f/0.0,67,Daylight,16,29-05-2025 10:05
Black Round Rotten,black_round_rotten_IMG_20250418_153846_TIMEBURST2_4015_gamma_iter3.jpg,JPG,1443x1443,24,Xiaomi,2312DRAABI,72,f/0.0,69,Daylight,16,29-05-2025 10:06
Black Round Rotten,black_round_rotten_IMG_20250418_153846_TIMEBURST6_3192_rotate_iter4.jpg,JPG,1374x1374,24,Xiaomi,2312DRAABI,72,f/0.0,69,Daylight,16,29-05-2025 10:06
Black Round Rotten,black_round_rotten_IMG_20250418_153846_TIMEBURST5_3469_gamma_iter5.jpg,JPG,1697x1697,24,Xiaomi,2312DRAABI,72,f/0.0,69,Daylight,16,29-05-2025 10:06
Black Round Rotten,black_round_rotten_IMG_20250418_153846_TIMEBURST6_3192_horizontal_flip_iter4.jpg,JPG,1374x1374,24,Xiaomi,2312DRAABI,72,f/0.0,69,Daylight,16,29-05-2025 10:06
Black Round Rotten,black_round_rotten_IMG_20250418_153846_TIMEBURST2_4015_rgb_shift_iter3.jpg,JPG,1443x1443,24,Xiaomi,2312DRAABI,72,f/0.0,69,Daylight,16,29-05-2025 10:06
Black Round Rotten,black_round_rotten_IMG_20250418_153846_TIMEBURST6_3192_brightness_contrast_iter4.jpg,JPG,1374x1374,24,Xiaomi,2312DRAABI,72,f/0.0,72,Daylight,16,29-05-2025 10:06
Black Round Rotten,black_round_rotten_IMG_20250418_153846_TIMEBURST5_3469_rgb_shift_iter5.jpg,JPG,1697x1697,24,Xiaomi,2312DRAABI,72,f/0.0,69,Daylight,16,29-05-2025 10:06
Black Round Rotten,black_round_rotten_IMG_20250418_153846_TIMEBURST2_4015_rotate_iter4.jpg,JPG,1443x1443,24,Xiaomi,2312DRAABI,72,f/0.0,69,Daylight,16,29-05-2025 10:06
Black Round Rotten,black_round_rotten_IMG_20250418_153846_TIMEBURST6_3192_gamma_iter4.jpg,JPG,1374x1374,24,Xiaomi,2312DRAABI,72,f/0.0,72,Daylight,16,29-05-2025 10:06
Black Round Rotten,black_round_rotten_IMG_20250418_153846_TIMEBURST2_4015_horizontal_flip_iter4.jpg,JPG,1443x1443,24,Xiaomi,2312DRAABI,72,f/0.0,72,Daylight,16,29-05-2025 10:06
Black Round Rotten,black_round_rotten_IMG_20250418_153846_TIMEBURST2_4015_brightness_contrast_iter4.jpg,JPG,1443x1443,24,Xiaomi,2312DRAABI,72,f/0.0,75,Daylight,16,29-05-2025 10:06
Black Round Rotten,black_round_rotten_IMG_20250418_153846_TIMEBURST6_3192_rgb_shift_iter4.jpg,JPG,1374x1374,24,Xiaomi,2312DRAABI,72,f/0.0,74,Daylight,16,29-05-2025 10:06
Black Round Rotten,black_round_rotten_IMG_20250418_153846_TIMEBURST7_3899_rotate_iter1.jpg,JPG,1176x1176,24,Xiaomi,2312DRAABI,72,f/0.0,75,Daylight,16,29-05-2025 10:06
Black Round Rotten,black_round_rotten_IMG_20250418_153846_TIMEBURST2_4015_gamma_iter4.jpg,JPG,1443x1443,24,Xiaomi,2312DRAABI,72,f/0.0,77,Daylight,16,29-05-2025 10:06
Black Round Rotten,black_round_rotten_IMG_20250418_153846_TIMEBURST6_3192_rotate_iter5.jpg,JPG,1374x1374,24,Xiaomi,2312DRAABI,72,f/0.0,75,Daylight,16,29-05-2025 10:06
Black Round Rotten,black_round_rotten_IMG_20250418_153846_TIMEBURST6_3192_horizontal_flip_iter5.jpg,JPG,1374x1374,24,Xiaomi,2312DRAABI,72,f/0.0,81,Daylight,16,29-05-2025 10:06
Black Round Rotten,black_round_rotten_IMG_20250418_153846_TIMEBURST7_3899_brightness_contrast_iter1.jpg,JPG,1176x1176,24,Xiaomi,2312DRAABI,72,f/0.0,71,Daylight,16,29-05-2025 10:06
Black Round Rotten,black_round_rotten_IMG_20250418_153846_TIMEBURST7_3899_horizontal_flip_iter1.jpg,JPG,1176x1176,24,Xiaomi,2312DRAABI,72,f/0.0,85,Daylight,16,29-05-2025 10:06
Black Round Rotten,black_round_rotten_IMG_20250418_153846_TIMEBURST2_4015_rgb_shift_iter4.jpg,JPG,1443x1443,24,Xiaomi,2312DRAABI,72,f/0.0,85,Daylight,16,29-05-2025 10:06
Black Round Rotten,black_round_rotten_IMG_20250418_153846_TIMEBURST7_3899_gamma_iter1.jpg,JPG,1176x1176,24,Xiaomi,2312DRAABI,72,f/0.0,85,Daylight,16,29-05-2025 10:06
Black Round Rotten,black_round_rotten_IMG_20250418_153846_TIMEBURST6_3192_brightness_contrast_iter5.jpg,JPG,1374x1374,24,Xiaomi,2312DRAABI,72,f/0.0,84,Daylight,16,29-05-2025 10:06
Black Round Rotten,black_round_rotten_IMG_20250418_153846_TIMEBURST2_4015_rotate_iter5.jpg,JPG,1443x1443,24,Xiaomi,2312DRAABI,72,f/0.0,85,Daylight,16,29-05-2025 10:06
Black Round Rotten,black_round_rotten_IMG_20250418_153846_TIMEBURST6_3192_gamma_iter5.jpg,JPG,1374x1374,24,Xiaomi,2312DRAABI,72,f/0.0,85,Daylight,16,29-05-2025 10:06
Black Round Rotten,black_round_rotten_IMG_20250418_153846_TIMEBURST7_3899_rgb_shift_iter1.jpg,JPG,1176x1176,24,Xiaomi,2312DRAABI,72,f/0.0,85,Daylight,16,29-05-2025 10:06
Black Round Rotten,black_round_rotten_IMG_20250418_153846_TIMEBURST2_4015_horizontal_flip_iter5.jpg,JPG,1443x1443,24,Xiaomi,2312DRAABI,72,f/0.0,85,Daylight,16,29-05-2025 10:06
Black Round Rotten,black_round_rotten_IMG_20250418_153846_TIMEBURST7_3899_rotate_iter2.jpg,JPG,1176x1176,24,Xiaomi,2312DRAABI,72,f/0.0,89,Daylight,16,29-05-2025 10:06
Black Round Rotten,black_round_rotten_IMG_20250418_153846_TIMEBURST6_3192_rgb_shift_iter5.jpg,JPG,1374x1374,24,Xiaomi,2312DRAABI,72,f/0.0,85,Daylight,16,29-05-2025 10:06
Black Round Rotten,black_round_rotten_IMG_20250418_153846_TIMEBURST2_4015_brightness_contrast_iter5.jpg,JPG,1443x1443,24,Xiaomi,2312DRAABI,72,f/0.0,89,Daylight,16,29-05-2025 10:06
Black Round Rotten,black_round_rotten_IMG_20250418_153846_TIMEBURST7_3899_horizontal_flip_iter2.jpg,JPG,1176x1176,24,Xiaomi,2312DRAABI,72,f/0.0,89,Daylight,16,29-05-2025 10:06
Black Round Rotten,black_round_rotten_IMG_20250418_153846_TIMEBURST7_3899_brightness_contrast_iter2.jpg,JPG,1176x1176,24,Xiaomi,2312DRAABI,72,f/0.0,86,Daylight,16,29-05-2025 10:06
Black Round Rotten,black_round_rotten_IMG_20250418_153846_TIMEBURST2_4015_gamma_iter5.jpg,JPG,1443x1443,24,Xiaomi,2312DRAABI,72,f/0.0,94,Daylight,16,29-05-2025 10:06
Black Round Rotten,black_round_rotten_IMG_20250418_153846_TIMEBURST7_3899_gamma_iter2.jpg,JPG,1176x1176,24,Xiaomi,2312DRAABI,72,f/0.0,86,Daylight,16,29-05-2025 10:06
Black Round Rotten,black_round_rotten_IMG_20250418_153846_TIMEBURST2_4015_rgb_shift_iter5.jpg,JPG,1443x1443,24,Xiaomi,2312DRAABI,72,f/0.0,150,Daylight,16,29-05-2025 10:06
Black Round Rotten,black_round_rotten_IMG_20250418_153846_TIMEBURST8_3907_rotate_iter1.jpg,JPG,1443x1443,24,Xiaomi,2312DRAABI,72,f/0.0,86,Daylight,16,29-05-2025 10:06
Black Round Rotten,black_round_rotten_IMG_20250418_153846_TIMEBURST7_3899_rgb_shift_iter2.jpg,JPG,1176x1176,24,Xiaomi,2312DRAABI,72,f/0.0,150,Daylight,16,29-05-2025 10:06
Black Round Rotten,black_round_rotten_IMG_20250418_153846_TIMEBURST8_3907_horizontal_flip_iter1.jpg,JPG,1443x1443,24,Xiaomi,2312DRAABI,72,f/0.0,86,Daylight,16,29-05-2025 10:06
Black Round Rotten,black_round_rotten_IMG_20250418_153846_TIMEBURST7_3899_rotate_iter3.jpg,JPG,1176x1176,24,Xiaomi,2312DRAABI,72,f/0.0,150,Daylight,16,29-05-2025 10:06
Black Round Rotten,black_round_rotten_IMG_20250418_153846_TIMEBURST8_3907_brightness_contrast_iter1.jpg,JPG,1443x1443,24,Xiaomi,2312DRAABI,72,f/0.0,79,Daylight,16,29-05-2025 10:06
Black Round Rotten,black_round_rotten_IMG_20250418_153846_TIMEBURST7_3899_horizontal_flip_iter3.jpg,JPG,1176x1176,24,Xiaomi,2312DRAABI,72,f/0.0,79,Daylight,16,29-05-2025 10:06
Black Round Rotten,black_round_rotten_IMG_20250418_153846_TIMEBURST7_3899_brightness_contrast_iter3.jpg,JPG,1176x1176,24,Xiaomi,2312DRAABI,72,f/0.0,79,Daylight,16,29-05-2025 10:06
Black Round Rotten,black_round_rotten_IMG_20250418_153846_TIMEBURST8_3907_gamma_iter1.jpg,JPG,1443x1443,24,Xiaomi,2312DRAABI,72,f/0.0,150,Daylight,16,29-05-2025 10:06
Black Round Rotten,black_round_rotten_IMG_20250418_153846_TIMEBURST7_3899_gamma_iter3.jpg,JPG,1176x1176,24,Xiaomi,2312DRAABI,72,f/0.0,79,Daylight,16,29-05-2025 10:06
Black Round Rotten,black_round_rotten_IMG_20250418_153846_TIMEBURST8_3907_rgb_shift_iter1.jpg,JPG,1443x1443,24,Xiaomi,2312DRAABI,72,f/0.0,79,Daylight,16,29-05-2025 10:06
Black Round Rotten,black_round_rotten_IMG_20250418_153846_TIMEBURST7_3899_rgb_shift_iter3.jpg,JPG,1176x1176,24,Xiaomi,2312DRAABI,72,f/0.0,79,Daylight,16,29-05-2025 10:06
Black Round Rotten,black_round_rotten_IMG_20250418_153846_TIMEBURST7_3899_rotate_iter4.jpg,JPG,1176x1176,24,Xiaomi,2312DRAABI,72,f/0.0,88,Daylight,16,29-05-2025 10:06
Black Round Rotten,black_round_rotten_IMG_20250418_153846_TIMEBURST7_3899_horizontal_flip_iter4.jpg,JPG,1176x1176,24,Xiaomi,2312DRAABI,72,f/0.0,85,Daylight,16,29-05-2025 10:06
Black Round Rotten,black_round_rotten_IMG_20250418_153846_TIMEBURST7_3899_brightness_contrast_iter4.jpg,JPG,1176x1176,24,Xiaomi,2312DRAABI,72,f/0.0,87,Daylight,16,29-05-2025 10:06
Black Round Rotten,black_round_rotten_IMG_20250418_153846_TIMEBURST8_3907_rotate_iter2.jpg,JPG,1443x1443,24,Xiaomi,2312DRAABI,72,f/0.0,88,Daylight,16,29-05-2025 10:06
Black Round Rotten,black_round_rotten_IMG_20250418_153846_TIMEBURST7_3899_gamma_iter4.jpg,JPG,1176x1176,24,Xiaomi,2312DRAABI,72,f/0.0,79,Daylight,16,29-05-2025 10:06
Black Round Rotten,black_round_rotten_IMG_20250418_153846_TIMEBURST8_3907_horizontal_flip_iter2.jpg,JPG,1443x1443,24,Xiaomi,2312DRAABI,72,f/0.0,81,Daylight,16,29-05-2025 10:06
Black Round Rotten,black_round_rotten_IMG_20250418_153846_TIMEBURST7_3899_rgb_shift_iter4.jpg,JPG,1176x1176,24,Xiaomi,2312DRAABI,72,f/0.0,81,Daylight,16,29-05-2025 10:06
Black Round Rotten,black_round_rotten_IMG_20250418_153846_TIMEBURST8_3907_brightness_contrast_iter2.jpg,JPG,1443x1443,24,Xiaomi,2312DRAABI,72,f/0.0,96,Daylight,16,29-05-2025 10:06
Black Round Rotten,black_round_rotten_IMG_20250418_153846_TIMEBURST7_3899_rotate_iter5.jpg,JPG,1176x1176,24,Xiaomi,2312DRAABI,72,f/0.0,81,Daylight,16,29-05-2025 10:06
Black Round Rotten,black_round_rotten_IMG_20250418_153846_TIMEBURST8_3907_gamma_iter2.jpg,JPG,1443x1443,24,Xiaomi,2312DRAABI,72,f/0.0,132,Daylight,16,29-05-2025 10:06
Black Round Rotten,black_round_rotten_IMG_20250418_153846_TIMEBURST7_3899_horizontal_flip_iter5.jpg,JPG,1176x1176,24,Xiaomi,2312DRAABI,72,f/0.0,116,Daylight,16,29-05-2025 10:06
Black Round Rotten,black_round_rotten_IMG_20250418_153846_TIMEBURST9_3687_rotate_iter1.jpg,JPG,1378x1378,24,Xiaomi,2312DRAABI,72,f/0.0,116,Daylight,16,29-05-2025 10:06
Black Round Rotten,black_round_rotten_IMG_20250418_153846_TIMEBURST7_3899_brightness_contrast_iter5.jpg,JPG,1176x1176,24,Xiaomi,2312DRAABI,72,f/0.0,116,Daylight,16,29-05-2025 10:06
Black Round Rotten,black_round_rotten_IMG_20250418_153846_TIMEBURST9_3687_horizontal_flip_iter1.jpg,JPG,1378x1378,24,Xiaomi,2312DRAABI,72,f/0.0,81,Daylight,16,29-05-2025 10:06
Black Round Rotten,black_round_rotten_IMG_20250418_153846_TIMEBURST8_3907_rgb_shift_iter2.jpg,JPG,1443x1443,24,Xiaomi,2312DRAABI,72,f/0.0,116,Daylight,16,29-05-2025 10:06
Black Round Rotten,black_round_rotten_IMG_20250418_153846_TIMEBURST7_3899_gamma_iter5.jpg,JPG,1176x1176,24,Xiaomi,2312DRAABI,72,f/0.0,116,Daylight,16,29-05-2025 10:06
Black Round Rotten,black_round_rotten_IMG_20250418_153846_TIMEBURST8_3907_rotate_iter3.jpg,JPG,1443x1443,24,Xiaomi,2312DRAABI,72,f/0.0,116,Daylight,16,29-05-2025 10:06
Black Round Rotten,black_round_rotten_IMG_20250418_153846_TIMEBURST9_3687_brightness_contrast_iter1.jpg,JPG,1378x1378,24,Xiaomi,2312DRAABI,72,f/0.0,116,Daylight,16,29-05-2025 10:06
Black Round Rotten,black_round_rotten_IMG_20250418_153846_TIMEBURST8_3907_horizontal_flip_iter3.jpg,JPG,1443x1443,24,Xiaomi,2312DRAABI,72,f/0.0,116,Daylight,16,29-05-2025 10:06
Black Round Rotten,black_round_rotten_IMG_20250418_153846_TIMEBURST7_3899_rgb_shift_iter5.jpg,JPG,1176x1176,24,Xiaomi,2312DRAABI,72,f/0.0,116,Daylight,16,29-05-2025 10:06
Black Round Rotten,black_round_rotten_IMG_20250418_153846_TIMEBURST9_3687_gamma_iter1.jpg,JPG,1378x1378,24,Xiaomi,2312DRAABI,72,f/0.0,116,Daylight,16,29-05-2025 10:06
Black Round Rotten,black_round_rotten_IMG_20250418_153846_TIMEBURST8_3907_brightness_contrast_iter3.jpg,JPG,1443x1443,24,Xiaomi,2312DRAABI,72,f/0.0,116,Daylight,16,29-05-2025 10:06
Black Round Rotten,black_round_rotten_IMG_20250418_153846_TIMEBURST9_3687_rgb_shift_iter1.jpg,JPG,1378x1378,24,Xiaomi,2312DRAABI,72,f/0.0,89,Daylight,16,29-05-2025 10:06
Black Round Rotten,black_round_rotten_IMG_20250418_153846_TIMEBURST8_3907_gamma_iter3.jpg,JPG,1443x1443,24,Xiaomi,2312DRAABI,72,f/0.0,116,Daylight,16,29-05-2025 10:06
Black Round Rotten,black_round_rotten_IMG_20250418_153846_TIMEBURST9_3687_rotate_iter2.jpg,JPG,1378x1378,24,Xiaomi,2312DRAABI,72,f/0.0,116,Daylight,16,29-05-2025 10:06
Black Round Rotten,black_round_rotten_IMG_20250418_153846_TIMEBURST8_3907_rgb_shift_iter3.jpg,JPG,1443x1443,24,Xiaomi,2312DRAABI,72,f/0.0,143,Daylight,16,29-05-2025 10:06
Black Round Rotten,black_round_rotten_IMG_20250418_153846_TIMEBURST9_3687_horizontal_flip_iter2.jpg,JPG,1378x1378,24,Xiaomi,2312DRAABI,72,f/0.0,85,Daylight,16,29-05-2025 10:06
Black Round Rotten,black_round_rotten_IMG_20250418_153846_TIMEBURST10_3457_rotate_iter1.jpg,JPG,1174x1174,24,Xiaomi,2312DRAABI,72,f/0.0,81,Daylight,16,29-05-2025 10:06
Black Round Rotten,black_round_rotten_IMG_20250418_153846_TIMEBURST8_3907_rotate_iter4.jpg,JPG,1443x1443,24,Xiaomi,2312DRAABI,72,f/0.0,81,Daylight,16,29-05-2025 10:06
Black Round Rotten,black_round_rotten_IMG_20250418_153846_TIMEBURST10_3457_horizontal_flip_iter1.jpg,JPG,1174x1174,24,Xiaomi,2312DRAABI,72,f/0.0,85,Daylight,16,29-05-2025 10:06
Black Round Rotten,black_round_rotten_IMG_20250418_153846_TIMEBURST9_3687_brightness_contrast_iter2.jpg,JPG,1378x1378,24,Xiaomi,2312DRAABI,72,f/0.0,50,Daylight,16,29-05-2025 10:06
Black Round Rotten,black_round_rotten_IMG_20250418_153846_TIMEBURST8_3907_horizontal_flip_iter4.jpg,JPG,1443x1443,24,Xiaomi,2312DRAABI,72,f/0.0,50,Daylight,16,29-05-2025 10:06
Black Round Rotten,black_round_rotten_IMG_20250418_153846_TIMEBURST10_3457_brightness_contrast_iter1.jpg,JPG,1174x1174,24,Xiaomi,2312DRAABI,72,f/0.0,50,Daylight,16,29-05-2025 10:06
Black Round Rotten,black_round_rotten_IMG_20250418_153846_TIMEBURST9_3687_gamma_iter2.jpg,JPG,1378x1378,24,Xiaomi,2312DRAABI,72,f/0.0,50,Daylight,16,29-05-2025 10:06
Black Round Rotten,black_round_rotten_IMG_20250418_153846_TIMEBURST10_3457_gamma_iter1.jpg,JPG,1174x1174,24,Xiaomi,2312DRAABI,72,f/0.0,50,Daylight,16,29-05-2025 10:06
Black Round Rotten,black_round_rotten_IMG_20250418_153846_TIMEBURST8_3907_brightness_contrast_iter4.jpg,JPG,1443x1443,24,Xiaomi,2312DRAABI,72,f/0.0,50,Daylight,16,29-05-2025 10:06
Black Round Rotten,black_round_rotten_IMG_20250418_153846_TIMEBURST9_3687_rgb_shift_iter2.jpg,JPG,1378x1378,24,Xiaomi,2312DRAABI,72,f/0.0,52,Daylight,16,29-05-2025 10:06
Black Round Rotten,black_round_rotten_IMG_20250418_153846_TIMEBURST8_3907_gamma_iter4.jpg,JPG,1443x1443,24,Xiaomi,2312DRAABI,72,f/0.0,50,Daylight,16,29-05-2025 10:06
Black Round Rotten,black_round_rotten_IMG_20250418_153846_TIMEBURST10_3457_rgb_shift_iter1.jpg,JPG,1174x1174,24,Xiaomi,2312DRAABI,72,f/0.0,57,Daylight,16,29-05-2025 10:06
Black Round Rotten,black_round_rotten_IMG_20250418_153846_TIMEBURST9_3687_rotate_iter3.jpg,JPG,1378x1378,24,Xiaomi,2312DRAABI,72,f/0.0,54,Daylight,16,29-05-2025 10:06
Black Round Rotten,black_round_rotten_IMG_20250418_153846_TIMEBURST10_3457_rotate_iter2.jpg,JPG,1174x1174,24,Xiaomi,2312DRAABI,72,f/0.0,54,Daylight,16,29-05-2025 10:06
Black Round Rotten,black_round_rotten_IMG_20250418_153846_TIMEBURST8_3907_rgb_shift_iter4.jpg,JPG,1443x1443,24,Xiaomi,2312DRAABI,72,f/0.0,57,Daylight,16,29-05-2025 10:06
Black Round Rotten,black_round_rotten_IMG_20250418_153846_TIMEBURST10_3457_horizontal_flip_iter2.jpg,JPG,1174x1174,24,Xiaomi,2312DRAABI,72,f/0.0,56,Daylight,16,29-05-2025 10:06
Black Round Rotten,black_round_rotten_IMG_20250418_153846_TIMEBURST9_3687_horizontal_flip_iter3.jpg,JPG,1378x1378,24,Xiaomi,2312DRAABI,72,f/0.0,56,Daylight,16,29-05-2025 10:06
Black Round Rotten,black_round_rotten_IMG_20250418_153846_TIMEBURST8_3907_rotate_iter5.jpg,JPG,1443x1443,24,Xiaomi,2312DRAABI,72,f/0.0,56,Daylight,16,29-05-2025 10:06
Black Round Rotten,black_round_rotten_IMG_20250418_153846_TIMEBURST11_3390_rotate_iter1.jpg,JPG,1377x1377,24,Xiaomi,2312DRAABI,72,f/0.0,57,Daylight,16,29-05-2025 10:06
Black Round Rotten,black_round_rotten_IMG_20250418_153846_TIMEBURST10_3457_brightness_contrast_iter2.jpg,JPG,1174x1174,24,Xiaomi,2312DRAABI,72,f/0.0,50,Daylight,16,29-05-2025 10:06
Black Round Rotten,black_round_rotten_IMG_20250418_153846_TIMEBURST9_3687_brightness_contrast_iter3.jpg,JPG,1378x1378,24,Xiaomi,2312DRAABI,72,f/0.0,53,Daylight,16,29-05-2025 10:06
Black Round Rotten,black_round_rotten_IMG_20250418_153846_TIMEBURST8_3907_horizontal_flip_iter5.jpg,JPG,1443x1443,24,Xiaomi,2312DRAABI,72,f/0.0,57,Daylight,16,29-05-2025 10:06
Black Round Rotten,black_round_rotten_IMG_20250418_153846_TIMEBURST11_3390_horizontal_flip_iter1.jpg,JPG,1377x1377,24,Xiaomi,2312DRAABI,72,f/0.0,52,Daylight,16,29-05-2025 10:06
Black Round Rotten,black_round_rotten_IMG_20250418_153846_TIMEBURST10_3457_gamma_iter2.jpg,JPG,1174x1174,24,Xiaomi,2312DRAABI,72,f/0.0,57,Daylight,16,29-05-2025 10:06
Black Round Rotten,black_round_rotten_IMG_20250418_153846_TIMEBURST9_3687_gamma_iter3.jpg,JPG,1378x1378,24,Xiaomi,2312DRAABI,72,f/0.0,57,Daylight,16,29-05-2025 10:06
Black Round Rotten,black_round_rotten_IMG_20250418_153846_TIMEBURST8_3907_brightness_contrast_iter5.jpg,JPG,1443x1443,24,Xiaomi,2312DRAABI,72,f/0.0,52,Daylight,16,29-05-2025 10:06
Black Round Rotten,black_round_rotten_IMG_20250418_153846_TIMEBURST11_3390_brightness_contrast_iter1.jpg,JPG,1377x1377,24,Xiaomi,2312DRAABI,72,f/0.0,61,Daylight,16,29-05-2025 10:06
Black Round Rotten,black_round_rotten_IMG_20250418_153846_TIMEBURST10_3457_rgb_shift_iter2.jpg,JPG,1174x1174,24,Xiaomi,2312DRAABI,72,f/0.0,61,Daylight,16,29-05-2025 10:06
Black Round Rotten,black_round_rotten_IMG_20250418_153846_TIMEBURST8_3907_gamma_iter5.jpg,JPG,1443x1443,24,Xiaomi,2312DRAABI,72,f/0.0,60,Daylight,16,29-05-2025 10:06
Black Round Rotten,black_round_rotten_IMG_20250418_153846_TIMEBURST9_3687_rgb_shift_iter3.jpg,JPG,1378x1378,24,Xiaomi,2312DRAABI,72,f/0.0,60,Daylight,16,29-05-2025 10:06
Black Round Rotten,black_round_rotten_IMG_20250418_153846_TIMEBURST11_3390_gamma_iter1.jpg,JPG,1377x1377,24,Xiaomi,2312DRAABI,72,f/0.0,59,Daylight,16,29-05-2025 10:06
Black Round Rotten,black_round_rotten_IMG_20250418_153846_TIMEBURST10_3457_rotate_iter3.jpg,JPG,1174x1174,24,Xiaomi,2312DRAABI,72,f/0.0,60,Daylight,16,29-05-2025 10:06
Black Round Rotten,black_round_rotten_IMG_20250418_153846_TIMEBURST9_3687_rotate_iter4.jpg,JPG,1378x1378,24,Xiaomi,2312DRAABI,72,f/0.0,60,Daylight,16,29-05-2025 10:06
Black Round Rotten,black_round_rotten_IMG_20250418_153846_TIMEBURST8_3907_rgb_shift_iter5.jpg,JPG,1443x1443,24,Xiaomi,2312DRAABI,72,f/0.0,61,Daylight,16,29-05-2025 10:06
Black Round Rotten,black_round_rotten_IMG_20250418_153846_TIMEBURST10_3457_horizontal_flip_iter3.jpg,JPG,1174x1174,24,Xiaomi,2312DRAABI,72,f/0.0,60,Daylight,16,29-05-2025 10:06
Black Round Rotten,black_round_rotten_IMG_20250418_153846_TIMEBURST11_3390_rgb_shift_iter1.jpg,JPG,1377x1377,24,Xiaomi,2312DRAABI,72,f/0.0,60,Daylight,16,29-05-2025 10:06
Black Round Rotten,black_round_rotten_IMG_20250418_153846_TIMEBURST9_3687_horizontal_flip_iter4.jpg,JPG,1378x1378,24,Xiaomi,2312DRAABI,72,f/0.0,60,Daylight,16,29-05-2025 10:06
Black Round Rotten,black_round_rotten_IMG_20250418_153846_TIMEBURST10_3457_brightness_contrast_iter3.jpg,JPG,1174x1174,24,Xiaomi,2312DRAABI,72,f/0.0,60,Daylight,16,29-05-2025 10:06
Black Round Rotten,black_round_rotten_IMG_20250418_153846_TIMEBURST9_3687_brightness_contrast_iter4.jpg,JPG,1378x1378,24,Xiaomi,2312DRAABI,72,f/0.0,63,Daylight,16,29-05-2025 10:06
Black Round Rotten,black_round_rotten_IMG_20250418_153846_TIMEBURST11_3390_rotate_iter2.jpg,JPG,1377x1377,24,Xiaomi,2312DRAABI,72,f/0.0,65,Daylight,16,29-05-2025 10:06
Black Round Rotten,black_round_rotten_IMG_20250418_153846_TIMEBURST10_3457_gamma_iter3.jpg,JPG,1174x1174,24,Xiaomi,2312DRAABI,72,f/0.0,65,Daylight,16,29-05-2025 10:06
Black Round Rotten,black_round_rotten_IMG_20250418_153846_TIMEBURST9_3687_gamma_iter4.jpg,JPG,1378x1378,24,Xiaomi,2312DRAABI,72,f/0.0,67,Daylight,16,29-05-2025 10:06
Black Round Rotten,black_round_rotten_IMG_20250418_153846_TIMEBURST11_3390_horizontal_flip_iter2.jpg,JPG,1377x1377,24,Xiaomi,2312DRAABI,72,f/0.0,75,Daylight,16,29-05-2025 10:06
Black Round Rotten,black_round_rotten_IMG_20250418_153846_TIMEBURST10_3457_rgb_shift_iter3.jpg,JPG,1174x1174,24,Xiaomi,2312DRAABI,72,f/0.0,60,Daylight,16,29-05-2025 10:06
Black Round Rotten,black_round_rotten_IMG_20250418_153846_TIMEBURST11_3390_brightness_contrast_iter2.jpg,JPG,1377x1377,24,Xiaomi,2312DRAABI,72,f/0.0,67,Daylight,16,29-05-2025 10:06
Black Round Rotten,black_round_rotten_IMG_20250418_153846_TIMEBURST10_3457_rotate_iter4.jpg,JPG,1174x1174,24,Xiaomi,2312DRAABI,72,f/0.0,72,Daylight,16,29-05-2025 10:06
Black Round Rotten,black_round_rotten_IMG_20250418_153846_TIMEBURST9_3687_rgb_shift_iter4.jpg,JPG,1378x1378,24,Xiaomi,2312DRAABI,72,f/0.0,69,Daylight,16,29-05-2025 10:06
Black Round Rotten,black_round_rotten_IMG_20250418_153846_TIMEBURST10_3457_horizontal_flip_iter4.jpg,JPG,1174x1174,24,Xiaomi,2312DRAABI,72,f/0.0,69,Daylight,16,29-05-2025 10:06
Black Round Rotten,black_round_rotten_IMG_20250418_153846_TIMEBURST11_3390_gamma_iter2.jpg,JPG,1377x1377,24,Xiaomi,2312DRAABI,72,f/0.0,67,Daylight,16,29-05-2025 10:06
Black Round Rotten,black_round_rotten_IMG_20250418_153846_TIMEBURST10_3457_brightness_contrast_iter4.jpg,JPG,1174x1174,24,Xiaomi,2312DRAABI,72,f/0.0,69,Daylight,16,29-05-2025 10:06
Black Round Rotten,black_round_rotten_IMG_20250418_153846_TIMEBURST9_3687_rotate_iter5.jpg,JPG,1378x1378,24,Xiaomi,2312DRAABI,72,f/0.0,69,Daylight,16,29-05-2025 10:06
Black Round Rotten,black_round_rotten_IMG_20250418_153846_TIMEBURST10_3457_gamma_iter4.jpg,JPG,1174x1174,24,Xiaomi,2312DRAABI,72,f/0.0,69,Daylight,16,29-05-2025 10:06
Black Round Rotten,black_round_rotten_IMG_20250418_153846_TIMEBURST9_3687_horizontal_flip_iter5.jpg,JPG,1378x1378,24,Xiaomi,2312DRAABI,72,f/0.0,69,Daylight,16,29-05-2025 10:06
Black Round Rotten,black_round_rotten_IMG_20250418_153846_TIMEBURST11_3390_rgb_shift_iter2.jpg,JPG,1377x1377,24,Xiaomi,2312DRAABI,72,f/0.0,69,Daylight,16,29-05-2025 10:06
Black Round Rotten,black_round_rotten_IMG_20250418_153846_TIMEBURST9_3687_brightness_contrast_iter5.jpg,JPG,1378x1378,24,Xiaomi,2312DRAABI,72,f/0.0,72,Daylight,16,29-05-2025 10:06
Black Round Rotten,black_round_rotten_IMG_20250418_153846_TIMEBURST10_3457_rgb_shift_iter4.jpg,JPG,1174x1174,24,Xiaomi,2312DRAABI,72,f/0.0,69,Daylight,16,29-05-2025 10:06
Black Round Rotten,black_round_rotten_IMG_20250418_153846_TIMEBURST11_3390_rotate_iter3.jpg,JPG,1377x1377,24,Xiaomi,2312DRAABI,72,f/0.0,69,Daylight,16,29-05-2025 10:06
Black Round Rotten,black_round_rotten_IMG_20250418_153846_TIMEBURST10_3457_rotate_iter5.jpg,JPG,1174x1174,24,Xiaomi,2312DRAABI,72,f/0.0,72,Daylight,16,29-05-2025 10:06
Black Round Rotten,black_round_rotten_IMG_20250418_153846_TIMEBURST9_3687_gamma_iter5.jpg,JPG,1378x1378,24,Xiaomi,2312DRAABI,72,f/0.0,72,Daylight,16,29-05-2025 10:06
Black Round Rotten,black_round_rotten_IMG_20250418_153846_TIMEBURST11_3390_horizontal_flip_iter3.jpg,JPG,1377x1377,24,Xiaomi,2312DRAABI,72,f/0.0,75,Daylight,16,29-05-2025 10:06
Black Round Rotten,black_round_rotten_IMG_20250418_153846_TIMEBURST10_3457_horizontal_flip_iter5.jpg,JPG,1174x1174,24,Xiaomi,2312DRAABI,72,f/0.0,74,Daylight,16,29-05-2025 10:06
Black Round Rotten,black_round_rotten_IMG_20250418_153846_TIMEBURST11_3390_brightness_contrast_iter3.jpg,JPG,1377x1377,24,Xiaomi,2312DRAABI,72,f/0.0,75,Daylight,16,29-05-2025 10:06
Black Round Rotten,black_round_rotten_IMG_20250418_153846_TIMEBURST9_3687_rgb_shift_iter5.jpg,JPG,1378x1378,24,Xiaomi,2312DRAABI,72,f/0.0,77,Daylight,16,29-05-2025 10:06
Black Round Rotten,black_round_rotten_IMG_20250418_153846_TIMEBURST10_3457_brightness_contrast_iter5.jpg,JPG,1174x1174,24,Xiaomi,2312DRAABI,72,f/0.0,75,Daylight,16,29-05-2025 10:06
Black Round Rotten,black_round_rotten_IMG_20250418_153846_TIMEBURST11_3390_gamma_iter3.jpg,JPG,1377x1377,24,Xiaomi,2312DRAABI,72,f/0.0,81,Daylight,16,29-05-2025 10:06
Black Round Rotten,black_round_rotten_IMG_20250418_153846_TIMEBURST10_3457_gamma_iter5.jpg,JPG,1174x1174,24,Xiaomi,2312DRAABI,72,f/0.0,71,Daylight,16,29-05-2025 10:06
Black Round Rotten,black_round_rotten_IMG_20250418_153846_TIMEBURST10_3457_rgb_shift_iter5.jpg,JPG,1174x1174,24,Xiaomi,2312DRAABI,72,f/0.0,85,Daylight,16,29-05-2025 10:06
Black Round Rotten,black_round_rotten_IMG_20250418_153846_TIMEBURST11_3390_rgb_shift_iter3.jpg,JPG,1377x1377,24,Xiaomi,2312DRAABI,72,f/0.0,85,Daylight,16,29-05-2025 10:06
Black Round Rotten,black_round_rotten_IMG_20250418_153846_TIMEBURST11_3390_rotate_iter4.jpg,JPG,1377x1377,24,Xiaomi,2312DRAABI,72,f/0.0,85,Daylight,16,29-05-2025 10:06
Black Round Rotten,black_round_rotten_IMG_20250418_153846_TIMEBURST11_3390_horizontal_flip_iter4.jpg,JPG,1377x1377,24,Xiaomi,2312DRAABI,72,f/0.0,84,Daylight,16,29-05-2025 10:06
Black Round Rotten,black_round_rotten_IMG_20250418_153846_TIMEBURST11_3390_brightness_contrast_iter4.jpg,JPG,1377x1377,24,Xiaomi,2312DRAABI,72,f/0.0,85,Daylight,16,29-05-2025 10:06
Black Round Rotten,black_round_rotten_IMG_20250418_153846_TIMEBURST11_3390_gamma_iter4.jpg,JPG,1377x1377,24,Xiaomi,2312DRAABI,72,f/0.0,85,Daylight,16,29-05-2025 10:06
Black Round Rotten,black_round_rotten_IMG_20250418_153846_TIMEBURST11_3390_rgb_shift_iter4.jpg,JPG,1377x1377,24,Xiaomi,2312DRAABI,72,f/0.0,85,Daylight,16,29-05-2025 10:06
Black Round Rotten,black_round_rotten_IMG_20250418_153846_TIMEBURST11_3390_rotate_iter5.jpg,JPG,1377x1377,24,Xiaomi,2312DRAABI,72,f/0.0,85,Daylight,16,29-05-2025 10:06
Black Round Rotten,black_round_rotten_IMG_20250418_153846_TIMEBURST11_3390_horizontal_flip_iter5.jpg,JPG,1377x1377,24,Xiaomi,2312DRAABI,72,f/0.0,89,Daylight,16,29-05-2025 10:06
Black Round Rotten,black_round_rotten_IMG_20250418_153846_TIMEBURST11_3390_brightness_contrast_iter5.jpg,JPG,1377x1377,24,Xiaomi,2312DRAABI,72,f/0.0,85,Daylight,16,29-05-2025 10:06
Black Round Rotten,black_round_rotten_IMG_20250418_153846_TIMEBURST12_3608_rotate_iter1.jpg,JPG,1370x1370,24,Xiaomi,2312DRAABI,72,f/0.0,89,Daylight,16,29-05-2025 10:06
Black Round Rotten,black_round_rotten_IMG_20250418_153846_TIMEBURST11_3390_gamma_iter5.jpg,JPG,1377x1377,24,Xiaomi,2312DRAABI,72,f/0.0,89,Daylight,16,29-05-2025 10:06
Black Round Rotten,black_round_rotten_IMG_20250418_153846_TIMEBURST12_3608_horizontal_flip_iter1.jpg,JPG,1370x1370,24,Xiaomi,2312DRAABI,72,f/0.0,86,Daylight,16,29-05-2025 10:06
Black Round Rotten,black_round_rotten_IMG_20250418_153846_TIMEBURST11_3390_rgb_shift_iter5.jpg,JPG,1377x1377,24,Xiaomi,2312DRAABI,72,f/0.0,94,Daylight,16,29-05-2025 10:06
Black Round Rotten,black_round_rotten_IMG_20250418_153846_TIMEBURST12_3608_brightness_contrast_iter1.jpg,JPG,1370x1370,24,Xiaomi,2312DRAABI,72,f/0.0,86,Daylight,16,29-05-2025 10:06
Black Round Rotten,black_round_rotten_IMG_20250418_153846_TIMEBURST13_3709_rotate_iter1.jpg,JPG,1242x1242,24,Xiaomi,2312DRAABI,72,f/0.0,150,Daylight,16,29-05-2025 10:06
Black Round Rotten,black_round_rotten_IMG_20250418_153846_TIMEBURST12_3608_gamma_iter1.jpg,JPG,1370x1370,24,Xiaomi,2312DRAABI,72,f/0.0,86,Daylight,16,29-05-2025 10:06
Black Round Rotten,black_round_rotten_IMG_20250418_153846_TIMEBURST13_3709_horizontal_flip_iter1.jpg,JPG,1242x1242,24,Xiaomi,2312DRAABI,72,f/0.0,150,Daylight,16,29-05-2025 10:06
Black Round Rotten,black_round_rotten_IMG_20250418_153846_TIMEBURST12_3608_rgb_shift_iter1.jpg,JPG,1370x1370,24,Xiaomi,2312DRAABI,72,f/0.0,86,Daylight,16,29-05-2025 10:06
Black Round Rotten,black_round_rotten_IMG_20250418_153846_TIMEBURST13_3709_brightness_contrast_iter1.jpg,JPG,1242x1242,24,Xiaomi,2312DRAABI,72,f/0.0,150,Daylight,16,29-05-2025 10:06
Black Round Rotten,black_round_rotten_IMG_20250418_153846_TIMEBURST14_3839_rotate_iter1.jpg,JPG,1524x1524,24,Xiaomi,2312DRAABI,72,f/0.0,79,Daylight,16,29-05-2025 10:06
Black Round Rotten,black_round_rotten_IMG_20250418_153846_TIMEBURST13_3709_gamma_iter1.jpg,JPG,1242x1242,24,Xiaomi,2312DRAABI,72,f/0.0,79,Daylight,16,29-05-2025 10:06
Black Round Rotten,black_round_rotten_IMG_20250418_153846_TIMEBURST12_3608_rotate_iter2.jpg,JPG,1370x1370,24,Xiaomi,2312DRAABI,72,f/0.0,79,Daylight,16,29-05-2025 10:06
Black Round Rotten,black_round_rotten_IMG_20250418_153846_TIMEBURST14_3839_horizontal_flip_iter1.jpg,JPG,1524x1524,24,Xiaomi,2312DRAABI,72,f/0.0,150,Daylight,16,29-05-2025 10:06
Black Round Rotten,black_round_rotten_IMG_20250418_153846_TIMEBURST12_3608_horizontal_flip_iter2.jpg,JPG,1370x1370,24,Xiaomi,2312DRAABI,72,f/0.0,79,Daylight,16,29-05-2025 10:06
Black Round Rotten,black_round_rotten_IMG_20250418_153846_TIMEBURST13_3709_rgb_shift_iter1.jpg,JPG,1242x1242,24,Xiaomi,2312DRAABI,72,f/0.0,79,Daylight,16,29-05-2025 10:06
Black Round Rotten,black_round_rotten_IMG_20250418_153846_TIMEBURST14_3839_brightness_contrast_iter1.jpg,JPG,1524x1524,24,Xiaomi,2312DRAABI,72,f/0.0,79,Daylight,16,29-05-2025 10:06
Black Round Rotten,black_round_rotten_IMG_20250418_153846_TIMEBURST12_3608_brightness_contrast_iter2.jpg,JPG,1370x1370,24,Xiaomi,2312DRAABI,72,f/0.0,88,Daylight,16,29-05-2025 10:06
Black Round Rotten,black_round_rotten_IMG_20250418_153846_TIMEBURST13_3709_rotate_iter2.jpg,JPG,1242x1242,24,Xiaomi,2312DRAABI,72,f/0.0,85,Daylight,16,29-05-2025 10:06
Black Round Rotten,black_round_rotten_IMG_20250418_153846_TIMEBURST14_3839_gamma_iter1.jpg,JPG,1524x1524,24,Xiaomi,2312DRAABI,72,f/0.0,87,Daylight,16,29-05-2025 10:06
Black Round Rotten,black_round_rotten_IMG_20250418_153846_TIMEBURST12_3608_gamma_iter2.jpg,JPG,1370x1370,24,Xiaomi,2312DRAABI,72,f/0.0,88,Daylight,16,29-05-2025 10:06
Black Round Rotten,black_round_rotten_IMG_20250418_153846_TIMEBURST13_3709_horizontal_flip_iter2.jpg,JPG,1242x1242,24,Xiaomi,2312DRAABI,72,f/0.0,79,Daylight,16,29-05-2025 10:06
Black Round Rotten,black_round_rotten_IMG_20250418_153846_TIMEBURST13_3709_brightness_contrast_iter2.jpg,JPG,1242x1242,24,Xiaomi,2312DRAABI,72,f/0.0,81,Daylight,16,29-05-2025 10:06
Black Round Rotten,black_round_rotten_IMG_20250418_153846_TIMEBURST14_3839_rgb_shift_iter1.jpg,JPG,1524x1524,24,Xiaomi,2312DRAABI,72,f/0.0,81,Daylight,16,29-05-2025 10:06
Black Round Rotten,black_round_rotten_IMG_20250418_153846_TIMEBURST12_3608_rgb_shift_iter2.jpg,JPG,1370x1370,24,Xiaomi,2312DRAABI,72,f/0.0,96,Daylight,16,29-05-2025 10:06
Black Round Rotten,black_round_rotten_IMG_20250418_153846_TIMEBURST13_3709_gamma_iter2.jpg,JPG,1242x1242,24,Xiaomi,2312DRAABI,72,f/0.0,81,Daylight,16,29-05-2025 10:06
Black Round Rotten,black_round_rotten_IMG_20250418_153846_TIMEBURST14_3839_rotate_iter2.jpg,JPG,1524x1524,24,Xiaomi,2312DRAABI,72,f/0.0,132,Daylight,16,29-05-2025 10:06
Black Round Rotten,black_round_rotten_IMG_20250418_153846_TIMEBURST13_3709_rgb_shift_iter2.jpg,JPG,1242x1242,24,Xiaomi,2312DRAABI,72,f/0.0,116,Daylight,16,29-05-2025 10:06
Black Round Rotten,black_round_rotten_IMG_20250418_153846_TIMEBURST12_3608_rotate_iter3.jpg,JPG,1370x1370,24,Xiaomi,2312DRAABI,72,f/0.0,116,Daylight,16,29-05-2025 10:06
Black Round Rotten,black_round_rotten_IMG_20250418_153846_TIMEBURST14_3839_horizontal_flip_iter2.jpg,JPG,1524x1524,24,Xiaomi,2312DRAABI,72,f/0.0,116,Daylight,16,29-05-2025 10:06
Black Round Rotten,black_round_rotten_IMG_20250418_153846_TIMEBURST13_3709_rotate_iter3.jpg,JPG,1242x1242,24,Xiaomi,2312DRAABI,72,f/0.0,81,Daylight,16,29-05-2025 10:06
Black Round Rotten,black_round_rotten_IMG_20250418_153846_TIMEBURST14_3839_brightness_contrast_iter2.jpg,JPG,1524x1524,24,Xiaomi,2312DRAABI,72,f/0.0,116,Daylight,16,29-05-2025 10:06
Black Round Rotten,black_round_rotten_IMG_20250418_153846_TIMEBURST12_3608_horizontal_flip_iter3.jpg,JPG,1370x1370,24,Xiaomi,2312DRAABI,72,f/0.0,116,Daylight,16,29-05-2025 10:06
Black Round Rotten,black_round_rotten_IMG_20250418_153846_TIMEBURST13_3709_horizontal_flip_iter3.jpg,JPG,1242x1242,24,Xiaomi,2312DRAABI,72,f/0.0,116,Daylight,16,29-05-2025 10:06
Black Round Rotten,black_round_rotten_IMG_20250418_153846_TIMEBURST12_3608_brightness_contrast_iter3.jpg,JPG,1370x1370,24,Xiaomi,2312DRAABI,72,f/0.0,116,Daylight,16,29-05-2025 10:06
Black Round Rotten,black_round_rotten_IMG_20250418_153846_TIMEBURST14_3839_gamma_iter2.jpg,JPG,1524x1524,24,Xiaomi,2312DRAABI,72,f/0.0,116,Daylight,16,29-05-2025 10:06
Black Round Rotten,black_round_rotten_IMG_20250418_153846_TIMEBURST13_3709_brightness_contrast_iter3.jpg,JPG,1242x1242,24,Xiaomi,2312DRAABI,72,f/0.0,116,Daylight,16,29-05-2025 10:06
Black Round Rotten,black_round_rotten_IMG_20250418_153846_TIMEBURST12_3608_gamma_iter3.jpg,JPG,1370x1370,24,Xiaomi,2312DRAABI,72,f/0.0,116,Daylight,16,29-05-2025 10:06
Black Round Rotten,black_round_rotten_IMG_20250418_153846_TIMEBURST13_3709_gamma_iter3.jpg,JPG,1242x1242,24,Xiaomi,2312DRAABI,72,f/0.0,116,Daylight,16,29-05-2025 10:06
Black Round Rotten,black_round_rotten_IMG_20250418_153846_TIMEBURST14_3839_rgb_shift_iter2.jpg,JPG,1524x1524,24,Xiaomi,2312DRAABI,72,f/0.0,89,Daylight,16,29-05-2025 10:06
Black Round Rotten,black_round_rotten_IMG_20250418_153846_TIMEBURST12_3608_rgb_shift_iter3.jpg,JPG,1370x1370,24,Xiaomi,2312DRAABI,72,f/0.0,116,Daylight,16,29-05-2025 10:06
Black Round Rotten,black_round_rotten_IMG_20250418_153846_TIMEBURST13_3709_rgb_shift_iter3.jpg,JPG,1242x1242,24,Xiaomi,2312DRAABI,72,f/0.0,116,Daylight,16,29-05-2025 10:06
Black Round Rotten,black_round_rotten_IMG_20250418_153846_TIMEBURST14_3839_rotate_iter3.jpg,JPG,1524x1524,24,Xiaomi,2312DRAABI,72,f/0.0,143,Daylight,16,29-05-2025 10:06
Black Round Rotten,black_round_rotten_IMG_20250418_153846_TIMEBURST12_3608_rotate_iter4.jpg,JPG,1370x1370,24,Xiaomi,2312DRAABI,72,f/0.0,85,Daylight,16,29-05-2025 10:06
Black Round Rotten,black_round_rotten_IMG_20250418_153846_TIMEBURST14_3839_horizontal_flip_iter3.jpg,JPG,1524x1524,24,Xiaomi,2312DRAABI,72,f/0.0,81,Daylight,16,29-05-2025 10:06
Black Round Rotten,black_round_rotten_IMG_20250418_153846_TIMEBURST15_4378_rotate_iter1.jpg,JPG,1528x1528,24,Xiaomi,2312DRAABI,72,f/0.0,81,Daylight,16,29-05-2025 10:06
Black Round Rotten,black_round_rotten_IMG_20250418_153846_TIMEBURST14_3839_brightness_contrast_iter3.jpg,JPG,1524x1524,24,Xiaomi,2312DRAABI,72,f/0.0,85,Daylight,16,29-05-2025 10:06
Black Round Rotten,black_round_rotten_IMG_20250418_153846_TIMEBURST13_3709_rotate_iter4.jpg,JPG,1242x1242,24,Xiaomi,2312DRAABI,72,f/0.0,50,Daylight,16,29-05-2025 10:06
Black Round Rotten,black_round_rotten_IMG_20250418_153846_TIMEBURST12_3608_horizontal_flip_iter4.jpg,JPG,1370x1370,24,Xiaomi,2312DRAABI,72,f/0.0,50,Daylight,16,29-05-2025 10:06
Black Round Rotten,black_round_rotten_IMG_20250418_153846_TIMEBURST13_3709_horizontal_flip_iter4.jpg,JPG,1242x1242,24,Xiaomi,2312DRAABI,72,f/0.0,50,Daylight,16,29-05-2025 10:06
Black Round Rotten,black_round_rotten_IMG_20250418_153846_TIMEBURST12_3608_brightness_contrast_iter4.jpg,JPG,1370x1370,24,Xiaomi,2312DRAABI,72,f/0.0,50,Daylight,16,29-05-2025 10:06
Black Round Rotten,black_round_rotten_IMG_20250418_153846_TIMEBURST14_3839_gamma_iter3.jpg,JPG,1524x1524,24,Xiaomi,2312DRAABI,72,f/0.0,50,Daylight,16,29-05-2025 10:06
Black Round Rotten,black_round_rotten_IMG_20250418_153846_TIMEBURST12_3608_gamma_iter4.jpg,JPG,1370x1370,24,Xiaomi,2312DRAABI,72,f/0.0,50,Daylight,16,29-05-2025 10:06
Black Round Rotten,black_round_rotten_IMG_20250418_153846_TIMEBURST13_3709_brightness_contrast_iter4.jpg,JPG,1242x1242,24,Xiaomi,2312DRAABI,72,f/0.0,52,Daylight,16,29-05-2025 10:06
Black Round Rotten,black_round_rotten_IMG_20250418_153846_TIMEBURST15_4378_horizontal_flip_iter1.jpg,JPG,1528x1528,24,Xiaomi,2312DRAABI,72,f/0.0,50,Daylight,16,29-05-2025 10:06
Black Round Rotten,black_round_rotten_IMG_20250418_153846_TIMEBURST13_3709_gamma_iter4.jpg,JPG,1242x1242,24,Xiaomi,2312DRAABI,72,f/0.0,57,Daylight,16,29-05-2025 10:06
Black Round Rotten,black_round_rotten_IMG_20250418_153846_TIMEBURST15_4378_brightness_contrast_iter1.jpg,JPG,1528x1528,24,Xiaomi,2312DRAABI,72,f/0.0,54,Daylight,16,29-05-2025 10:06
Black Round Rotten,black_round_rotten_IMG_20250418_153846_TIMEBURST12_3608_rgb_shift_iter4.jpg,JPG,1370x1370,24,Xiaomi,2312DRAABI,72,f/0.0,54,Daylight,16,29-05-2025 10:06
Black Round Rotten,black_round_rotten_IMG_20250418_153846_TIMEBURST14_3839_rgb_shift_iter3.jpg,JPG,1524x1524,24,Xiaomi,2312DRAABI,72,f/0.0,57,Daylight,16,29-05-2025 10:06
Black Round Rotten,black_round_rotten_IMG_20250418_153846_TIMEBURST13_3709_rgb_shift_iter4.jpg,JPG,1242x1242,24,Xiaomi,2312DRAABI,72,f/0.0,56,Daylight,16,29-05-2025 10:06
Black Round Rotten,black_round_rotten_IMG_20250418_153846_TIMEBURST15_4378_gamma_iter1.jpg,JPG,1528x1528,24,Xiaomi,2312DRAABI,72,f/0.0,56,Daylight,16,29-05-2025 10:06
Black Round Rotten,black_round_rotten_IMG_20250418_153846_TIMEBURST12_3608_rotate_iter5.jpg,JPG,1370x1370,24,Xiaomi,2312DRAABI,72,f/0.0,56,Daylight,16,29-05-2025 10:06
Black Round Rotten,black_round_rotten_IMG_20250418_153846_TIMEBURST13_3709_rotate_iter5.jpg,JPG,1242x1242,24,Xiaomi,2312DRAABI,72,f/0.0,57,Daylight,16,29-05-2025 10:06
Black Round Rotten,black_round_rotten_IMG_20250418_153846_TIMEBURST12_3608_horizontal_flip_iter5.jpg,JPG,1370x1370,24,Xiaomi,2312DRAABI,72,f/0.0,50,Daylight,16,29-05-2025 10:06
Black Round Rotten,black_round_rotten_IMG_20250418_153846_TIMEBURST15_4378_rgb_shift_iter1.jpg,JPG,1528x1528,24,Xiaomi,2312DRAABI,72,f/0.0,53,Daylight,16,29-05-2025 10:06
Black Round Rotten,black_round_rotten_IMG_20250418_153846_TIMEBURST14_3839_rotate_iter4.jpg,JPG,1524x1524,24,Xiaomi,2312DRAABI,72,f/0.0,57,Daylight,16,29-05-2025 10:06
Black Round Rotten,black_round_rotten_IMG_20250418_153846_TIMEBURST13_3709_horizontal_flip_iter5.jpg,JPG,1242x1242,24,Xiaomi,2312DRAABI,72,f/0.0,52,Daylight,16,29-05-2025 10:06
Black Round Rotten,black_round_rotten_IMG_20250418_153846_TIMEBURST12_3608_brightness_contrast_iter5.jpg,JPG,1370x1370,24,Xiaomi,2312DRAABI,72,f/0.0,57,Daylight,16,29-05-2025 10:06
Black Round Rotten,black_round_rotten_IMG_20250418_153846_TIMEBURST14_3839_horizontal_flip_iter4.jpg,JPG,1524x1524,24,Xiaomi,2312DRAABI,72,f/0.0,57,Daylight,16,29-05-2025 10:06
Black Round Rotten,black_round_rotten_IMG_20250418_153846_TIMEBURST15_4378_rotate_iter2.jpg,JPG,1528x1528,24,Xiaomi,2312DRAABI,72,f/0.0,52,Daylight,16,29-05-2025 10:06
Black Round Rotten,black_round_rotten_IMG_20250418_153846_TIMEBURST13_3709_brightness_contrast_iter5.jpg,JPG,1242x1242,24,Xiaomi,2312DRAABI,72,f/0.0,61,Daylight,16,29-05-2025 10:06
Black Round Rotten,black_round_rotten_IMG_20250418_153846_TIMEBURST12_3608_gamma_iter5.jpg,JPG,1370x1370,24,Xiaomi,2312DRAABI,72,f/0.0,61,Daylight,16,29-05-2025 10:06
Black Round Rotten,black_round_rotten_IMG_20250418_153846_TIMEBURST14_3839_brightness_contrast_iter4.jpg,JPG,1524x1524,24,Xiaomi,2312DRAABI,72,f/0.0,60,Daylight,16,29-05-2025 10:06
Black Round Rotten,black_round_rotten_IMG_20250418_153846_TIMEBURST15_4378_horizontal_flip_iter2.jpg,JPG,1528x1528,24,Xiaomi,2312DRAABI,72,f/0.0,60,Daylight,16,29-05-2025 10:06
Black Round Rotten,black_round_rotten_IMG_20250418_153846_TIMEBURST13_3709_gamma_iter5.jpg,JPG,1242x1242,24,Xiaomi,2312DRAABI,72,f/0.0,59,Daylight,16,29-05-2025 10:06
Black Round Rotten,black_round_rotten_IMG_20250418_153846_TIMEBURST14_3839_gamma_iter4.jpg,JPG,1524x1524,24,Xiaomi,2312DRAABI,72,f/0.0,60,Daylight,16,29-05-2025 10:06
Black Round Rotten,black_round_rotten_IMG_20250418_153846_TIMEBURST15_4378_brightness_contrast_iter2.jpg,JPG,1528x1528,24,Xiaomi,2312DRAABI,72,f/0.0,60,Daylight,16,29-05-2025 10:06
Black Round Rotten,black_round_rotten_IMG_20250418_153846_TIMEBURST12_3608_rgb_shift_iter5.jpg,JPG,1370x1370,24,Xiaomi,2312DRAABI,72,f/0.0,61,Daylight,16,29-05-2025 10:06
Black Round Rotten,black_round_rotten_IMG_20250418_153846_TIMEBURST13_3709_rgb_shift_iter5.jpg,JPG,1242x1242,24,Xiaomi,2312DRAABI,72,f/0.0,60,Daylight,16,29-05-2025 10:06
Black Round Rotten,black_round_rotten_IMG_20250418_153846_TIMEBURST15_4378_gamma_iter2.jpg,JPG,1528x1528,24,Xiaomi,2312DRAABI,72,f/0.0,60,Daylight,16,29-05-2025 10:06
Black Round Rotten,black_round_rotten_IMG_20250418_153846_TIMEBURST14_3839_rgb_shift_iter4.jpg,JPG,1524x1524,24,Xiaomi,2312DRAABI,72,f/0.0,60,Daylight,16,29-05-2025 10:06
Black Round Rotten,black_round_rotten_IMG_20250418_153846_TIMEBURST15_4378_rgb_shift_iter2.jpg,JPG,1528x1528,24,Xiaomi,2312DRAABI,72,f/0.0,60,Daylight,16,29-05-2025 10:06
Black Round Rotten,black_round_rotten_IMG_20250418_153846_TIMEBURST14_3839_rotate_iter5.jpg,JPG,1524x1524,24,Xiaomi,2312DRAABI,72,f/0.0,63,Daylight,16,29-05-2025 10:06
Black Round Rotten,black_round_rotten_IMG_20250418_153846_TIMEBURST14_3839_horizontal_flip_iter5.jpg,JPG,1524x1524,24,Xiaomi,2312DRAABI,72,f/0.0,65,Daylight,16,29-05-2025 10:06
Black Round Rotten,black_round_rotten_IMG_20250418_153846_TIMEBURST15_4378_rotate_iter3.jpg,JPG,1528x1528,24,Xiaomi,2312DRAABI,72,f/0.0,65,Daylight,16,29-05-2025 10:06
Black Round Rotten,black_round_rotten_IMG_20250418_153846_TIMEBURST14_3839_brightness_contrast_iter5.jpg,JPG,1524x1524,24,Xiaomi,2312DRAABI,72,f/0.0,67,Daylight,16,29-05-2025 10:06
Black Round Rotten,black_round_rotten_IMG_20250418_153846_TIMEBURST15_4378_horizontal_flip_iter3.jpg,JPG,1528x1528,24,Xiaomi,2312DRAABI,72,f/0.0,75,Daylight,16,29-05-2025 10:06
Black Round Rotten,black_round_rotten_IMG_20250418_153846_TIMEBURST14_3839_gamma_iter5.jpg,JPG,1524x1524,24,Xiaomi,2312DRAABI,72,f/0.0,60,Daylight,16,29-05-2025 10:06
Black Round Rotten,black_round_rotten_IMG_20250418_153846_TIMEBURST15_4378_brightness_contrast_iter3.jpg,JPG,1528x1528,24,Xiaomi,2312DRAABI,72,f/0.0,67,Daylight,16,29-05-2025 10:06
Black Round Rotten,black_round_rotten_IMG_20250418_153846_TIMEBURST15_4378_gamma_iter3.jpg,JPG,1528x1528,24,Xiaomi,2312DRAABI,72,f/0.0,72,Daylight,16,29-05-2025 10:06
Black Round Rotten,black_round_rotten_IMG_20250418_153846_TIMEBURST14_3839_rgb_shift_iter5.jpg,JPG,1524x1524,24,Xiaomi,2312DRAABI,72,f/0.0,69,Daylight,16,29-05-2025 10:06
Black Round Rotten,black_round_rotten_IMG_20250418_153846_TIMEBURST15_4378_rgb_shift_iter3.jpg,JPG,1528x1528,24,Xiaomi,2312DRAABI,72,f/0.0,69,Daylight,16,29-05-2025 10:06
Black Round Rotten,black_round_rotten_IMG_20250418_153846_TIMEBURST15_4378_rotate_iter4.jpg,JPG,1528x1528,24,Xiaomi,2312DRAABI,72,f/0.0,67,Daylight,16,29-05-2025 10:06
Black Round Rotten,black_round_rotten_IMG_20250418_153846_TIMEBURST15_4378_horizontal_flip_iter4.jpg,JPG,1528x1528,24,Xiaomi,2312DRAABI,72,f/0.0,69,Daylight,16,29-05-2025 10:06
Black Round Rotten,black_round_rotten_IMG_20250418_153846_TIMEBURST15_4378_brightness_contrast_iter4.jpg,JPG,1528x1528,24,Xiaomi,2312DRAABI,72,f/0.0,69,Daylight,16,29-05-2025 10:06
Black Round Rotten,black_round_rotten_IMG_20250418_153846_TIMEBURST15_4378_gamma_iter4.jpg,JPG,1528x1528,24,Xiaomi,2312DRAABI,72,f/0.0,69,Daylight,16,29-05-2025 10:06
Black Round Rotten,black_round_rotten_IMG_20250418_153846_TIMEBURST15_4378_rgb_shift_iter4.jpg,JPG,1528x1528,24,Xiaomi,2312DRAABI,72,f/0.0,69,Daylight,16,29-05-2025 10:06
Black Round Rotten,black_round_rotten_IMG_20250418_153846_TIMEBURST15_4378_rotate_iter5.jpg,JPG,1528x1528,24,Xiaomi,2312DRAABI,72,f/0.0,69,Daylight,16,29-05-2025 10:06
Black Round Rotten,black_round_rotten_IMG_20250418_153846_TIMEBURST15_4378_horizontal_flip_iter5.jpg,JPG,1528x1528,24,Xiaomi,2312DRAABI,72,f/0.0,72,Daylight,16,29-05-2025 10:06
Black Round Rotten,black_round_rotten_IMG_20250418_153846_TIMEBURST15_4378_brightness_contrast_iter5.jpg,JPG,1528x1528,24,Xiaomi,2312DRAABI,72,f/0.0,69,Daylight,16,29-05-2025 10:06
Black Round Rotten,black_round_rotten_IMG_20250418_153846_TIMEBURST15_4378_gamma_iter5.jpg,JPG,1528x1528,24,Xiaomi,2312DRAABI,72,f/0.0,69,Daylight,16,29-05-2025 10:06
Black Round Rotten,black_round_rotten_IMG_20250418_153846_TIMEBURST15_4378_rgb_shift_iter5.jpg,JPG,1528x1528,24,Xiaomi,2312DRAABI,72,f/0.0,72,Daylight,16,29-05-2025 10:06
Black Round Rotten,black_round_rotten_IMG_20250418_153846_TIMEBURST16_3611_rotate_iter1.jpg,JPG,1528x1528,24,Xiaomi,2312DRAABI,72,f/0.0,72,Daylight,16,29-05-2025 10:06
Black Round Rotten,black_round_rotten_IMG_20250418_153846_TIMEBURST16_3611_horizontal_flip_iter1.jpg,JPG,1528x1528,24,Xiaomi,2312DRAABI,72,f/0.0,75,Daylight,16,29-05-2025 10:06
Black Round Rotten,black_round_rotten_IMG_20250418_153846_TIMEBURST16_3611_brightness_contrast_iter1.jpg,JPG,1528x1528,24,Xiaomi,2312DRAABI,72,f/0.0,74,Daylight,16,29-05-2025 10:06
Black Round Rotten,black_round_rotten_IMG_20250418_153846_TIMEBURST16_3611_gamma_iter1.jpg,JPG,1528x1528,24,Xiaomi,2312DRAABI,72,f/0.0,75,Daylight,16,29-05-2025 10:06
Black Round Rotten,black_round_rotten_IMG_20250418_153846_TIMEBURST16_3611_rgb_shift_iter1.jpg,JPG,1528x1528,24,Xiaomi,2312DRAABI,72,f/0.0,77,Daylight,16,29-05-2025 10:06
Black Round Rotten,black_round_rotten_IMG_20250418_153846_TIMEBURST16_3611_rotate_iter2.jpg,JPG,1528x1528,24,Xiaomi,2312DRAABI,72,f/0.0,75,Daylight,16,29-05-2025 10:06
Black Round Rotten,black_round_rotten_IMG_20250418_153846_TIMEBURST16_3611_horizontal_flip_iter2.jpg,JPG,1528x1528,24,Xiaomi,2312DRAABI,72,f/0.0,81,Daylight,16,29-05-2025 10:06
Black Round Rotten,black_round_rotten_IMG_20250418_153846_TIMEBURST16_3611_brightness_contrast_iter2.jpg,JPG,1528x1528,24,Xiaomi,2312DRAABI,72,f/0.0,71,Daylight,16,29-05-2025 10:06
Black Round Rotten,black_round_rotten_IMG_20250418_153846_TIMEBURST16_3611_gamma_iter2.jpg,JPG,1528x1528,24,Xiaomi,2312DRAABI,72,f/0.0,85,Daylight,16,29-05-2025 10:06
Black Round Rotten,black_round_rotten_IMG_20250418_153846_TIMEBURST16_3611_rgb_shift_iter2.jpg,JPG,1528x1528,24,Xiaomi,2312DRAABI,72,f/0.0,85,Daylight,16,29-05-2025 10:06
Black Round Rotten,black_round_rotten_IMG_20250418_153846_TIMEBURST16_3611_rotate_iter3.jpg,JPG,1528x1528,24,Xiaomi,2312DRAABI,72,f/0.0,85,Daylight,16,29-05-2025 10:06
Black Round Rotten,black_round_rotten_IMG_20250418_153846_TIMEBURST16_3611_horizontal_flip_iter3.jpg,JPG,1528x1528,24,Xiaomi,2312DRAABI,72,f/0.0,84,Daylight,16,29-05-2025 10:06
Black Round Rotten,black_round_rotten_IMG_20250418_153846_TIMEBURST16_3611_brightness_contrast_iter3.jpg,JPG,1528x1528,24,Xiaomi,2312DRAABI,72,f/0.0,85,Daylight,16,29-05-2025 10:06
Black Round Rotten,black_round_rotten_IMG_20250418_153846_TIMEBURST16_3611_gamma_iter3.jpg,JPG,1528x1528,24,Xiaomi,2312DRAABI,72,f/0.0,85,Daylight,16,29-05-2025 10:06
Black Round Rotten,black_round_rotten_IMG_20250418_153846_TIMEBURST16_3611_rgb_shift_iter3.jpg,JPG,1528x1528,24,Xiaomi,2312DRAABI,72,f/0.0,85,Daylight,16,29-05-2025 10:06
Black Round Rotten,black_round_rotten_IMG_20250418_153846_TIMEBURST16_3611_rotate_iter4.jpg,JPG,1528x1528,24,Xiaomi,2312DRAABI,72,f/0.0,85,Daylight,16,29-05-2025 10:06
Black Round Rotten,black_round_rotten_IMG_20250418_153846_TIMEBURST16_3611_horizontal_flip_iter4.jpg,JPG,1528x1528,24,Xiaomi,2312DRAABI,72,f/0.0,89,Daylight,16,29-05-2025 10:06
Black Round Rotten,black_round_rotten_IMG_20250418_153846_TIMEBURST16_3611_brightness_contrast_iter4.jpg,JPG,1528x1528,24,Xiaomi,2312DRAABI,72,f/0.0,85,Daylight,16,29-05-2025 10:06
Black Round Rotten,black_round_rotten_IMG_20250418_153846_TIMEBURST16_3611_gamma_iter4.jpg,JPG,1528x1528,24,Xiaomi,2312DRAABI,72,f/0.0,89,Daylight,16,29-05-2025 10:06
Black Round Rotten,black_round_rotten_IMG_20250418_153846_TIMEBURST16_3611_rgb_shift_iter4.jpg,JPG,1528x1528,24,Xiaomi,2312DRAABI,72,f/0.0,89,Daylight,16,29-05-2025 10:06
Black Round Rotten,black_round_rotten_IMG_20250418_153846_TIMEBURST16_3611_rotate_iter5.jpg,JPG,1528x1528,24,Xiaomi,2312DRAABI,72,f/0.0,86,Daylight,16,29-05-2025 10:06
Black Round Rotten,black_round_rotten_IMG_20250418_153846_TIMEBURST16_3611_horizontal_flip_iter5.jpg,JPG,1528x1528,24,Xiaomi,2312DRAABI,72,f/0.0,94,Daylight,16,29-05-2025 10:06
Black Round Rotten,black_round_rotten_IMG_20250418_153846_TIMEBURST16_3611_brightness_contrast_iter5.jpg,JPG,1528x1528,24,Xiaomi,2312DRAABI,72,f/0.0,86,Daylight,16,29-05-2025 10:06
Black Round Rotten,black_round_rotten_IMG_20250418_153846_TIMEBURST16_3611_gamma_iter5.jpg,JPG,1528x1528,24,Xiaomi,2312DRAABI,72,f/0.0,150,Daylight,16,29-05-2025 10:06
Black Round Rotten,black_round_rotten_IMG_20250418_153846_TIMEBURST16_3611_rgb_shift_iter5.jpg,JPG,1528x1528,24,Xiaomi,2312DRAABI,72,f/0.0,86,Daylight,16,29-05-2025 10:06
Black Round Rotten,black_round_rotten_IMG_20250418_153846_TIMEBURST19_3732_rotate_iter1.jpg,JPG,1437x1437,24,Xiaomi,2312DRAABI,72,f/0.0,150,Daylight,16,29-05-2025 10:06
Black Round Rotten,black_round_rotten_IMG_20250418_153846_TIMEBURST19_3732_horizontal_flip_iter1.jpg,JPG,1437x1437,24,Xiaomi,2312DRAABI,72,f/0.0,86,Daylight,16,29-05-2025 10:06
Black Round Rotten,black_round_rotten_IMG_20250418_153846_TIMEBURST17_3553_rotate_iter1.jpg,JPG,1344x1344,24,Xiaomi,2312DRAABI,72,f/0.0,150,Daylight,16,29-05-2025 10:06
Black Round Rotten,black_round_rotten_IMG_20250418_153846_TIMEBURST19_3732_brightness_contrast_iter1.jpg,JPG,1437x1437,24,Xiaomi,2312DRAABI,72,f/0.0,79,Daylight,16,29-05-2025 10:06
Black Round Rotten,black_round_rotten_IMG_20250418_153846_TIMEBURST17_3553_horizontal_flip_iter1.jpg,JPG,1344x1344,24,Xiaomi,2312DRAABI,72,f/0.0,79,Daylight,16,29-05-2025 10:06
Black Round Rotten,black_round_rotten_IMG_20250418_153846_TIMEBURST19_3732_gamma_iter1.jpg,JPG,1437x1437,24,Xiaomi,2312DRAABI,72,f/0.0,79,Daylight,16,29-05-2025 10:06
Black Round Rotten,black_round_rotten_IMG_20250418_153846_TIMEBURST17_3553_brightness_contrast_iter1.jpg,JPG,1344x1344,24,Xiaomi,2312DRAABI,72,f/0.0,150,Daylight,16,29-05-2025 10:06
Black Round Rotten,black_round_rotten_IMG_20250418_153846_TIMEBURST19_3732_rgb_shift_iter1.jpg,JPG,1437x1437,24,Xiaomi,2312DRAABI,72,f/0.0,79,Daylight,16,29-05-2025 10:06
Black Round Rotten,black_round_rotten_IMG_20250418_153846_TIMEBURST17_3553_gamma_iter1.jpg,JPG,1344x1344,24,Xiaomi,2312DRAABI,72,f/0.0,79,Daylight,16,29-05-2025 10:06
Black Round Rotten,black_round_rotten_IMG_20250418_153846_TIMEBURST19_3732_rotate_iter2.jpg,JPG,1437x1437,24,Xiaomi,2312DRAABI,72,f/0.0,79,Daylight,16,29-05-2025 10:06
Black Round Rotten,black_round_rotten_IMG_20250418_153846_TIMEBURST19_3732_horizontal_flip_iter2.jpg,JPG,1437x1437,24,Xiaomi,2312DRAABI,72,f/0.0,88,Daylight,16,29-05-2025 10:06
Black Round Rotten,black_round_rotten_IMG_20250418_153846_TIMEBURST20_4190_rotate_iter1.jpg,JPG,1458x1458,24,Xiaomi,2312DRAABI,72,f/0.0,85,Daylight,16,29-05-2025 10:06
Black Round Rotten,black_round_rotten_IMG_20250418_153846_TIMEBURST17_3553_rgb_shift_iter1.jpg,JPG,1344x1344,24,Xiaomi,2312DRAABI,72,f/0.0,87,Daylight,16,29-05-2025 10:06
Black Round Rotten,black_round_rotten_IMG_20250418_153846_TIMEBURST19_3732_brightness_contrast_iter2.jpg,JPG,1437x1437,24,Xiaomi,2312DRAABI,72,f/0.0,88,Daylight,16,29-05-2025 10:06
Black Round Rotten,black_round_rotten_IMG_20250418_153846_TIMEBURST17_3553_rotate_iter2.jpg,JPG,1344x1344,24,Xiaomi,2312DRAABI,72,f/0.0,79,Daylight,16,29-05-2025 10:06
Black Round Rotten,black_round_rotten_IMG_20250418_153846_TIMEBURST20_4190_horizontal_flip_iter1.jpg,JPG,1458x1458,24,Xiaomi,2312DRAABI,72,f/0.0,81,Daylight,16,29-05-2025 10:06
Black Round Rotten,black_round_rotten_IMG_20250418_153846_TIMEBURST17_3553_horizontal_flip_iter2.jpg,JPG,1344x1344,24,Xiaomi,2312DRAABI,72,f/0.0,81,Daylight,16,29-05-2025 10:06
Black Round Rotten,black_round_rotten_IMG_20250418_153846_TIMEBURST18_3981_rotate_iter1.jpg,JPG,1447x1447,24,Xiaomi,2312DRAABI,72,f/0.0,96,Daylight,16,29-05-2025 10:06
Black Round Rotten,black_round_rotten_IMG_20250418_153846_TIMEBURST19_3732_gamma_iter2.jpg,JPG,1437x1437,24,Xiaomi,2312DRAABI,72,f/0.0,81,Daylight,16,29-05-2025 10:06
Black Round Rotten,black_round_rotten_IMG_20250418_153846_TIMEBURST20_4190_brightness_contrast_iter1.jpg,JPG,1458x1458,24,Xiaomi,2312DRAABI,72,f/0.0,132,Daylight,16,29-05-2025 10:06
Black Round Rotten,black_round_rotten_IMG_20250418_153846_TIMEBURST17_3553_brightness_contrast_iter2.jpg,JPG,1344x1344,24,Xiaomi,2312DRAABI,72,f/0.0,116,Daylight,16,29-05-2025 10:06
Black Round Rotten,black_round_rotten_IMG_20250418_153846_TIMEBURST18_3981_horizontal_flip_iter1.jpg,JPG,1447x1447,24,Xiaomi,2312DRAABI,72,f/0.0,116,Daylight,16,29-05-2025 10:06
Black Round Rotten,black_round_rotten_IMG_20250418_153846_TIMEBURST17_3553_gamma_iter2.jpg,JPG,1344x1344,24,Xiaomi,2312DRAABI,72,f/0.0,116,Daylight,16,29-05-2025 10:06
Black Round Rotten,black_round_rotten_IMG_20250418_153846_TIMEBURST19_3732_rgb_shift_iter2.jpg,JPG,1437x1437,24,Xiaomi,2312DRAABI,72,f/0.0,81,Daylight,16,29-05-2025 10:06
Black Round Rotten,black_round_rotten_IMG_20250418_153846_TIMEBURST20_4190_gamma_iter1.jpg,JPG,1458x1458,24,Xiaomi,2312DRAABI,72,f/0.0,116,Daylight,16,29-05-2025 10:06
Black Round Rotten,black_round_rotten_IMG_20250418_153846_TIMEBURST18_3981_brightness_contrast_iter1.jpg,JPG,1447x1447,24,Xiaomi,2312DRAABI,72,f/0.0,116,Daylight,16,29-05-2025 10:06
Black Round Rotten,black_round_rotten_IMG_20250418_153846_TIMEBURST18_3981_gamma_iter1.jpg,JPG,1447x1447,24,Xiaomi,2312DRAABI,72,f/0.0,116,Daylight,16,29-05-2025 10:06
Black Round Rotten,black_round_rotten_IMG_20250418_153846_TIMEBURST19_3732_rotate_iter3.jpg,JPG,1437x1437,24,Xiaomi,2312DRAABI,72,f/0.0,116,Daylight,16,29-05-2025 10:06
Black Round Rotten,black_round_rotten_IMG_20250418_153846_TIMEBURST17_3553_rgb_shift_iter2.jpg,JPG,1344x1344,24,Xiaomi,2312DRAABI,72,f/0.0,116,Daylight,16,29-05-2025 10:06
Black Round Rotten,black_round_rotten_IMG_20250418_153846_TIMEBURST20_4190_rgb_shift_iter1.jpg,JPG,1458x1458,24,Xiaomi,2312DRAABI,72,f/0.0,116,Daylight,16,29-05-2025 10:06
Black Round Rotten,black_round_rotten_IMG_20250418_153846_TIMEBURST19_3732_horizontal_flip_iter3.jpg,JPG,1437x1437,24,Xiaomi,2312DRAABI,72,f/0.0,116,Daylight,16,29-05-2025 10:06
Black Round Rotten,black_round_rotten_IMG_20250418_153846_TIMEBURST17_3553_rotate_iter3.jpg,JPG,1344x1344,24,Xiaomi,2312DRAABI,72,f/0.0,116,Daylight,16,29-05-2025 10:06
Black Round Rotten,black_round_rotten_IMG_20250418_153846_TIMEBURST18_3981_rgb_shift_iter1.jpg,JPG,1447x1447,24,Xiaomi,2312DRAABI,72,f/0.0,89,Daylight,16,29-05-2025 10:06
Black Round Rotten,black_round_rotten_IMG_20250418_153846_TIMEBURST20_4190_rotate_iter2.jpg,JPG,1458x1458,24,Xiaomi,2312DRAABI,72,f/0.0,116,Daylight,16,29-05-2025 10:06
Black Round Rotten,black_round_rotten_IMG_20250418_153846_TIMEBURST19_3732_brightness_contrast_iter3.jpg,JPG,1437x1437,24,Xiaomi,2312DRAABI,72,f/0.0,116,Daylight,16,29-05-2025 10:06
Black Round Rotten,black_round_rotten_IMG_20250418_153846_TIMEBURST17_3553_horizontal_flip_iter3.jpg,JPG,1344x1344,24,Xiaomi,2312DRAABI,72,f/0.0,143,Daylight,16,29-05-2025 10:06
Black Round Rotten,black_round_rotten_IMG_20250418_153846_TIMEBURST18_3981_rotate_iter2.jpg,JPG,1447x1447,24,Xiaomi,2312DRAABI,72,f/0.0,85,Daylight,16,29-05-2025 10:06
Black Round Rotten,black_round_rotten_IMG_20250418_153846_TIMEBURST20_4190_horizontal_flip_iter2.jpg,JPG,1458x1458,24,Xiaomi,2312DRAABI,72,f/0.0,81,Daylight,16,29-05-2025 10:06
Black Round Rotten,black_round_rotten_IMG_20250418_153846_TIMEBURST19_3732_gamma_iter3.jpg,JPG,1437x1437,24,Xiaomi,2312DRAABI,72,f/0.0,81,Daylight,16,29-05-2025 10:06
Black Round Rotten,black_round_rotten_IMG_20250418_153846_TIMEBURST17_3553_brightness_contrast_iter3.jpg,JPG,1344x1344,24,Xiaomi,2312DRAABI,72,f/0.0,85,Daylight,16,29-05-2025 10:06
Black Round Rotten,black_round_rotten_IMG_20250418_153846_TIMEBURST18_3981_horizontal_flip_iter2.jpg,JPG,1447x1447,24,Xiaomi,2312DRAABI,72,f/0.0,50,Daylight,16,29-05-2025 10:06
Black Round Rotten,black_round_rotten_IMG_20250418_153846_TIMEBURST20_4190_brightness_contrast_iter2.jpg,JPG,1458x1458,24,Xiaomi,2312DRAABI,72,f/0.0,50,Daylight,16,29-05-2025 10:06
Black Round Rotten,black_round_rotten_IMG_20250418_153846_TIMEBURST17_3553_gamma_iter3.jpg,JPG,1344x1344,24,Xiaomi,2312DRAABI,72,f/0.0,50,Daylight,16,29-05-2025 10:06
Black Round Rotten,black_round_rotten_IMG_20250418_153846_TIMEBURST18_3981_brightness_contrast_iter2.jpg,JPG,1447x1447,24,Xiaomi,2312DRAABI,72,f/0.0,50,Daylight,16,29-05-2025 10:06
Black Round Rotten,black_round_rotten_IMG_20250418_153846_TIMEBURST19_3732_rgb_shift_iter3.jpg,JPG,1437x1437,24,Xiaomi,2312DRAABI,72,f/0.0,50,Daylight,16,29-05-2025 10:06
Black Round Rotten,black_round_rotten_IMG_20250418_153846_TIMEBURST20_4190_gamma_iter2.jpg,JPG,1458x1458,24,Xiaomi,2312DRAABI,72,f/0.0,50,Daylight,16,29-05-2025 10:06
Black Round Rotten,black_round_rotten_IMG_20250418_153846_TIMEBURST18_3981_gamma_iter2.jpg,JPG,1447x1447,24,Xiaomi,2312DRAABI,72,f/0.0,52,Daylight,16,29-05-2025 10:06
Black Round Rotten,black_round_rotten_IMG_20250418_153846_TIMEBURST19_3732_rotate_iter4.jpg,JPG,1437x1437,24,Xiaomi,2312DRAABI,72,f/0.0,50,Daylight,16,29-05-2025 10:06
Black Round Rotten,black_round_rotten_IMG_20250418_153846_TIMEBURST17_3553_rgb_shift_iter3.jpg,JPG,1344x1344,24,Xiaomi,2312DRAABI,72,f/0.0,57,Daylight,16,29-05-2025 10:06
Black Round Rotten,black_round_rotten_IMG_20250418_153846_TIMEBURST19_3732_horizontal_flip_iter4.jpg,JPG,1437x1437,24,Xiaomi,2312DRAABI,72,f/0.0,54,Daylight,16,29-05-2025 10:06
Black Round Rotten,black_round_rotten_IMG_20250418_153846_TIMEBURST17_3553_rotate_iter4.jpg,JPG,1344x1344,24,Xiaomi,2312DRAABI,72,f/0.0,54,Daylight,16,29-05-2025 10:06
Black Round Rotten,black_round_rotten_IMG_20250418_153846_TIMEBURST18_3981_rgb_shift_iter2.jpg,JPG,1447x1447,24,Xiaomi,2312DRAABI,72,f/0.0,57,Daylight,16,29-05-2025 10:06
Black Round Rotten,black_round_rotten_IMG_20250418_153846_TIMEBURST20_4190_rgb_shift_iter2.jpg,JPG,1458x1458,24,Xiaomi,2312DRAABI,72,f/0.0,56,Daylight,16,29-05-2025 10:06
Black Round Rotten,black_round_rotten_IMG_20250418_153846_TIMEBURST19_3732_brightness_contrast_iter4.jpg,JPG,1437x1437,24,Xiaomi,2312DRAABI,72,f/0.0,56,Daylight,16,29-05-2025 10:06
Black Round Rotten,black_round_rotten_IMG_20250418_153846_TIMEBURST17_3553_horizontal_flip_iter4.jpg,JPG,1344x1344,24,Xiaomi,2312DRAABI,72,f/0.0,56,Daylight,16,29-05-2025 10:06
Black Round Rotten,black_round_rotten_IMG_20250418_153846_TIMEBURST18_3981_rotate_iter3.jpg,JPG,1447x1447,24,Xiaomi,2312DRAABI,72,f/0.0,57,Daylight,16,29-05-2025 10:06
Black Round Rotten,black_round_rotten_IMG_20250418_153846_TIMEBURST19_3732_gamma_iter4.jpg,JPG,1437x1437,24,Xiaomi,2312DRAABI,72,f/0.0,50,Daylight,16,29-05-2025 10:06
Black Round Rotten,black_round_rotten_IMG_20250418_153846_TIMEBURST17_3553_brightness_contrast_iter4.jpg,JPG,1344x1344,24,Xiaomi,2312DRAABI,72,f/0.0,53,Daylight,16,29-05-2025 10:06
Black Round Rotten,black_round_rotten_IMG_20250418_153846_TIMEBURST18_3981_horizontal_flip_iter3.jpg,JPG,1447x1447,24,Xiaomi,2312DRAABI,72,f/0.0,57,Daylight,16,29-05-2025 10:06
Black Round Rotten,black_round_rotten_IMG_20250418_153846_TIMEBURST20_4190_rotate_iter3.jpg,JPG,1458x1458,24,Xiaomi,2312DRAABI,72,f/0.0,52,Daylight,16,29-05-2025 10:06
Black Round Rotten,black_round_rotten_IMG_20250418_153846_TIMEBURST17_3553_gamma_iter4.jpg,JPG,1344x1344,24,Xiaomi,2312DRAABI,72,f/0.0,57,Daylight,16,29-05-2025 10:06
Black Round Rotten,black_round_rotten_IMG_20250418_153846_TIMEBURST18_3981_brightness_contrast_iter3.jpg,JPG,1447x1447,24,Xiaomi,2312DRAABI,72,f/0.0,57,Daylight,16,29-05-2025 10:06
Black Round Rotten,black_round_rotten_IMG_20250418_153846_TIMEBURST19_3732_rgb_shift_iter4.jpg,JPG,1437x1437,24,Xiaomi,2312DRAABI,72,f/0.0,52,Daylight,16,29-05-2025 10:06
Black Round Rotten,black_round_rotten_IMG_20250418_153846_TIMEBURST18_3981_gamma_iter3.jpg,JPG,1447x1447,24,Xiaomi,2312DRAABI,72,f/0.0,61,Daylight,16,29-05-2025 10:06
Black Round Rotten,black_round_rotten_IMG_20250418_153846_TIMEBURST20_4190_horizontal_flip_iter3.jpg,JPG,1458x1458,24,Xiaomi,2312DRAABI,72,f/0.0,61,Daylight,16,29-05-2025 10:06
Black Round Rotten,black_round_rotten_IMG_20250418_153846_TIMEBURST19_3732_rotate_iter5.jpg,JPG,1437x1437,24,Xiaomi,2312DRAABI,72,f/0.0,60,Daylight,16,29-05-2025 10:06
Black Round Rotten,black_round_rotten_IMG_20250418_153846_TIMEBURST17_3553_rgb_shift_iter4.jpg,JPG,1344x1344,24,Xiaomi,2312DRAABI,72,f/0.0,60,Daylight,16,29-05-2025 10:06
Black Round Rotten,black_round_rotten_IMG_20250418_153846_TIMEBURST20_4190_brightness_contrast_iter3.jpg,JPG,1458x1458,24,Xiaomi,2312DRAABI,72,f/0.0,59,Daylight,16,29-05-2025 10:06
Black Round Rotten,black_round_rotten_IMG_20250418_153846_TIMEBURST19_3732_horizontal_flip_iter5.jpg,JPG,1437x1437,24,Xiaomi,2312DRAABI,72,f/0.0,60,Daylight,16,29-05-2025 10:06
Black Round Rotten,black_round_rotten_IMG_20250418_153846_TIMEBURST17_3553_rotate_iter5.jpg,JPG,1344x1344,24,Xiaomi,2312DRAABI,72,f/0.0,60,Daylight,16,29-05-2025 10:06
Black Round Rotten,black_round_rotten_IMG_20250418_153846_TIMEBURST18_3981_rgb_shift_iter3.jpg,JPG,1447x1447,24,Xiaomi,2312DRAABI,72,f/0.0,61,Daylight,16,29-05-2025 10:06
Black Round Rotten,black_round_rotten_IMG_20250418_153846_TIMEBURST19_3732_brightness_contrast_iter5.jpg,JPG,1437x1437,24,Xiaomi,2312DRAABI,72,f/0.0,60,Daylight,16,29-05-2025 10:06
Black Round Rotten,black_round_rotten_IMG_20250418_153846_TIMEBURST20_4190_gamma_iter3.jpg,JPG,1458x1458,24,Xiaomi,2312DRAABI,72,f/0.0,60,Daylight,16,29-05-2025 10:06
Black Round Rotten,black_round_rotten_IMG_20250418_153846_TIMEBURST17_3553_horizontal_flip_iter5.jpg,JPG,1344x1344,24,Xiaomi,2312DRAABI,72,f/0.0,60,Daylight,16,29-05-2025 10:06
Black Round Rotten,black_round_rotten_IMG_20250418_153846_TIMEBURST18_3981_rotate_iter4.jpg,JPG,1447x1447,24,Xiaomi,2312DRAABI,72,f/0.0,60,Daylight,16,29-05-2025 10:06
Black Round Rotten,black_round_rotten_IMG_20250418_153846_TIMEBURST19_3732_gamma_iter5.jpg,JPG,1437x1437,24,Xiaomi,2312DRAABI,72,f/0.0,63,Daylight,16,29-05-2025 10:06
Black Round Rotten,black_round_rotten_IMG_20250418_153846_TIMEBURST17_3553_brightness_contrast_iter5.jpg,JPG,1344x1344,24,Xiaomi,2312DRAABI,72,f/0.0,65,Daylight,16,29-05-2025 10:06
Black Round Rotten,black_round_rotten_IMG_20250418_153846_TIMEBURST18_3981_horizontal_flip_iter4.jpg,JPG,1447x1447,24,Xiaomi,2312DRAABI,72,f/0.0,65,Daylight,16,29-05-2025 10:06
Black Round Rotten,black_round_rotten_IMG_20250418_153846_TIMEBURST20_4190_rgb_shift_iter3.jpg,JPG,1458x1458,24,Xiaomi,2312DRAABI,72,f/0.0,67,Daylight,16,29-05-2025 10:06
Black Round Rotten,black_round_rotten_IMG_20250418_153846_TIMEBURST17_3553_gamma_iter5.jpg,JPG,1344x1344,24,Xiaomi,2312DRAABI,72,f/0.0,75,Daylight,16,29-05-2025 10:06
Black Round Rotten,black_round_rotten_IMG_20250418_153846_TIMEBURST18_3981_brightness_contrast_iter4.jpg,JPG,1447x1447,24,Xiaomi,2312DRAABI,72,f/0.0,60,Daylight,16,29-05-2025 10:06
Black Round Rotten,black_round_rotten_IMG_20250418_153846_TIMEBURST19_3732_rgb_shift_iter5.jpg,JPG,1437x1437,24,Xiaomi,2312DRAABI,72,f/0.0,67,Daylight,16,29-05-2025 10:06
Black Round Rotten,black_round_rotten_IMG_20250418_153846_TIMEBURST20_4190_rotate_iter4.jpg,JPG,1458x1458,24,Xiaomi,2312DRAABI,72,f/0.0,72,Daylight,16,29-05-2025 10:06
Black Round Rotten,black_round_rotten_IMG_20250418_153846_TIMEBURST18_3981_gamma_iter4.jpg,JPG,1447x1447,24,Xiaomi,2312DRAABI,72,f/0.0,69,Daylight,16,29-05-2025 10:06
Black Round Rotten,black_round_rotten_IMG_20250418_153846_TIMEBURST17_3553_rgb_shift_iter5.jpg,JPG,1344x1344,24,Xiaomi,2312DRAABI,72,f/0.0,69,Daylight,16,29-05-2025 10:06
Black Round Rotten,black_round_rotten_IMG_20250418_153846_TIMEBURST20_4190_horizontal_flip_iter4.jpg,JPG,1458x1458,24,Xiaomi,2312DRAABI,72,f/0.0,67,Daylight,16,29-05-2025 10:06
Black Round Rotten,black_round_rotten_IMG_20250418_153846_TIMEBURST18_3981_rgb_shift_iter4.jpg,JPG,1447x1447,24,Xiaomi,2312DRAABI,72,f/0.0,69,Daylight,16,29-05-2025 10:06
Black Round Rotten,black_round_rotten_IMG_20250418_153846_TIMEBURST20_4190_brightness_contrast_iter4.jpg,JPG,1458x1458,24,Xiaomi,2312DRAABI,72,f/0.0,69,Daylight,16,29-05-2025 10:06
Black Round Rotten,black_round_rotten_IMG_20250418_153846_TIMEBURST18_3981_rotate_iter5.jpg,JPG,1447x1447,24,Xiaomi,2312DRAABI,72,f/0.0,69,Daylight,16,29-05-2025 10:06
Black Round Rotten,black_round_rotten_IMG_20250418_153846_TIMEBURST20_4190_gamma_iter4.jpg,JPG,1458x1458,24,Xiaomi,2312DRAABI,72,f/0.0,69,Daylight,16,29-05-2025 10:06
Black Round Rotten,black_round_rotten_IMG_20250418_153846_TIMEBURST18_3981_horizontal_flip_iter5.jpg,JPG,1447x1447,24,Xiaomi,2312DRAABI,72,f/0.0,69,Daylight,16,29-05-2025 10:06
Black Round Rotten,black_round_rotten_IMG_20250418_153846_TIMEBURST18_3981_brightness_contrast_iter5.jpg,JPG,1447x1447,24,Xiaomi,2312DRAABI,72,f/0.0,72,Daylight,16,29-05-2025 10:06
Black Round Rotten,black_round_rotten_IMG_20250418_153846_TIMEBURST20_4190_rgb_shift_iter4.jpg,JPG,1458x1458,24,Xiaomi,2312DRAABI,72,f/0.0,69,Daylight,16,29-05-2025 10:06
Black Round Rotten,black_round_rotten_IMG_20250418_153846_TIMEBURST18_3981_gamma_iter5.jpg,JPG,1447x1447,24,Xiaomi,2312DRAABI,72,f/0.0,69,Daylight,16,29-05-2025 10:06
Black Round Rotten,black_round_rotten_IMG_20250418_153846_TIMEBURST20_4190_rotate_iter5.jpg,JPG,1458x1458,24,Xiaomi,2312DRAABI,72,f/0.0,72,Daylight,16,29-05-2025 10:06
Black Round Rotten,black_round_rotten_IMG_20250418_153846_TIMEBURST18_3981_rgb_shift_iter5.jpg,JPG,1447x1447,24,Xiaomi,2312DRAABI,72,f/0.0,72,Daylight,16,29-05-2025 10:06
Black Round Rotten,black_round_rotten_IMG_20250418_153846_TIMEBURST20_4190_horizontal_flip_iter5.jpg,JPG,1458x1458,24,Xiaomi,2312DRAABI,72,f/0.0,75,Daylight,16,29-05-2025 10:06
Black Round Rotten,black_round_rotten_IMG_20250418_153846_TIMEBURST20_4190_brightness_contrast_iter5.jpg,JPG,1458x1458,24,Xiaomi,2312DRAABI,72,f/0.0,74,Daylight,16,29-05-2025 10:06
Black Round Rotten,black_round_rotten_IMG_20250418_153846_TIMEBURST20_4190_gamma_iter5.jpg,JPG,1458x1458,24,Xiaomi,2312DRAABI,72,f/0.0,75,Daylight,16,29-05-2025 10:06
Black Round Rotten,black_round_rotten_IMG_20250418_153846_TIMEBURST20_4190_rgb_shift_iter5.jpg,JPG,1458x1458,24,Xiaomi,2312DRAABI,72,f/0.0,77,Daylight,16,29-05-2025 10:06
Black Round Rotten,black_round_rotten_IMG_20250418_154003_TIMEBURST1_3884_rotate_iter1.jpg,JPG,1702x1702,24,Xiaomi,2312DRAABI,72,f/0.0,75,Daylight,16,29-05-2025 10:06
Black Round Rotten,black_round_rotten_IMG_20250418_154003_TIMEBURST2_4264_rotate_iter1.jpg,JPG,1532x1532,24,Xiaomi,2312DRAABI,72,f/0.0,81,Daylight,16,29-05-2025 10:06
Black Round Rotten,black_round_rotten_IMG_20250418_154003_TIMEBURST1_3884_horizontal_flip_iter1.jpg,JPG,1702x1702,24,Xiaomi,2312DRAABI,72,f/0.0,71,Daylight,16,29-05-2025 10:06
Black Round Rotten,black_round_rotten_IMG_20250418_154003_TIMEBURST1_3884_brightness_contrast_iter1.jpg,JPG,1702x1702,24,Xiaomi,2312DRAABI,72,f/0.0,85,Daylight,16,29-05-2025 10:06
Black Round Rotten,black_round_rotten_IMG_20250418_154003_TIMEBURST2_4264_horizontal_flip_iter1.jpg,JPG,1532x1532,24,Xiaomi,2312DRAABI,72,f/0.0,85,Daylight,16,29-05-2025 10:06
Black Round Rotten,black_round_rotten_IMG_20250418_154003_TIMEBURST1_3884_gamma_iter1.jpg,JPG,1702x1702,24,Xiaomi,2312DRAABI,72,f/0.0,85,Daylight,16,29-05-2025 10:06
Black Round Rotten,black_round_rotten_IMG_20250418_154003_TIMEBURST2_4264_brightness_contrast_iter1.jpg,JPG,1532x1532,24,Xiaomi,2312DRAABI,72,f/0.0,84,Daylight,16,29-05-2025 10:06
Black Round Rotten,black_round_rotten_IMG_20250418_154003_TIMEBURST2_4264_gamma_iter1.jpg,JPG,1532x1532,24,Xiaomi,2312DRAABI,72,f/0.0,85,Daylight,16,29-05-2025 10:06
Black Round Rotten,black_round_rotten_IMG_20250418_154003_TIMEBURST3_3843_rotate_iter1.jpg,JPG,1616x1616,24,Xiaomi,2312DRAABI,72,f/0.0,85,Daylight,16,29-05-2025 10:06
Black Round Rotten,black_round_rotten_IMG_20250418_154003_TIMEBURST1_3884_rgb_shift_iter1.jpg,JPG,1702x1702,24,Xiaomi,2312DRAABI,72,f/0.0,85,Daylight,16,29-05-2025 10:06
Black Round Rotten,black_round_rotten_IMG_20250418_154003_TIMEBURST3_3843_horizontal_flip_iter1.jpg,JPG,1616x1616,24,Xiaomi,2312DRAABI,72,f/0.0,85,Daylight,16,29-05-2025 10:06
Black Round Rotten,black_round_rotten_IMG_20250418_154003_TIMEBURST2_4264_rgb_shift_iter1.jpg,JPG,1532x1532,24,Xiaomi,2312DRAABI,72,f/0.0,89,Daylight,16,29-05-2025 10:06
Black Round Rotten,black_round_rotten_IMG_20250418_154003_TIMEBURST1_3884_rotate_iter2.jpg,JPG,1702x1702,24,Xiaomi,2312DRAABI,72,f/0.0,85,Daylight,16,29-05-2025 10:06
Black Round Rotten,black_round_rotten_IMG_20250418_154003_TIMEBURST3_3843_brightness_contrast_iter1.jpg,JPG,1616x1616,24,Xiaomi,2312DRAABI,72,f/0.0,89,Daylight,16,29-05-2025 10:06
Black Round Rotten,black_round_rotten_IMG_20250418_154003_TIMEBURST2_4264_rotate_iter2.jpg,JPG,1532x1532,24,Xiaomi,2312DRAABI,72,f/0.0,89,Daylight,16,29-05-2025 10:06
Black Round Rotten,black_round_rotten_IMG_20250418_154003_TIMEBURST1_3884_horizontal_flip_iter2.jpg,JPG,1702x1702,24,Xiaomi,2312DRAABI,72,f/0.0,86,Daylight,16,29-05-2025 10:06
Black Round Rotten,black_round_rotten_IMG_20250418_154003_TIMEBURST3_3843_gamma_iter1.jpg,JPG,1616x1616,24,Xiaomi,2312DRAABI,72,f/0.0,94,Daylight,16,29-05-2025 10:06
Black Round Rotten,black_round_rotten_IMG_20250418_154003_TIMEBURST4_3961_rotate_iter1.jpg,JPG,1535x1535,24,Xiaomi,2312DRAABI,72,f/0.0,86,Daylight,16,29-05-2025 10:06
Black Round Rotten,black_round_rotten_IMG_20250418_154003_TIMEBURST1_3884_brightness_contrast_iter2.jpg,JPG,1702x1702,24,Xiaomi,2312DRAABI,72,f/0.0,150,Daylight,16,29-05-2025 10:06
Black Round Rotten,black_round_rotten_IMG_20250418_154003_TIMEBURST2_4264_brightness_contrast_iter2.jpg,JPG,1532x1532,24,Xiaomi,2312DRAABI,72,f/0.0,86,Daylight,16,29-05-2025 10:06
Black Round Rotten,black_round_rotten_IMG_20250418_154003_TIMEBURST2_4264_horizontal_flip_iter2.jpg,JPG,1532x1532,24,Xiaomi,2312DRAABI,72,f/0.0,150,Daylight,16,29-05-2025 10:06
Black Round Rotten,black_round_rotten_IMG_20250418_154003_TIMEBURST4_3961_brightness_contrast_iter1.jpg,JPG,1535x1535,24,Xiaomi,2312DRAABI,72,f/0.0,86,Daylight,16,29-05-2025 10:06
Black Round Rotten,black_round_rotten_IMG_20250418_154003_TIMEBURST1_3884_gamma_iter2.jpg,JPG,1702x1702,24,Xiaomi,2312DRAABI,72,f/0.0,150,Daylight,16,29-05-2025 10:06
Black Round Rotten,black_round_rotten_IMG_20250418_154003_TIMEBURST2_4264_gamma_iter2.jpg,JPG,1532x1532,24,Xiaomi,2312DRAABI,72,f/0.0,79,Daylight,16,29-05-2025 10:06
Black Round Rotten,black_round_rotten_IMG_20250418_154003_TIMEBURST3_3843_rgb_shift_iter1.jpg,JPG,1616x1616,24,Xiaomi,2312DRAABI,72,f/0.0,79,Daylight,16,29-05-2025 10:06
Black Round Rotten,black_round_rotten_IMG_20250418_154003_TIMEBURST4_3961_horizontal_flip_iter1.jpg,JPG,1535x1535,24,Xiaomi,2312DRAABI,72,f/0.0,79,Daylight,16,29-05-2025 10:06
Black Round Rotten,black_round_rotten_IMG_20250418_154003_TIMEBURST3_3843_horizontal_flip_iter2.jpg,JPG,1616x1616,24,Xiaomi,2312DRAABI,72,f/0.0,150,Daylight,16,29-05-2025 10:06
Black Round Rotten,black_round_rotten_IMG_20250418_154003_TIMEBURST3_3843_rotate_iter2.jpg,JPG,1616x1616,24,Xiaomi,2312DRAABI,72,f/0.0,79,Daylight,16,29-05-2025 10:06
Black Round Rotten,black_round_rotten_IMG_20250418_154003_TIMEBURST4_3961_gamma_iter1.jpg,JPG,1535x1535,24,Xiaomi,2312DRAABI,72,f/0.0,79,Daylight,16,29-05-2025 10:06
Black Round Rotten,black_round_rotten_IMG_20250418_154003_TIMEBURST2_4264_rgb_shift_iter2.jpg,JPG,1532x1532,24,Xiaomi,2312DRAABI,72,f/0.0,79,Daylight,16,29-05-2025 10:06
Black Round Rotten,black_round_rotten_IMG_20250418_154003_TIMEBURST3_3843_gamma_iter2.jpg,JPG,1616x1616,24,Xiaomi,2312DRAABI,72,f/0.0,88,Daylight,16,29-05-2025 10:06
Black Round Rotten,black_round_rotten_IMG_20250418_154003_TIMEBURST1_3884_rgb_shift_iter2.jpg,JPG,1702x1702,24,Xiaomi,2312DRAABI,72,f/0.0,85,Daylight,16,29-05-2025 10:06
Black Round Rotten,black_round_rotten_IMG_20250418_154003_TIMEBURST3_3843_brightness_contrast_iter2.jpg,JPG,1616x1616,24,Xiaomi,2312DRAABI,72,f/0.0,87,Daylight,16,29-05-2025 10:06
Black Round Rotten,black_round_rotten_IMG_20250418_154003_TIMEBURST2_4264_rotate_iter3.jpg,JPG,1532x1532,24,Xiaomi,2312DRAABI,72,f/0.0,88,Daylight,16,29-05-2025 10:06
Black Round Rotten,black_round_rotten_IMG_20250418_154003_TIMEBURST4_3961_rgb_shift_iter1.jpg,JPG,1535x1535,24,Xiaomi,2312DRAABI,72,f/0.0,79,Daylight,16,29-05-2025 10:06
Black Round Rotten,black_round_rotten_IMG_20250418_154003_TIMEBURST2_4264_horizontal_flip_iter3.jpg,JPG,1532x1532,24,Xiaomi,2312DRAABI,72,f/0.0,81,Daylight,16,29-05-2025 10:06
Black Round Rotten,black_round_rotten_IMG_20250418_154003_TIMEBURST1_3884_rotate_iter3.jpg,JPG,1702x1702,24,Xiaomi,2312DRAABI,72,f/0.0,81,Daylight,16,29-05-2025 10:06
Black Round Rotten,black_round_rotten_IMG_20250418_154003_TIMEBURST4_3961_rotate_iter2.jpg,JPG,1535x1535,24,Xiaomi,2312DRAABI,72,f/0.0,96,Daylight,16,29-05-2025 10:06
Black Round Rotten,black_round_rotten_IMG_20250418_154003_TIMEBURST2_4264_brightness_contrast_iter3.jpg,JPG,1532x1532,24,Xiaomi,2312DRAABI,72,f/0.0,81,Daylight,16,29-05-2025 10:06
Black Round Rotten,black_round_rotten_IMG_20250418_154003_TIMEBURST1_3884_horizontal_flip_iter3.jpg,JPG,1702x1702,24,Xiaomi,2312DRAABI,72,f/0.0,132,Daylight,16,29-05-2025 10:06
Black Round Rotten,black_round_rotten_IMG_20250418_154003_TIMEBURST4_3961_horizontal_flip_iter2.jpg,JPG,1535x1535,24,Xiaomi,2312DRAABI,72,f/0.0,116,Daylight,16,29-05-2025 10:06
Black Round Rotten,black_round_rotten_IMG_20250418_154003_TIMEBURST3_3843_rgb_shift_iter2.jpg,JPG,1616x1616,24,Xiaomi,2312DRAABI,72,f/0.0,116,Daylight,16,29-05-2025 10:06
Black Round Rotten,black_round_rotten_IMG_20250418_154003_TIMEBURST2_4264_gamma_iter3.jpg,JPG,1532x1532,24,Xiaomi,2312DRAABI,72,f/0.0,116,Daylight,16,29-05-2025 10:06
Black Round Rotten,black_round_rotten_IMG_20250418_154003_TIMEBURST4_3961_brightness_contrast_iter2.jpg,JPG,1535x1535,24,Xiaomi,2312DRAABI,72,f/0.0,81,Daylight,16,29-05-2025 10:06
Black Round Rotten,black_round_rotten_IMG_20250418_154003_TIMEBURST1_3884_brightness_contrast_iter3.jpg,JPG,1702x1702,24,Xiaomi,2312DRAABI,72,f/0.0,116,Daylight,16,29-05-2025 10:06
Black Round Rotten,black_round_rotten_IMG_20250418_154003_TIMEBURST3_3843_rotate_iter3.jpg,JPG,1616x1616,24,Xiaomi,2312DRAABI,72,f/0.0,116,Daylight,16,29-05-2025 10:06
Black Round Rotten,black_round_rotten_IMG_20250418_154003_TIMEBURST4_3961_gamma_iter2.jpg,JPG,1535x1535,24,Xiaomi,2312DRAABI,72,f/0.0,116,Daylight,16,29-05-2025 10:06
Black Round Rotten,black_round_rotten_IMG_20250418_154003_TIMEBURST1_3884_gamma_iter3.jpg,JPG,1702x1702,24,Xiaomi,2312DRAABI,72,f/0.0,116,Daylight,16,29-05-2025 10:06
Black Round Rotten,black_round_rotten_IMG_20250418_154003_TIMEBURST2_4264_rgb_shift_iter3.jpg,JPG,1532x1532,24,Xiaomi,2312DRAABI,72,f/0.0,116,Daylight,16,29-05-2025 10:06
Black Round Rotten,black_round_rotten_IMG_20250418_154003_TIMEBURST3_3843_horizontal_flip_iter3.jpg,JPG,1616x1616,24,Xiaomi,2312DRAABI,72,f/0.0,116,Daylight,16,29-05-2025 10:06
Black Round Rotten,black_round_rotten_IMG_20250418_154003_TIMEBURST3_3843_brightness_contrast_iter3.jpg,JPG,1616x1616,24,Xiaomi,2312DRAABI,72,f/0.0,116,Daylight,16,29-05-2025 10:06
Black Round Rotten,black_round_rotten_IMG_20250418_154003_TIMEBURST2_4264_rotate_iter4.jpg,JPG,1532x1532,24,Xiaomi,2312DRAABI,72,f/0.0,116,Daylight,16,29-05-2025 10:06
Black Round Rotten,black_round_rotten_IMG_20250418_154003_TIMEBURST4_3961_rgb_shift_iter2.jpg,JPG,1535x1535,24,Xiaomi,2312DRAABI,72,f/0.0,89,Daylight,16,29-05-2025 10:06
Black Round Rotten,black_round_rotten_IMG_20250418_154003_TIMEBURST1_3884_rgb_shift_iter3.jpg,JPG,1702x1702,24,Xiaomi,2312DRAABI,72,f/0.0,116,Daylight,16,29-05-2025 10:06
Black Round Rotten,black_round_rotten_IMG_20250418_154003_TIMEBURST3_3843_gamma_iter3.jpg,JPG,1616x1616,24,Xiaomi,2312DRAABI,72,f/0.0,116,Daylight,16,29-05-2025 10:06
Black Round Rotten,black_round_rotten_IMG_20250418_154003_TIMEBURST2_4264_horizontal_flip_iter4.jpg,JPG,1532x1532,24,Xiaomi,2312DRAABI,72,f/0.0,143,Daylight,16,29-05-2025 10:06
Black Round Rotten,black_round_rotten_IMG_20250418_154003_TIMEBURST4_3961_rotate_iter3.jpg,JPG,1535x1535,24,Xiaomi,2312DRAABI,72,f/0.0,85,Daylight,16,29-05-2025 10:06
Black Round Rotten,black_round_rotten_IMG_20250418_154003_TIMEBURST2_4264_brightness_contrast_iter4.jpg,JPG,1532x1532,24,Xiaomi,2312DRAABI,72,f/0.0,81,Daylight,16,29-05-2025 10:06
Black Round Rotten,black_round_rotten_IMG_20250418_154003_TIMEBURST4_3961_horizontal_flip_iter3.jpg,JPG,1535x1535,24,Xiaomi,2312DRAABI,72,f/0.0,81,Daylight,16,29-05-2025 10:06
Black Round Rotten,black_round_rotten_IMG_20250418_154003_TIMEBURST3_3843_rgb_shift_iter3.jpg,JPG,1616x1616,24,Xiaomi,2312DRAABI,72,f/0.0,85,Daylight,16,29-05-2025 10:06
Black Round Rotten,black_round_rotten_IMG_20250418_154003_TIMEBURST1_3884_rotate_iter4.jpg,JPG,1702x1702,24,Xiaomi,2312DRAABI,72,f/0.0,50,Daylight,16,29-05-2025 10:06
Black Round Rotten,black_round_rotten_IMG_20250418_154003_TIMEBURST4_3961_brightness_contrast_iter3.jpg,JPG,1535x1535,24,Xiaomi,2312DRAABI,72,f/0.0,50,Daylight,16,29-05-2025 10:06
Black Round Rotten,black_round_rotten_IMG_20250418_154003_TIMEBURST2_4264_gamma_iter4.jpg,JPG,1532x1532,24,Xiaomi,2312DRAABI,72,f/0.0,50,Daylight,16,29-05-2025 10:06
Black Round Rotten,black_round_rotten_IMG_20250418_154003_TIMEBURST3_3843_rotate_iter4.jpg,JPG,1616x1616,24,Xiaomi,2312DRAABI,72,f/0.0,50,Daylight,16,29-05-2025 10:06
Black Round Rotten,black_round_rotten_IMG_20250418_154003_TIMEBURST1_3884_brightness_contrast_iter4.jpg,JPG,1702x1702,24,Xiaomi,2312DRAABI,72,f/0.0,50,Daylight,16,29-05-2025 10:06
Black Round Rotten,black_round_rotten_IMG_20250418_154003_TIMEBURST4_3961_gamma_iter3.jpg,JPG,1535x1535,24,Xiaomi,2312DRAABI,72,f/0.0,50,Daylight,16,29-05-2025 10:06
Black Round Rotten,black_round_rotten_IMG_20250418_154003_TIMEBURST3_3843_horizontal_flip_iter4.jpg,JPG,1616x1616,24,Xiaomi,2312DRAABI,72,f/0.0,52,Daylight,16,29-05-2025 10:06
Black Round Rotten,black_round_rotten_IMG_20250418_154003_TIMEBURST1_3884_horizontal_flip_iter4.jpg,JPG,1702x1702,24,Xiaomi,2312DRAABI,72,f/0.0,50,Daylight,16,29-05-2025 10:06
Black Round Rotten,black_round_rotten_IMG_20250418_154003_TIMEBURST2_4264_rgb_shift_iter4.jpg,JPG,1532x1532,24,Xiaomi,2312DRAABI,72,f/0.0,57,Daylight,16,29-05-2025 10:06
Black Round Rotten,black_round_rotten_IMG_20250418_154003_TIMEBURST2_4264_rotate_iter5.jpg,JPG,1532x1532,24,Xiaomi,2312DRAABI,72,f/0.0,54,Daylight,16,29-05-2025 10:06
Black Round Rotten,black_round_rotten_IMG_20250418_154003_TIMEBURST3_3843_brightness_contrast_iter4.jpg,JPG,1616x1616,24,Xiaomi,2312DRAABI,72,f/0.0,54,Daylight,16,29-05-2025 10:06
Black Round Rotten,black_round_rotten_IMG_20250418_154003_TIMEBURST1_3884_gamma_iter4.jpg,JPG,1702x1702,24,Xiaomi,2312DRAABI,72,f/0.0,57,Daylight,16,29-05-2025 10:06
Black Round Rotten,black_round_rotten_IMG_20250418_154003_TIMEBURST2_4264_horizontal_flip_iter5.jpg,JPG,1532x1532,24,Xiaomi,2312DRAABI,72,f/0.0,56,Daylight,16,29-05-2025 10:06
Black Round Rotten,black_round_rotten_IMG_20250418_154003_TIMEBURST4_3961_rgb_shift_iter3.jpg,JPG,1535x1535,24,Xiaomi,2312DRAABI,72,f/0.0,56,Daylight,16,29-05-2025 10:06
Black Round Rotten,black_round_rotten_IMG_20250418_154003_TIMEBURST4_3961_rotate_iter4.jpg,JPG,1535x1535,24,Xiaomi,2312DRAABI,72,f/0.0,56,Daylight,16,29-05-2025 10:06
Black Round Rotten,black_round_rotten_IMG_20250418_154003_TIMEBURST3_3843_gamma_iter4.jpg,JPG,1616x1616,24,Xiaomi,2312DRAABI,72,f/0.0,57,Daylight,16,29-05-2025 10:06
Black Round Rotten,black_round_rotten_IMG_20250418_154003_TIMEBURST2_4264_brightness_contrast_iter5.jpg,JPG,1532x1532,24,Xiaomi,2312DRAABI,72,f/0.0,50,Daylight,16,29-05-2025 10:06
Black Round Rotten,black_round_rotten_IMG_20250418_154003_TIMEBURST4_3961_horizontal_flip_iter4.jpg,JPG,1535x1535,24,Xiaomi,2312DRAABI,72,f/0.0,53,Daylight,16,29-05-2025 10:06
Black Round Rotten,black_round_rotten_IMG_20250418_154003_TIMEBURST1_3884_rgb_shift_iter4.jpg,JPG,1702x1702,24,Xiaomi,2312DRAABI,72,f/0.0,57,Daylight,16,29-05-2025 10:06
Black Round Rotten,black_round_rotten_IMG_20250418_154003_TIMEBURST2_4264_gamma_iter5.jpg,JPG,1532x1532,24,Xiaomi,2312DRAABI,72,f/0.0,52,Daylight,16,29-05-2025 10:06
Black Round Rotten,black_round_rotten_IMG_20250418_154003_TIMEBURST4_3961_brightness_contrast_iter4.jpg,JPG,1535x1535,24,Xiaomi,2312DRAABI,72,f/0.0,57,Daylight,16,29-05-2025 10:06
Black Round Rotten,black_round_rotten_IMG_20250418_154003_TIMEBURST3_3843_rgb_shift_iter4.jpg,JPG,1616x1616,24,Xiaomi,2312DRAABI,72,f/0.0,57,Daylight,16,29-05-2025 10:06
Black Round Rotten,black_round_rotten_IMG_20250418_154003_TIMEBURST1_3884_rotate_iter5.jpg,JPG,1702x1702,24,Xiaomi,2312DRAABI,72,f/0.0,52,Daylight,16,29-05-2025 10:06
Black Round Rotten,black_round_rotten_IMG_20250418_154003_TIMEBURST4_3961_gamma_iter4.jpg,JPG,1535x1535,24,Xiaomi,2312DRAABI,72,f/0.0,61,Daylight,16,29-05-2025 10:06
Black Round Rotten,black_round_rotten_IMG_20250418_154003_TIMEBURST2_4264_rgb_shift_iter5.jpg,JPG,1532x1532,24,Xiaomi,2312DRAABI,72,f/0.0,61,Daylight,16,29-05-2025 10:06
Black Round Rotten,black_round_rotten_IMG_20250418_154003_TIMEBURST1_3884_horizontal_flip_iter5.jpg,JPG,1702x1702,24,Xiaomi,2312DRAABI,72,f/0.0,60,Daylight,16,29-05-2025 10:06
Black Round Rotten,black_round_rotten_IMG_20250418_154003_TIMEBURST3_3843_rotate_iter5.jpg,JPG,1616x1616,24,Xiaomi,2312DRAABI,72,f/0.0,60,Daylight,16,29-05-2025 10:06
Black Round Rotten,black_round_rotten_IMG_20250418_154003_TIMEBURST1_3884_brightness_contrast_iter5.jpg,JPG,1702x1702,24,Xiaomi,2312DRAABI,72,f/0.0,59,Daylight,16,29-05-2025 10:06
Black Round Rotten,black_round_rotten_IMG_20250418_154003_TIMEBURST3_3843_horizontal_flip_iter5.jpg,JPG,1616x1616,24,Xiaomi,2312DRAABI,72,f/0.0,60,Daylight,16,29-05-2025 10:06
Black Round Rotten,black_round_rotten_IMG_20250418_154003_TIMEBURST4_3961_rgb_shift_iter4.jpg,JPG,1535x1535,24,Xiaomi,2312DRAABI,72,f/0.0,60,Daylight,16,29-05-2025 10:06
Black Round Rotten,black_round_rotten_IMG_20250418_154003_TIMEBURST1_3884_gamma_iter5.jpg,JPG,1702x1702,24,Xiaomi,2312DRAABI,72,f/0.0,61,Daylight,16,29-05-2025 10:06
Black Round Rotten,black_round_rotten_IMG_20250418_154003_TIMEBURST3_3843_brightness_contrast_iter5.jpg,JPG,1616x1616,24,Xiaomi,2312DRAABI,72,f/0.0,60,Daylight,16,29-05-2025 10:06
Black Round Rotten,black_round_rotten_IMG_20250418_154003_TIMEBURST4_3961_rotate_iter5.jpg,JPG,1535x1535,24,Xiaomi,2312DRAABI,72,f/0.0,60,Daylight,16,29-05-2025 10:06
Black Round Rotten,black_round_rotten_IMG_20250418_154003_TIMEBURST3_3843_gamma_iter5.jpg,JPG,1616x1616,24,Xiaomi,2312DRAABI,72,f/0.0,60,Daylight,16,29-05-2025 10:06
Black Round Rotten,black_round_rotten_IMG_20250418_154003_TIMEBURST4_3961_horizontal_flip_iter5.jpg,JPG,1535x1535,24,Xiaomi,2312DRAABI,72,f/0.0,60,Daylight,16,29-05-2025 10:06
Black Round Rotten,black_round_rotten_IMG_20250418_154003_TIMEBURST1_3884_rgb_shift_iter5.jpg,JPG,1702x1702,24,Xiaomi,2312DRAABI,72,f/0.0,63,Daylight,16,29-05-2025 10:06
Black Round Rotten,black_round_rotten_IMG_20250418_154003_TIMEBURST4_3961_brightness_contrast_iter5.jpg,JPG,1535x1535,24,Xiaomi,2312DRAABI,72,f/0.0,65,Daylight,16,29-05-2025 10:06
Black Round Rotten,black_round_rotten_IMG_20250418_154003_TIMEBURST3_3843_rgb_shift_iter5.jpg,JPG,1616x1616,24,Xiaomi,2312DRAABI,72,f/0.0,65,Daylight,16,29-05-2025 10:06
Black Round Rotten,black_round_rotten_IMG_20250418_154003_TIMEBURST4_3961_gamma_iter5.jpg,JPG,1535x1535,24,Xiaomi,2312DRAABI,72,f/0.0,67,Daylight,16,29-05-2025 10:06
Black Round Rotten,black_round_rotten_IMG_20250418_154003_TIMEBURST4_3961_rgb_shift_iter5.jpg,JPG,1535x1535,24,Xiaomi,2312DRAABI,72,f/0.0,75,Daylight,16,29-05-2025 10:06
Black Round Rotten,black_round_rotten_IMG_20250418_154003_TIMEBURST6_3633_rotate_iter1.jpg,JPG,1451x1451,24,Xiaomi,2312DRAABI,72,f/0.0,60,Daylight,16,29-05-2025 10:06
Black Round Rotten,black_round_rotten_IMG_20250418_154003_TIMEBURST6_3633_horizontal_flip_iter1.jpg,JPG,1451x1451,24,Xiaomi,2312DRAABI,72,f/0.0,67,Daylight,16,29-05-2025 10:06
Black Round Rotten,black_round_rotten_IMG_20250418_154003_TIMEBURST6_3633_brightness_contrast_iter1.jpg,JPG,1451x1451,24,Xiaomi,2312DRAABI,72,f/0.0,72,Daylight,16,29-05-2025 10:06
Black Round Rotten,black_round_rotten_IMG_20250418_154003_TIMEBURST6_3633_gamma_iter1.jpg,JPG,1451x1451,24,Xiaomi,2312DRAABI,72,f/0.0,69,Daylight,16,29-05-2025 10:06
Black Round Rotten,black_round_rotten_IMG_20250418_154003_TIMEBURST7_4543_rotate_iter1.jpg,JPG,1443x1443,24,Xiaomi,2312DRAABI,72,f/0.0,69,Daylight,16,29-05-2025 10:06
Black Round Rotten,black_round_rotten_IMG_20250418_154003_TIMEBURST6_3633_rgb_shift_iter1.jpg,JPG,1451x1451,24,Xiaomi,2312DRAABI,72,f/0.0,67,Daylight,16,29-05-2025 10:06
Black Round Rotten,black_round_rotten_IMG_20250418_154003_TIMEBURST7_4543_horizontal_flip_iter1.jpg,JPG,1443x1443,24,Xiaomi,2312DRAABI,72,f/0.0,69,Daylight,16,29-05-2025 10:06
Black Round Rotten,black_round_rotten_IMG_20250418_154003_TIMEBURST8_4057_rotate_iter1.jpg,JPG,1609x1609,24,Xiaomi,2312DRAABI,72,f/0.0,69,Daylight,16,29-05-2025 10:06
Black Round Rotten,black_round_rotten_IMG_20250418_154003_TIMEBURST5_4262_rotate_iter1.jpg,JPG,1788x1788,24,Xiaomi,2312DRAABI,72,f/0.0,69,Daylight,16,29-05-2025 10:06
Black Round Rotten,black_round_rotten_IMG_20250418_154003_TIMEBURST7_4543_brightness_contrast_iter1.jpg,JPG,1443x1443,24,Xiaomi,2312DRAABI,72,f/0.0,69,Daylight,16,29-05-2025 10:06
Black Round Rotten,black_round_rotten_IMG_20250418_154003_TIMEBURST8_4057_horizontal_flip_iter1.jpg,JPG,1609x1609,24,Xiaomi,2312DRAABI,72,f/0.0,69,Daylight,16,29-05-2025 10:06
Black Round Rotten,black_round_rotten_IMG_20250418_154003_TIMEBURST7_4543_gamma_iter1.jpg,JPG,1443x1443,24,Xiaomi,2312DRAABI,72,f/0.0,72,Daylight,16,29-05-2025 10:06
Black Round Rotten,black_round_rotten_IMG_20250418_154003_TIMEBURST5_4262_horizontal_flip_iter1.jpg,JPG,1788x1788,24,Xiaomi,2312DRAABI,72,f/0.0,69,Daylight,16,29-05-2025 10:06
Black Round Rotten,black_round_rotten_IMG_20250418_154003_TIMEBURST6_3633_rotate_iter2.jpg,JPG,1451x1451,24,Xiaomi,2312DRAABI,72,f/0.0,69,Daylight,16,29-05-2025 10:06
Black Round Rotten,black_round_rotten_IMG_20250418_154003_TIMEBURST8_4057_brightness_contrast_iter1.jpg,JPG,1609x1609,24,Xiaomi,2312DRAABI,72,f/0.0,72,Daylight,16,29-05-2025 10:06
Black Round Rotten,black_round_rotten_IMG_20250418_154003_TIMEBURST6_3633_horizontal_flip_iter2.jpg,JPG,1451x1451,24,Xiaomi,2312DRAABI,72,f/0.0,72,Daylight,16,29-05-2025 10:06
Black Round Rotten,black_round_rotten_IMG_20250418_154003_TIMEBURST8_4057_gamma_iter1.jpg,JPG,1609x1609,24,Xiaomi,2312DRAABI,72,f/0.0,75,Daylight,16,29-05-2025 10:06
Black Round Rotten,black_round_rotten_IMG_20250418_154003_TIMEBURST5_4262_brightness_contrast_iter1.jpg,JPG,1788x1788,24,Xiaomi,2312DRAABI,72,f/0.0,74,Daylight,16,29-05-2025 10:06
Black Round Rotten,black_round_rotten_IMG_20250418_154003_TIMEBURST7_4543_rgb_shift_iter1.jpg,JPG,1443x1443,24,Xiaomi,2312DRAABI,72,f/0.0,75,Daylight,16,29-05-2025 10:06
Black Round Rotten,black_round_rotten_IMG_20250418_154003_TIMEBURST6_3633_brightness_contrast_iter2.jpg,JPG,1451x1451,24,Xiaomi,2312DRAABI,72,f/0.0,77,Daylight,16,29-05-2025 10:06
Black Round Rotten,black_round_rotten_IMG_20250418_154003_TIMEBURST5_4262_gamma_iter1.jpg,JPG,1788x1788,24,Xiaomi,2312DRAABI,72,f/0.0,75,Daylight,16,29-05-2025 10:06
Black Round Rotten,black_round_rotten_IMG_20250418_154003_TIMEBURST7_4543_rotate_iter2.jpg,JPG,1443x1443,24,Xiaomi,2312DRAABI,72,f/0.0,81,Daylight,16,29-05-2025 10:06
Black Round Rotten,black_round_rotten_IMG_20250418_154003_TIMEBURST8_4057_rgb_shift_iter1.jpg,JPG,1609x1609,24,Xiaomi,2312DRAABI,72,f/0.0,71,Daylight,16,29-05-2025 10:06
Black Round Rotten,black_round_rotten_IMG_20250418_154003_TIMEBURST6_3633_gamma_iter2.jpg,JPG,1451x1451,24,Xiaomi,2312DRAABI,72,f/0.0,85,Daylight,16,29-05-2025 10:06
Black Round Rotten,black_round_rotten_IMG_20250418_154003_TIMEBURST8_4057_rotate_iter2.jpg,JPG,1609x1609,24,Xiaomi,2312DRAABI,72,f/0.0,85,Daylight,16,29-05-2025 10:06
Black Round Rotten,black_round_rotten_IMG_20250418_154003_TIMEBURST7_4543_horizontal_flip_iter2.jpg,JPG,1443x1443,24,Xiaomi,2312DRAABI,72,f/0.0,85,Daylight,16,29-05-2025 10:06
Black Round Rotten,black_round_rotten_IMG_20250418_154003_TIMEBURST6_3633_rgb_shift_iter2.jpg,JPG,1451x1451,24,Xiaomi,2312DRAABI,72,f/0.0,84,Daylight,16,29-05-2025 10:06
Black Round Rotten,black_round_rotten_IMG_20250418_154003_TIMEBURST5_4262_rgb_shift_iter1.jpg,JPG,1788x1788,24,Xiaomi,2312DRAABI,72,f/0.0,85,Daylight,16,29-05-2025 10:06
Black Round Rotten,black_round_rotten_IMG_20250418_154003_TIMEBURST7_4543_brightness_contrast_iter2.jpg,JPG,1443x1443,24,Xiaomi,2312DRAABI,72,f/0.0,85,Daylight,16,29-05-2025 10:06
Black Round Rotten,black_round_rotten_IMG_20250418_154003_TIMEBURST8_4057_horizontal_flip_iter2.jpg,JPG,1609x1609,24,Xiaomi,2312DRAABI,72,f/0.0,85,Daylight,16,29-05-2025 10:06
Black Round Rotten,black_round_rotten_IMG_20250418_154003_TIMEBURST7_4543_gamma_iter2.jpg,JPG,1443x1443,24,Xiaomi,2312DRAABI,72,f/0.0,85,Daylight,16,29-05-2025 10:06
Black Round Rotten,black_round_rotten_IMG_20250418_154003_TIMEBURST6_3633_rotate_iter3.jpg,JPG,1451x1451,24,Xiaomi,2312DRAABI,72,f/0.0,89,Daylight,16,29-05-2025 10:06
Black Round Rotten,black_round_rotten_IMG_20250418_154003_TIMEBURST8_4057_brightness_contrast_iter2.jpg,JPG,1609x1609,24,Xiaomi,2312DRAABI,72,f/0.0,85,Daylight,16,29-05-2025 10:06
Black Round Rotten,black_round_rotten_IMG_20250418_154003_TIMEBURST6_3633_horizontal_flip_iter3.jpg,JPG,1451x1451,24,Xiaomi,2312DRAABI,72,f/0.0,89,Daylight,16,29-05-2025 10:06
Black Round Rotten,black_round_rotten_IMG_20250418_154003_TIMEBURST5_4262_rotate_iter2.jpg,JPG,1788x1788,24,Xiaomi,2312DRAABI,72,f/0.0,89,Daylight,16,29-05-2025 10:06
Black Round Rotten,black_round_rotten_IMG_20250418_154003_TIMEBURST8_4057_gamma_iter2.jpg,JPG,1609x1609,24,Xiaomi,2312DRAABI,72,f/0.0,86,Daylight,16,29-05-2025 10:06
Black Round Rotten,black_round_rotten_IMG_20250418_154003_TIMEBURST6_3633_brightness_contrast_iter3.jpg,JPG,1451x1451,24,Xiaomi,2312DRAABI,72,f/0.0,94,Daylight,16,29-05-2025 10:06
Black Round Rotten,black_round_rotten_IMG_20250418_154003_TIMEBURST7_4543_rgb_shift_iter2.jpg,JPG,1443x1443,24,Xiaomi,2312DRAABI,72,f/0.0,86,Daylight,16,29-05-2025 10:06
Black Round Rotten,black_round_rotten_IMG_20250418_154003_TIMEBURST6_3633_gamma_iter3.jpg,JPG,1451x1451,24,Xiaomi,2312DRAABI,72,f/0.0,150,Daylight,16,29-05-2025 10:06
Black Round Rotten,black_round_rotten_IMG_20250418_154003_TIMEBURST5_4262_horizontal_flip_iter2.jpg,JPG,1788x1788,24,Xiaomi,2312DRAABI,72,f/0.0,86,Daylight,16,29-05-2025 10:06
Black Round Rotten,black_round_rotten_IMG_20250418_154003_TIMEBURST7_4543_rotate_iter3.jpg,JPG,1443x1443,24,Xiaomi,2312DRAABI,72,f/0.0,150,Daylight,16,29-05-2025 10:06
Black Round Rotten,black_round_rotten_IMG_20250418_154003_TIMEBURST5_4262_brightness_contrast_iter2.jpg,JPG,1788x1788,24,Xiaomi,2312DRAABI,72,f/0.0,86,Daylight,16,29-05-2025 10:06
Black Round Rotten,black_round_rotten_IMG_20250418_154003_TIMEBURST8_4057_rgb_shift_iter2.jpg,JPG,1609x1609,24,Xiaomi,2312DRAABI,72,f/0.0,150,Daylight,16,29-05-2025 10:06
Black Round Rotten,black_round_rotten_IMG_20250418_154003_TIMEBURST7_4543_horizontal_flip_iter3.jpg,JPG,1443x1443,24,Xiaomi,2312DRAABI,72,f/0.0,79,Daylight,16,29-05-2025 10:06
Black Round Rotten,black_round_rotten_IMG_20250418_154003_TIMEBURST6_3633_rgb_shift_iter3.jpg,JPG,1451x1451,24,Xiaomi,2312DRAABI,72,f/0.0,79,Daylight,16,29-05-2025 10:06
Black Round Rotten,black_round_rotten_IMG_20250418_154003_TIMEBURST8_4057_rotate_iter3.jpg,JPG,1609x1609,24,Xiaomi,2312DRAABI,72,f/0.0,79,Daylight,16,29-05-2025 10:06
Black Round Rotten,black_round_rotten_IMG_20250418_154003_TIMEBURST7_4543_brightness_contrast_iter3.jpg,JPG,1443x1443,24,Xiaomi,2312DRAABI,72,f/0.0,150,Daylight,16,29-05-2025 10:06
Black Round Rotten,black_round_rotten_IMG_20250418_154003_TIMEBURST5_4262_gamma_iter2.jpg,JPG,1788x1788,24,Xiaomi,2312DRAABI,72,f/0.0,79,Daylight,16,29-05-2025 10:06
Black Round Rotten,black_round_rotten_IMG_20250418_154003_TIMEBURST6_3633_rotate_iter4.jpg,JPG,1451x1451,24,Xiaomi,2312DRAABI,72,f/0.0,79,Daylight,16,29-05-2025 10:06
Black Round Rotten,black_round_rotten_IMG_20250418_154003_TIMEBURST8_4057_horizontal_flip_iter3.jpg,JPG,1609x1609,24,Xiaomi,2312DRAABI,72,f/0.0,79,Daylight,16,29-05-2025 10:06
Black Round Rotten,black_round_rotten_IMG_20250418_154003_TIMEBURST7_4543_gamma_iter3.jpg,JPG,1443x1443,24,Xiaomi,2312DRAABI,72,f/0.0,88,Daylight,16,29-05-2025 10:06
Black Round Rotten,black_round_rotten_IMG_20250418_154003_TIMEBURST8_4057_brightness_contrast_iter3.jpg,JPG,1609x1609,24,Xiaomi,2312DRAABI,72,f/0.0,85,Daylight,16,29-05-2025 10:06
Black Round Rotten,black_round_rotten_IMG_20250418_154003_TIMEBURST6_3633_horizontal_flip_iter4.jpg,JPG,1451x1451,24,Xiaomi,2312DRAABI,72,f/0.0,87,Daylight,16,29-05-2025 10:06
Black Round Rotten,black_round_rotten_IMG_20250418_154003_TIMEBURST5_4262_rgb_shift_iter2.jpg,JPG,1788x1788,24,Xiaomi,2312DRAABI,72,f/0.0,88,Daylight,16,29-05-2025 10:06
Black Round Rotten,black_round_rotten_IMG_20250418_154003_TIMEBURST8_4057_gamma_iter3.jpg,JPG,1609x1609,24,Xiaomi,2312DRAABI,72,f/0.0,79,Daylight,16,29-05-2025 10:06
Black Round Rotten,black_round_rotten_IMG_20250418_154003_TIMEBURST6_3633_brightness_contrast_iter4.jpg,JPG,1451x1451,24,Xiaomi,2312DRAABI,72,f/0.0,81,Daylight,16,29-05-2025 10:06
Black Round Rotten,black_round_rotten_IMG_20250418_154003_TIMEBURST7_4543_rgb_shift_iter3.jpg,JPG,1443x1443,24,Xiaomi,2312DRAABI,72,f/0.0,81,Daylight,16,29-05-2025 10:06
Black Round Rotten,black_round_rotten_IMG_20250418_154003_TIMEBURST6_3633_gamma_iter4.jpg,JPG,1451x1451,24,Xiaomi,2312DRAABI,72,f/0.0,96,Daylight,16,29-05-2025 10:06
Black Round Rotten,black_round_rotten_IMG_20250418_154003_TIMEBURST7_4543_rotate_iter4.jpg,JPG,1443x1443,24,Xiaomi,2312DRAABI,72,f/0.0,81,Daylight,16,29-05-2025 10:06
Black Round Rotten,black_round_rotten_IMG_20250418_154003_TIMEBURST8_4057_rgb_shift_iter3.jpg,JPG,1609x1609,24,Xiaomi,2312DRAABI,72,f/0.0,132,Daylight,16,29-05-2025 10:06
Black Round Rotten,black_round_rotten_IMG_20250418_154003_TIMEBURST6_3633_rgb_shift_iter4.jpg,JPG,1451x1451,24,Xiaomi,2312DRAABI,72,f/0.0,116,Daylight,16,29-05-2025 10:06
Black Round Rotten,black_round_rotten_IMG_20250418_154003_TIMEBURST7_4543_horizontal_flip_iter4.jpg,JPG,1443x1443,24,Xiaomi,2312DRAABI,72,f/0.0,116,Daylight,16,29-05-2025 10:06
Black Round Rotten,black_round_rotten_IMG_20250418_154003_TIMEBURST5_4262_rotate_iter3.jpg,JPG,1788x1788,24,Xiaomi,2312DRAABI,72,f/0.0,116,Daylight,16,29-05-2025 10:06
Black Round Rotten,black_round_rotten_IMG_20250418_154003_TIMEBURST7_4543_brightness_contrast_iter4.jpg,JPG,1443x1443,24,Xiaomi,2312DRAABI,72,f/0.0,81,Daylight,16,29-05-2025 10:06
Black Round Rotten,black_round_rotten_IMG_20250418_154003_TIMEBURST8_4057_rotate_iter4.jpg,JPG,1609x1609,24,Xiaomi,2312DRAABI,72,f/0.0,116,Daylight,16,29-05-2025 10:06
Black Round Rotten,black_round_rotten_IMG_20250418_154003_TIMEBURST8_4057_horizontal_flip_iter4.jpg,JPG,1609x1609,24,Xiaomi,2312DRAABI,72,f/0.0,116,Daylight,16,29-05-2025 10:06
Black Round Rotten,black_round_rotten_IMG_20250418_154003_TIMEBURST5_4262_horizontal_flip_iter3.jpg,JPG,1788x1788,24,Xiaomi,2312DRAABI,72,f/0.0,116,Daylight,16,29-05-2025 10:06
Black Round Rotten,black_round_rotten_IMG_20250418_154003_TIMEBURST7_4543_gamma_iter4.jpg,JPG,1443x1443,24,Xiaomi,2312DRAABI,72,f/0.0,116,Daylight,16,29-05-2025 10:06
Black Round Rotten,black_round_rotten_IMG_20250418_154003_TIMEBURST6_3633_rotate_iter5.jpg,JPG,1451x1451,24,Xiaomi,2312DRAABI,72,f/0.0,116,Daylight,16,29-05-2025 10:06
Black Round Rotten,black_round_rotten_IMG_20250418_154003_TIMEBURST5_4262_brightness_contrast_iter3.jpg,JPG,1788x1788,24,Xiaomi,2312DRAABI,72,f/0.0,116,Daylight,16,29-05-2025 10:06
Black Round Rotten,black_round_rotten_IMG_20250418_154003_TIMEBURST8_4057_brightness_contrast_iter4.jpg,JPG,1609x1609,24,Xiaomi,2312DRAABI,72,f/0.0,116,Daylight,16,29-05-2025 10:06
Black Round Rotten,black_round_rotten_IMG_20250418_154003_TIMEBURST6_3633_horizontal_flip_iter5.jpg,JPG,1451x1451,24,Xiaomi,2312DRAABI,72,f/0.0,116,Daylight,16,29-05-2025 10:06
Black Round Rotten,black_round_rotten_IMG_20250418_154003_TIMEBURST7_4543_rgb_shift_iter4.jpg,JPG,1443x1443,24,Xiaomi,2312DRAABI,72,f/0.0,89,Daylight,16,29-05-2025 10:06
Black Round Rotten,black_round_rotten_IMG_20250418_154003_TIMEBURST8_4057_gamma_iter4.jpg,JPG,1609x1609,24,Xiaomi,2312DRAABI,72,f/0.0,116,Daylight,16,29-05-2025 10:06
Black Round Rotten,black_round_rotten_IMG_20250418_154003_TIMEBURST5_4262_gamma_iter3.jpg,JPG,1788x1788,24,Xiaomi,2312DRAABI,72,f/0.0,116,Daylight,16,29-05-2025 10:06
Black Round Rotten,black_round_rotten_IMG_20250418_154003_TIMEBURST6_3633_brightness_contrast_iter5.jpg,JPG,1451x1451,24,Xiaomi,2312DRAABI,72,f/0.0,143,Daylight,16,29-05-2025 10:06
Black Round Rotten,black_round_rotten_IMG_20250418_154003_TIMEBURST7_4543_rotate_iter5.jpg,JPG,1443x1443,24,Xiaomi,2312DRAABI,72,f/0.0,85,Daylight,16,29-05-2025 10:06
Black Round Rotten,black_round_rotten_IMG_20250418_154003_TIMEBURST6_3633_gamma_iter5.jpg,JPG,1451x1451,24,Xiaomi,2312DRAABI,72,f/0.0,81,Daylight,16,29-05-2025 10:06
Black Round Rotten,black_round_rotten_IMG_20250418_154003_TIMEBURST7_4543_horizontal_flip_iter5.jpg,JPG,1443x1443,24,Xiaomi,2312DRAABI,72,f/0.0,81,Daylight,16,29-05-2025 10:06
Black Round Rotten,black_round_rotten_IMG_20250418_154003_TIMEBURST8_4057_rgb_shift_iter4.jpg,JPG,1609x1609,24,Xiaomi,2312DRAABI,72,f/0.0,85,Daylight,16,29-05-2025 10:06
Black Round Rotten,black_round_rotten_IMG_20250418_154003_TIMEBURST5_4262_rgb_shift_iter3.jpg,JPG,1788x1788,24,Xiaomi,2312DRAABI,72,f/0.0,50,Daylight,16,29-05-2025 10:06
Black Round Rotten,black_round_rotten_IMG_20250418_154003_TIMEBURST6_3633_rgb_shift_iter5.jpg,JPG,1451x1451,24,Xiaomi,2312DRAABI,72,f/0.0,50,Daylight,16,29-05-2025 10:06
Black Round Rotten,black_round_rotten_IMG_20250418_154003_TIMEBURST7_4543_brightness_contrast_iter5.jpg,JPG,1443x1443,24,Xiaomi,2312DRAABI,72,f/0.0,50,Daylight,16,29-05-2025 10:06
Black Round Rotten,black_round_rotten_IMG_20250418_154003_TIMEBURST8_4057_rotate_iter5.jpg,JPG,1609x1609,24,Xiaomi,2312DRAABI,72,f/0.0,50,Daylight,16,29-05-2025 10:06
Black Round Rotten,black_round_rotten_IMG_20250418_154003_TIMEBURST7_4543_gamma_iter5.jpg,JPG,1443x1443,24,Xiaomi,2312DRAABI,72,f/0.0,50,Daylight,16,29-05-2025 10:06
Black Round Rotten,black_round_rotten_IMG_20250418_154003_TIMEBURST8_4057_horizontal_flip_iter5.jpg,JPG,1609x1609,24,Xiaomi,2312DRAABI,72,f/0.0,50,Daylight,16,29-05-2025 10:06
Black Round Rotten,black_round_rotten_IMG_20250418_154003_TIMEBURST5_4262_rotate_iter4.jpg,JPG,1788x1788,24,Xiaomi,2312DRAABI,72,f/0.0,52,Daylight,16,29-05-2025 10:06
Black Round Rotten,black_round_rotten_IMG_20250418_154003_TIMEBURST8_4057_brightness_contrast_iter5.jpg,JPG,1609x1609,24,Xiaomi,2312DRAABI,72,f/0.0,50,Daylight,16,29-05-2025 10:06
Black Round Rotten,black_round_rotten_IMG_20250418_154003_TIMEBURST7_4543_rgb_shift_iter5.jpg,JPG,1443x1443,24,Xiaomi,2312DRAABI,72,f/0.0,57,Daylight,16,29-05-2025 10:06
Black Round Rotten,black_round_rotten_IMG_20250418_154003_TIMEBURST5_4262_horizontal_flip_iter4.jpg,JPG,1788x1788,24,Xiaomi,2312DRAABI,72,f/0.0,54,Daylight,16,29-05-2025 10:06
Black Round Rotten,black_round_rotten_IMG_20250418_154003_TIMEBURST8_4057_gamma_iter5.jpg,JPG,1609x1609,24,Xiaomi,2312DRAABI,72,f/0.0,54,Daylight,16,29-05-2025 10:06
Black Round Rotten,black_round_rotten_IMG_20250418_154003_TIMEBURST5_4262_brightness_contrast_iter4.jpg,JPG,1788x1788,24,Xiaomi,2312DRAABI,72,f/0.0,57,Daylight,16,29-05-2025 10:06
Black Round Rotten,black_round_rotten_IMG_20250418_154003_TIMEBURST8_4057_rgb_shift_iter5.jpg,JPG,1609x1609,24,Xiaomi,2312DRAABI,72,f/0.0,56,Daylight,16,29-05-2025 10:06
Black Round Rotten,black_round_rotten_IMG_20250418_154003_TIMEBURST5_4262_gamma_iter4.jpg,JPG,1788x1788,24,Xiaomi,2312DRAABI,72,f/0.0,56,Daylight,16,29-05-2025 10:06
Black Round Rotten,black_round_rotten_IMG_20250418_154003_TIMEBURST5_4262_rgb_shift_iter4.jpg,JPG,1788x1788,24,Xiaomi,2312DRAABI,72,f/0.0,56,Daylight,16,29-05-2025 10:06
Black Round Rotten,black_round_rotten_IMG_20250418_154003_TIMEBURST5_4262_rotate_iter5.jpg,JPG,1788x1788,24,Xiaomi,2312DRAABI,72,f/0.0,57,Daylight,16,29-05-2025 10:06
Black Round Rotten,black_round_rotten_IMG_20250418_154003_TIMEBURST5_4262_brightness_contrast_iter5.jpg,JPG,1788x1788,24,Xiaomi,2312DRAABI,72,f/0.0,50,Daylight,16,29-05-2025 10:06
Black Round Rotten,black_round_rotten_IMG_20250418_154003_TIMEBURST5_4262_horizontal_flip_iter5.jpg,JPG,1788x1788,24,Xiaomi,2312DRAABI,72,f/0.0,53,Daylight,16,29-05-2025 10:06
Black Round Rotten,black_round_rotten_IMG_20250418_154003_TIMEBURST5_4262_gamma_iter5.jpg,JPG,1788x1788,24,Xiaomi,2312DRAABI,72,f/0.0,57,Daylight,16,29-05-2025 10:06
Black Round Rotten,black_round_rotten_IMG_20250418_154003_TIMEBURST5_4262_rgb_shift_iter5.jpg,JPG,1788x1788,24,Xiaomi,2312DRAABI,72,f/0.0,52,Daylight,16,29-05-2025 10:06
Black Round Rotten,black_round_rotten_IMG_20250418_154003_TIMEBURST11_4335_rotate_iter1.jpg,JPG,1605x1605,24,Xiaomi,2312DRAABI,72,f/0.0,57,Daylight,16,29-05-2025 10:06
Black Round Rotten,black_round_rotten_IMG_20250418_154003_TIMEBURST11_4335_horizontal_flip_iter1.jpg,JPG,1605x1605,24,Xiaomi,2312DRAABI,72,f/0.0,57,Daylight,16,29-05-2025 10:06
Black Round Rotten,black_round_rotten_IMG_20250418_154003_TIMEBURST11_4335_brightness_contrast_iter1.jpg,JPG,1605x1605,24,Xiaomi,2312DRAABI,72,f/0.0,52,Daylight,16,29-05-2025 10:06
Black Round Rotten,black_round_rotten_IMG_20250418_154003_TIMEBURST11_4335_gamma_iter1.jpg,JPG,1605x1605,24,Xiaomi,2312DRAABI,72,f/0.0,61,Daylight,16,29-05-2025 10:06
Black Round Rotten,black_round_rotten_IMG_20250418_154003_TIMEBURST11_4335_rgb_shift_iter1.jpg,JPG,1605x1605,24,Xiaomi,2312DRAABI,72,f/0.0,61,Daylight,16,29-05-2025 10:06
Black Round Rotten,black_round_rotten_IMG_20250418_154003_TIMEBURST9_4301_rotate_iter1.jpg,JPG,2092x2092,24,Xiaomi,2312DRAABI,72,f/0.0,60,Daylight,16,29-05-2025 10:06
Black Round Rotten,black_round_rotten_IMG_20250418_154003_TIMEBURST9_4301_horizontal_flip_iter1.jpg,JPG,2092x2092,24,Xiaomi,2312DRAABI,72,f/0.0,60,Daylight,16,29-05-2025 10:06
Black Round Rotten,black_round_rotten_IMG_20250418_154003_TIMEBURST11_4335_rotate_iter2.jpg,JPG,1605x1605,24,Xiaomi,2312DRAABI,72,f/0.0,59,Daylight,16,29-05-2025 10:06
Black Round Rotten,black_round_rotten_IMG_20250418_154003_TIMEBURST9_4301_brightness_contrast_iter1.jpg,JPG,2092x2092,24,Xiaomi,2312DRAABI,72,f/0.0,60,Daylight,16,29-05-2025 10:06
Black Round Rotten,black_round_rotten_IMG_20250418_154003_TIMEBURST11_4335_horizontal_flip_iter2.jpg,JPG,1605x1605,24,Xiaomi,2312DRAABI,72,f/0.0,60,Daylight,16,29-05-2025 10:06
Black Round Rotten,black_round_rotten_IMG_20250418_154003_TIMEBURST9_4301_gamma_iter1.jpg,JPG,2092x2092,24,Xiaomi,2312DRAABI,72,f/0.0,61,Daylight,16,29-05-2025 10:06
Black Round Rotten,black_round_rotten_IMG_20250418_154003_TIMEBURST10_4324_rotate_iter1.jpg,JPG,1604x1604,24,Xiaomi,2312DRAABI,72,f/0.0,60,Daylight,16,29-05-2025 10:06
Black Round Rotten,black_round_rotten_IMG_20250418_154003_TIMEBURST11_4335_brightness_contrast_iter2.jpg,JPG,1605x1605,24,Xiaomi,2312DRAABI,72,f/0.0,60,Daylight,16,29-05-2025 10:06
Black Round Rotten,black_round_rotten_IMG_20250418_154003_TIMEBURST10_4324_horizontal_flip_iter1.jpg,JPG,1604x1604,24,Xiaomi,2312DRAABI,72,f/0.0,60,Daylight,16,29-05-2025 10:06
Black Round Rotten,black_round_rotten_IMG_20250418_154003_TIMEBURST11_4335_gamma_iter2.jpg,JPG,1605x1605,24,Xiaomi,2312DRAABI,72,f/0.0,60,Daylight,16,29-05-2025 10:06
Black Round Rotten,black_round_rotten_IMG_20250418_154003_TIMEBURST10_4324_brightness_contrast_iter1.jpg,JPG,1604x1604,24,Xiaomi,2312DRAABI,72,f/0.0,63,Daylight,16,29-05-2025 10:06
Black Round Rotten,black_round_rotten_IMG_20250418_154003_TIMEBURST9_4301_rgb_shift_iter1.jpg,JPG,2092x2092,24,Xiaomi,2312DRAABI,72,f/0.0,65,Daylight,16,29-05-2025 10:06
Black Round Rotten,black_round_rotten_IMG_20250418_154003_TIMEBURST11_4335_rgb_shift_iter2.jpg,JPG,1605x1605,24,Xiaomi,2312DRAABI,72,f/0.0,65,Daylight,16,29-05-2025 10:06
Black Round Rotten,black_round_rotten_IMG_20250418_154003_TIMEBURST10_4324_gamma_iter1.jpg,JPG,1604x1604,24,Xiaomi,2312DRAABI,72,f/0.0,67,Daylight,16,29-05-2025 10:06
Black Round Rotten,black_round_rotten_IMG_20250418_154003_TIMEBURST10_4324_rgb_shift_iter1.jpg,JPG,1604x1604,24,Xiaomi,2312DRAABI,72,f/0.0,75,Daylight,16,29-05-2025 10:06
Black Round Rotten,black_round_rotten_IMG_20250418_154003_TIMEBURST11_4335_rotate_iter3.jpg,JPG,1605x1605,24,Xiaomi,2312DRAABI,72,f/0.0,60,Daylight,16,29-05-2025 10:06
Black Round Rotten,black_round_rotten_IMG_20250418_154003_TIMEBURST9_4301_rotate_iter2.jpg,JPG,2092x2092,24,Xiaomi,2312DRAABI,72,f/0.0,67,Daylight,16,29-05-2025 10:06
Black Round Rotten,black_round_rotten_IMG_20250418_154003_TIMEBURST10_4324_rotate_iter2.jpg,JPG,1604x1604,24,Xiaomi,2312DRAABI,72,f/0.0,72,Daylight,16,29-05-2025 10:06
Black Round Rotten,black_round_rotten_IMG_20250418_154003_TIMEBURST11_4335_horizontal_flip_iter3.jpg,JPG,1605x1605,24,Xiaomi,2312DRAABI,72,f/0.0,69,Daylight,16,29-05-2025 10:06
Black Round Rotten,black_round_rotten_IMG_20250418_154003_TIMEBURST9_4301_horizontal_flip_iter2.jpg,JPG,2092x2092,24,Xiaomi,2312DRAABI,72,f/0.0,69,Daylight,16,29-05-2025 10:06
Black Round Rotten,black_round_rotten_IMG_20250418_154003_TIMEBURST11_4335_brightness_contrast_iter3.jpg,JPG,1605x1605,24,Xiaomi,2312DRAABI,72,f/0.0,67,Daylight,16,29-05-2025 10:06
Black Round Rotten,black_round_rotten_IMG_20250418_154003_TIMEBURST10_4324_horizontal_flip_iter2.jpg,JPG,1604x1604,24,Xiaomi,2312DRAABI,72,f/0.0,69,Daylight,16,29-05-2025 10:06
Black Round Rotten,black_round_rotten_IMG_20250418_154003_TIMEBURST11_4335_gamma_iter3.jpg,JPG,1605x1605,24,Xiaomi,2312DRAABI,72,f/0.0,69,Daylight,16,29-05-2025 10:06
Black Round Rotten,black_round_rotten_IMG_20250418_154003_TIMEBURST9_4301_brightness_contrast_iter2.jpg,JPG,2092x2092,24,Xiaomi,2312DRAABI,72,f/0.0,69,Daylight,16,29-05-2025 10:06
Black Round Rotten,black_round_rotten_IMG_20250418_154003_TIMEBURST10_4324_brightness_contrast_iter2.jpg,JPG,1604x1604,24,Xiaomi,2312DRAABI,72,f/0.0,69,Daylight,16,29-05-2025 10:06
Black Round Rotten,black_round_rotten_IMG_20250418_154003_TIMEBURST10_4324_gamma_iter2.jpg,JPG,1604x1604,24,Xiaomi,2312DRAABI,72,f/0.0,69,Daylight,16,29-05-2025 10:06
Black Round Rotten,black_round_rotten_IMG_20250418_154003_TIMEBURST12_4551_rotate_iter1.jpg,JPG,1455x1455,24,Xiaomi,2312DRAABI,72,f/0.0,72,Daylight,16,29-05-2025 10:06
Black Round Rotten,black_round_rotten_IMG_20250418_154003_TIMEBURST9_4301_gamma_iter2.jpg,JPG,2092x2092,24,Xiaomi,2312DRAABI,72,f/0.0,69,Daylight,16,29-05-2025 10:06
Black Round Rotten,black_round_rotten_IMG_20250418_154003_TIMEBURST11_4335_rgb_shift_iter3.jpg,JPG,1605x1605,24,Xiaomi,2312DRAABI,72,f/0.0,69,Daylight,16,29-05-2025 10:06
Black Round Rotten,black_round_rotten_IMG_20250418_154003_TIMEBURST12_4551_horizontal_flip_iter1.jpg,JPG,1455x1455,24,Xiaomi,2312DRAABI,72,f/0.0,72,Daylight,16,29-05-2025 10:06
Black Round Rotten,black_round_rotten_IMG_20250418_154003_TIMEBURST11_4335_rotate_iter4.jpg,JPG,1605x1605,24,Xiaomi,2312DRAABI,72,f/0.0,72,Daylight,16,29-05-2025 10:06
Black Round Rotten,black_round_rotten_IMG_20250418_154003_TIMEBURST12_4551_brightness_contrast_iter1.jpg,JPG,1455x1455,24,Xiaomi,2312DRAABI,72,f/0.0,75,Daylight,16,29-05-2025 10:06
Black Round Rotten,black_round_rotten_IMG_20250418_154003_TIMEBURST10_4324_rgb_shift_iter2.jpg,JPG,1604x1604,24,Xiaomi,2312DRAABI,72,f/0.0,74,Daylight,16,29-05-2025 10:06
Black Round Rotten,black_round_rotten_IMG_20250418_154003_TIMEBURST9_4301_rgb_shift_iter2.jpg,JPG,2092x2092,24,Xiaomi,2312DRAABI,72,f/0.0,75,Daylight,16,29-05-2025 10:06
Black Round Rotten,black_round_rotten_IMG_20250418_154003_TIMEBURST11_4335_horizontal_flip_iter4.jpg,JPG,1605x1605,24,Xiaomi,2312DRAABI,72,f/0.0,77,Daylight,16,29-05-2025 10:06
Black Round Rotten,black_round_rotten_IMG_20250418_154003_TIMEBURST10_4324_rotate_iter3.jpg,JPG,1604x1604,24,Xiaomi,2312DRAABI,72,f/0.0,75,Daylight,16,29-05-2025 10:06
Black Round Rotten,black_round_rotten_IMG_20250418_154003_TIMEBURST12_4551_gamma_iter1.jpg,JPG,1455x1455,24,Xiaomi,2312DRAABI,72,f/0.0,81,Daylight,16,29-05-2025 10:06
Black Round Rotten,black_round_rotten_IMG_20250418_154003_TIMEBURST11_4335_brightness_contrast_iter4.jpg,JPG,1605x1605,24,Xiaomi,2312DRAABI,72,f/0.0,71,Daylight,16,29-05-2025 10:06
Black Round Rotten,black_round_rotten_IMG_20250418_154003_TIMEBURST10_4324_horizontal_flip_iter3.jpg,JPG,1604x1604,24,Xiaomi,2312DRAABI,72,f/0.0,85,Daylight,16,29-05-2025 10:06
Black Round Rotten,black_round_rotten_IMG_20250418_154003_TIMEBURST12_4551_rgb_shift_iter1.jpg,JPG,1455x1455,24,Xiaomi,2312DRAABI,72,f/0.0,85,Daylight,16,29-05-2025 10:06
Black Round Rotten,black_round_rotten_IMG_20250418_154003_TIMEBURST9_4301_rotate_iter3.jpg,JPG,2092x2092,24,Xiaomi,2312DRAABI,72,f/0.0,85,Daylight,16,29-05-2025 10:06
Black Round Rotten,black_round_rotten_IMG_20250418_154003_TIMEBURST11_4335_gamma_iter4.jpg,JPG,1605x1605,24,Xiaomi,2312DRAABI,72,f/0.0,84,Daylight,16,29-05-2025 10:06
Black Round Rotten,black_round_rotten_IMG_20250418_154003_TIMEBURST10_4324_brightness_contrast_iter3.jpg,JPG,1604x1604,24,Xiaomi,2312DRAABI,72,f/0.0,85,Daylight,16,29-05-2025 10:06
Black Round Rotten,black_round_rotten_IMG_20250418_154003_TIMEBURST12_4551_rotate_iter2.jpg,JPG,1455x1455,24,Xiaomi,2312DRAABI,72,f/0.0,85,Daylight,16,29-05-2025 10:06
Black Round Rotten,black_round_rotten_IMG_20250418_154003_TIMEBURST9_4301_horizontal_flip_iter3.jpg,JPG,2092x2092,24,Xiaomi,2312DRAABI,72,f/0.0,85,Daylight,16,29-05-2025 10:06
Black Round Rotten,black_round_rotten_IMG_20250418_154003_TIMEBURST10_4324_gamma_iter3.jpg,JPG,1604x1604,24,Xiaomi,2312DRAABI,72,f/0.0,85,Daylight,16,29-05-2025 10:06
Black Round Rotten,black_round_rotten_IMG_20250418_154003_TIMEBURST12_4551_horizontal_flip_iter2.jpg,JPG,1455x1455,24,Xiaomi,2312DRAABI,72,f/0.0,89,Daylight,16,29-05-2025 10:06
Black Round Rotten,black_round_rotten_IMG_20250418_154003_TIMEBURST11_4335_rgb_shift_iter4.jpg,JPG,1605x1605,24,Xiaomi,2312DRAABI,72,f/0.0,85,Daylight,16,29-05-2025 10:06
Black Round Rotten,black_round_rotten_IMG_20250418_154003_TIMEBURST9_4301_brightness_contrast_iter3.jpg,JPG,2092x2092,24,Xiaomi,2312DRAABI,72,f/0.0,89,Daylight,16,29-05-2025 10:06
Black Round Rotten,black_round_rotten_IMG_20250418_154003_TIMEBURST12_4551_brightness_contrast_iter2.jpg,JPG,1455x1455,24,Xiaomi,2312DRAABI,72,f/0.0,89,Daylight,16,29-05-2025 10:06
Black Round Rotten,black_round_rotten_IMG_20250418_154003_TIMEBURST10_4324_rgb_shift_iter3.jpg,JPG,1604x1604,24,Xiaomi,2312DRAABI,72,f/0.0,86,Daylight,16,29-05-2025 10:06
Black Round Rotten,black_round_rotten_IMG_20250418_154003_TIMEBURST11_4335_rotate_iter5.jpg,JPG,1605x1605,24,Xiaomi,2312DRAABI,72,f/0.0,94,Daylight,16,29-05-2025 10:06
Black Round Rotten,black_round_rotten_IMG_20250418_154003_TIMEBURST12_4551_gamma_iter2.jpg,JPG,1455x1455,24,Xiaomi,2312DRAABI,72,f/0.0,86,Daylight,16,29-05-2025 10:06
Black Round Rotten,black_round_rotten_IMG_20250418_154003_TIMEBURST9_4301_gamma_iter3.jpg,JPG,2092x2092,24,Xiaomi,2312DRAABI,72,f/0.0,150,Daylight,16,29-05-2025 10:06
Black Round Rotten,black_round_rotten_IMG_20250418_154003_TIMEBURST10_4324_rotate_iter4.jpg,JPG,1604x1604,24,Xiaomi,2312DRAABI,72,f/0.0,86,Daylight,16,29-05-2025 10:06
Black Round Rotten,black_round_rotten_IMG_20250418_154003_TIMEBURST11_4335_horizontal_flip_iter5.jpg,JPG,1605x1605,24,Xiaomi,2312DRAABI,72,f/0.0,150,Daylight,16,29-05-2025 10:06
Black Round Rotten,black_round_rotten_IMG_20250418_154003_TIMEBURST12_4551_rgb_shift_iter2.jpg,JPG,1455x1455,24,Xiaomi,2312DRAABI,72,f/0.0,86,Daylight,16,29-05-2025 10:06
Black Round Rotten,black_round_rotten_IMG_20250418_154003_TIMEBURST11_4335_brightness_contrast_iter5.jpg,JPG,1605x1605,24,Xiaomi,2312DRAABI,72,f/0.0,150,Daylight,16,29-05-2025 10:06
Black Round Rotten,black_round_rotten_IMG_20250418_154003_TIMEBURST10_4324_horizontal_flip_iter4.jpg,JPG,1604x1604,24,Xiaomi,2312DRAABI,72,f/0.0,79,Daylight,16,29-05-2025 10:06
Black Round Rotten,black_round_rotten_IMG_20250418_154003_TIMEBURST12_4551_rotate_iter3.jpg,JPG,1455x1455,24,Xiaomi,2312DRAABI,72,f/0.0,79,Daylight,16,29-05-2025 10:06
Black Round Rotten,black_round_rotten_IMG_20250418_154003_TIMEBURST11_4335_gamma_iter5.jpg,JPG,1605x1605,24,Xiaomi,2312DRAABI,72,f/0.0,79,Daylight,16,29-05-2025 10:06
Black Round Rotten,black_round_rotten_IMG_20250418_154003_TIMEBURST10_4324_brightness_contrast_iter4.jpg,JPG,1604x1604,24,Xiaomi,2312DRAABI,72,f/0.0,150,Daylight,16,29-05-2025 10:06
Black Round Rotten,black_round_rotten_IMG_20250418_154003_TIMEBURST12_4551_horizontal_flip_iter3.jpg,JPG,1455x1455,24,Xiaomi,2312DRAABI,72,f/0.0,79,Daylight,16,29-05-2025 10:06
Black Round Rotten,black_round_rotten_IMG_20250418_154003_TIMEBURST9_4301_rgb_shift_iter3.jpg,JPG,2092x2092,24,Xiaomi,2312DRAABI,72,f/0.0,79,Daylight,16,29-05-2025 10:06
Black Round Rotten,black_round_rotten_IMG_20250418_154003_TIMEBURST12_4551_brightness_contrast_iter3.jpg,JPG,1455x1455,24,Xiaomi,2312DRAABI,72,f/0.0,79,Daylight,16,29-05-2025 10:06
Black Round Rotten,black_round_rotten_IMG_20250418_154003_TIMEBURST10_4324_gamma_iter4.jpg,JPG,1604x1604,24,Xiaomi,2312DRAABI,72,f/0.0,88,Daylight,16,29-05-2025 10:06
Black Round Rotten,black_round_rotten_IMG_20250418_154003_TIMEBURST11_4335_rgb_shift_iter5.jpg,JPG,1605x1605,24,Xiaomi,2312DRAABI,72,f/0.0,85,Daylight,16,29-05-2025 10:06
Black Round Rotten,black_round_rotten_IMG_20250418_154003_TIMEBURST12_4551_gamma_iter3.jpg,JPG,1455x1455,24,Xiaomi,2312DRAABI,72,f/0.0,87,Daylight,16,29-05-2025 10:06
Black Round Rotten,black_round_rotten_IMG_20250418_154003_TIMEBURST9_4301_rotate_iter4.jpg,JPG,2092x2092,24,Xiaomi,2312DRAABI,72,f/0.0,88,Daylight,16,29-05-2025 10:06
Black Round Rotten,black_round_rotten_IMG_20250418_154003_TIMEBURST10_4324_rgb_shift_iter4.jpg,JPG,1604x1604,24,Xiaomi,2312DRAABI,72,f/0.0,79,Daylight,16,29-05-2025 10:06
Black Round Rotten,black_round_rotten_IMG_20250418_154003_TIMEBURST12_4551_rgb_shift_iter3.jpg,JPG,1455x1455,24,Xiaomi,2312DRAABI,72,f/0.0,81,Daylight,16,29-05-2025 10:06
Black Round Rotten,black_round_rotten_IMG_20250418_154003_TIMEBURST10_4324_rotate_iter5.jpg,JPG,1604x1604,24,Xiaomi,2312DRAABI,72,f/0.0,81,Daylight,16,29-05-2025 10:06
Black Round Rotten,black_round_rotten_IMG_20250418_154003_TIMEBURST9_4301_horizontal_flip_iter4.jpg,JPG,2092x2092,24,Xiaomi,2312DRAABI,72,f/0.0,96,Daylight,16,29-05-2025 10:06
Black Round Rotten,black_round_rotten_IMG_20250418_154003_TIMEBURST12_4551_rotate_iter4.jpg,JPG,1455x1455,24,Xiaomi,2312DRAABI,72,f/0.0,81,Daylight,16,29-05-2025 10:06
Black Round Rotten,black_round_rotten_IMG_20250418_154003_TIMEBURST10_4324_horizontal_flip_iter5.jpg,JPG,1604x1604,24,Xiaomi,2312DRAABI,72,f/0.0,132,Daylight,16,29-05-2025 10:06
Black Round Rotten,black_round_rotten_IMG_20250418_154003_TIMEBURST12_4551_horizontal_flip_iter4.jpg,JPG,1455x1455,24,Xiaomi,2312DRAABI,72,f/0.0,116,Daylight,16,29-05-2025 10:06
Black Round Rotten,black_round_rotten_IMG_20250418_154003_TIMEBURST9_4301_brightness_contrast_iter4.jpg,JPG,2092x2092,24,Xiaomi,2312DRAABI,72,f/0.0,116,Daylight,16,29-05-2025 10:06
Black Round Rotten,black_round_rotten_IMG_20250418_154003_TIMEBURST10_4324_brightness_contrast_iter5.jpg,JPG,1604x1604,24,Xiaomi,2312DRAABI,72,f/0.0,116,Daylight,16,29-05-2025 10:06
Black Round Rotten,black_round_rotten_IMG_20250418_154003_TIMEBURST12_4551_brightness_contrast_iter4.jpg,JPG,1455x1455,24,Xiaomi,2312DRAABI,72,f/0.0,81,Daylight,16,29-05-2025 10:06
Black Round Rotten,black_round_rotten_IMG_20250418_154003_TIMEBURST12_4551_gamma_iter4.jpg,JPG,1455x1455,24,Xiaomi,2312DRAABI,72,f/0.0,116,Daylight,16,29-05-2025 10:06
Black Round Rotten,black_round_rotten_IMG_20250418_154003_TIMEBURST10_4324_gamma_iter5.jpg,JPG,1604x1604,24,Xiaomi,2312DRAABI,72,f/0.0,116,Daylight,16,29-05-2025 10:06
Black Round Rotten,black_round_rotten_IMG_20250418_154003_TIMEBURST9_4301_gamma_iter4.jpg,JPG,2092x2092,24,Xiaomi,2312DRAABI,72,f/0.0,116,Daylight,16,29-05-2025 10:06
Black Round Rotten,black_round_rotten_IMG_20250418_154003_TIMEBURST12_4551_rgb_shift_iter4.jpg,JPG,1455x1455,24,Xiaomi,2312DRAABI,72,f/0.0,116,Daylight,16,29-05-2025 10:06
Black Round Rotten,black_round_rotten_IMG_20250418_154003_TIMEBURST10_4324_rgb_shift_iter5.jpg,JPG,1604x1604,24,Xiaomi,2312DRAABI,72,f/0.0,116,Daylight,16,29-05-2025 10:06
Black Round Rotten,black_round_rotten_IMG_20250418_154003_TIMEBURST12_4551_rotate_iter5.jpg,JPG,1455x1455,24,Xiaomi,2312DRAABI,72,f/0.0,116,Daylight,16,29-05-2025 10:06
Black Round Rotten,black_round_rotten_IMG_20250418_154003_TIMEBURST9_4301_rgb_shift_iter4.jpg,JPG,2092x2092,24,Xiaomi,2312DRAABI,72,f/0.0,116,Daylight,16,29-05-2025 10:06
Black Round Rotten,black_round_rotten_IMG_20250418_154003_TIMEBURST12_4551_horizontal_flip_iter5.jpg,JPG,1455x1455,24,Xiaomi,2312DRAABI,72,f/0.0,116,Daylight,16,29-05-2025 10:06
Black Round Rotten,black_round_rotten_IMG_20250418_154003_TIMEBURST12_4551_brightness_contrast_iter5.jpg,JPG,1455x1455,24,Xiaomi,2312DRAABI,72,f/0.0,89,Daylight,16,29-05-2025 10:06
Black Round Rotten,black_round_rotten_IMG_20250418_154003_TIMEBURST12_4551_gamma_iter5.jpg,JPG,1455x1455,24,Xiaomi,2312DRAABI,72,f/0.0,116,Daylight,16,29-05-2025 10:06
Black Round Rotten,black_round_rotten_IMG_20250418_154003_TIMEBURST9_4301_rotate_iter5.jpg,JPG,2092x2092,24,Xiaomi,2312DRAABI,72,f/0.0,116,Daylight,16,29-05-2025 10:06
Black Round Rotten,black_round_rotten_IMG_20250418_154003_TIMEBURST12_4551_rgb_shift_iter5.jpg,JPG,1455x1455,24,Xiaomi,2312DRAABI,72,f/0.0,143,Daylight,16,29-05-2025 10:06
Black Round Rotten,black_round_rotten_IMG_20250418_154003_TIMEBURST9_4301_brightness_contrast_iter5.jpg,JPG,2092x2092,24,Xiaomi,2312DRAABI,72,f/0.0,85,Daylight,16,29-05-2025 10:06
Black Round Rotten,black_round_rotten_IMG_20250418_154003_TIMEBURST9_4301_horizontal_flip_iter5.jpg,JPG,2092x2092,24,Xiaomi,2312DRAABI,72,f/0.0,81,Daylight,16,29-05-2025 10:06
Black Round Rotten,black_round_rotten_IMG_20250418_154003_TIMEBURST9_4301_gamma_iter5.jpg,JPG,2092x2092,24,Xiaomi,2312DRAABI,72,f/0.0,81,Daylight,16,29-05-2025 10:06
Black Round Rotten,black_round_rotten_IMG_20250418_154003_TIMEBURST13_4238_rotate_iter1.jpg,JPG,1616x1616,24,Xiaomi,2312DRAABI,72,f/0.0,85,Daylight,16,29-05-2025 10:06
Black Round Rotten,black_round_rotten_IMG_20250418_154003_TIMEBURST13_4238_horizontal_flip_iter1.jpg,JPG,1616x1616,24,Xiaomi,2312DRAABI,72,f/0.0,50,Daylight,16,29-05-2025 10:06
Black Round Rotten,black_round_rotten_IMG_20250418_154003_TIMEBURST13_4238_brightness_contrast_iter1.jpg,JPG,1616x1616,24,Xiaomi,2312DRAABI,72,f/0.0,50,Daylight,16,29-05-2025 10:06
Black Round Rotten,black_round_rotten_IMG_20250418_154003_TIMEBURST9_4301_rgb_shift_iter5.jpg,JPG,2092x2092,24,Xiaomi,2312DRAABI,72,f/0.0,50,Daylight,16,29-05-2025 10:06
Black Round Rotten,black_round_rotten_IMG_20250418_154003_TIMEBURST13_4238_gamma_iter1.jpg,JPG,1616x1616,24,Xiaomi,2312DRAABI,72,f/0.0,50,Daylight,16,29-05-2025 10:06
Black Round Rotten,black_round_rotten_IMG_20250418_154003_TIMEBURST13_4238_rgb_shift_iter1.jpg,JPG,1616x1616,24,Xiaomi,2312DRAABI,72,f/0.0,50,Daylight,16,29-05-2025 10:06
Black Round Rotten,black_round_rotten_IMG_20250418_154003_TIMEBURST13_4238_rotate_iter2.jpg,JPG,1616x1616,24,Xiaomi,2312DRAABI,72,f/0.0,50,Daylight,16,29-05-2025 10:06
Black Round Rotten,black_round_rotten_IMG_20250418_154003_TIMEBURST13_4238_horizontal_flip_iter2.jpg,JPG,1616x1616,24,Xiaomi,2312DRAABI,72,f/0.0,52,Daylight,16,29-05-2025 10:06
Black Round Rotten,black_round_rotten_IMG_20250418_154003_TIMEBURST13_4238_brightness_contrast_iter2.jpg,JPG,1616x1616,24,Xiaomi,2312DRAABI,72,f/0.0,50,Daylight,16,29-05-2025 10:06
Black Round Rotten,black_round_rotten_IMG_20250418_154003_TIMEBURST13_4238_gamma_iter2.jpg,JPG,1616x1616,24,Xiaomi,2312DRAABI,72,f/0.0,57,Daylight,16,29-05-2025 10:06
Black Round Rotten,black_round_rotten_IMG_20250418_154003_TIMEBURST14_4418_rotate_iter1.jpg,JPG,1616x1616,24,Xiaomi,2312DRAABI,72,f/0.0,54,Daylight,16,29-05-2025 10:06
Black Round Rotten,black_round_rotten_IMG_20250418_154003_TIMEBURST13_4238_rgb_shift_iter2.jpg,JPG,1616x1616,24,Xiaomi,2312DRAABI,72,f/0.0,54,Daylight,16,29-05-2025 10:06
Black Round Rotten,black_round_rotten_IMG_20250418_154003_TIMEBURST14_4418_horizontal_flip_iter1.jpg,JPG,1616x1616,24,Xiaomi,2312DRAABI,72,f/0.0,57,Daylight,16,29-05-2025 10:06
Black Round Rotten,black_round_rotten_IMG_20250418_154003_TIMEBURST13_4238_rotate_iter3.jpg,JPG,1616x1616,24,Xiaomi,2312DRAABI,72,f/0.0,56,Daylight,16,29-05-2025 10:06
Black Round Rotten,black_round_rotten_IMG_20250418_154003_TIMEBURST14_4418_brightness_contrast_iter1.jpg,JPG,1616x1616,24,Xiaomi,2312DRAABI,72,f/0.0,56,Daylight,16,29-05-2025 10:06
Black Round Rotten,black_round_rotten_IMG_20250418_154003_TIMEBURST13_4238_horizontal_flip_iter3.jpg,JPG,1616x1616,24,Xiaomi,2312DRAABI,72,f/0.0,56,Daylight,16,29-05-2025 10:06
Black Round Rotten,black_round_rotten_IMG_20250418_154003_TIMEBURST14_4418_gamma_iter1.jpg,JPG,1616x1616,24,Xiaomi,2312DRAABI,72,f/0.0,57,Daylight,16,29-05-2025 10:06
Black Round Rotten,black_round_rotten_IMG_20250418_154003_TIMEBURST13_4238_brightness_contrast_iter3.jpg,JPG,1616x1616,24,Xiaomi,2312DRAABI,72,f/0.0,50,Daylight,16,29-05-2025 10:06
Black Round Rotten,black_round_rotten_IMG_20250418_154003_TIMEBURST14_4418_rgb_shift_iter1.jpg,JPG,1616x1616,24,Xiaomi,2312DRAABI,72,f/0.0,53,Daylight,16,29-05-2025 10:06
Black Round Rotten,black_round_rotten_IMG_20250418_154003_TIMEBURST13_4238_gamma_iter3.jpg,JPG,1616x1616,24,Xiaomi,2312DRAABI,72,f/0.0,57,Daylight,16,29-05-2025 10:06
Black Round Rotten,black_round_rotten_IMG_20250418_154003_TIMEBURST14_4418_rotate_iter2.jpg,JPG,1616x1616,24,Xiaomi,2312DRAABI,72,f/0.0,52,Daylight,16,29-05-2025 10:06
Black Round Rotten,black_round_rotten_IMG_20250418_154003_TIMEBURST13_4238_rgb_shift_iter3.jpg,JPG,1616x1616,24,Xiaomi,2312DRAABI,72,f/0.0,57,Daylight,16,29-05-2025 10:06
Black Round Rotten,black_round_rotten_IMG_20250418_154003_TIMEBURST14_4418_horizontal_flip_iter2.jpg,JPG,1616x1616,24,Xiaomi,2312DRAABI,72,f/0.0,57,Daylight,16,29-05-2025 10:06
Black Round Rotten,black_round_rotten_IMG_20250418_154003_TIMEBURST14_4418_brightness_contrast_iter2.jpg,JPG,1616x1616,24,Xiaomi,2312DRAABI,72,f/0.0,52,Daylight,16,29-05-2025 10:06
Black Round Rotten,black_round_rotten_IMG_20250418_154003_TIMEBURST13_4238_rotate_iter4.jpg,JPG,1616x1616,24,Xiaomi,2312DRAABI,72,f/0.0,61,Daylight,16,29-05-2025 10:06
Black Round Rotten,black_round_rotten_IMG_20250418_154003_TIMEBURST14_4418_gamma_iter2.jpg,JPG,1616x1616,24,Xiaomi,2312DRAABI,72,f/0.0,61,Daylight,16,29-05-2025 10:06
Black Round Rotten,black_round_rotten_IMG_20250418_154003_TIMEBURST15_3968_rotate_iter1.jpg,JPG,1702x1702,24,Xiaomi,2312DRAABI,72,f/0.0,60,Daylight,16,29-05-2025 10:06
Black Round Rotten,black_round_rotten_IMG_20250418_154003_TIMEBURST13_4238_horizontal_flip_iter4.jpg,JPG,1616x1616,24,Xiaomi,2312DRAABI,72,f/0.0,60,Daylight,16,29-05-2025 10:06
Black Round Rotten,black_round_rotten_IMG_20250418_154003_TIMEBURST15_3968_horizontal_flip_iter1.jpg,JPG,1702x1702,24,Xiaomi,2312DRAABI,72,f/0.0,59,Daylight,16,29-05-2025 10:06
Black Round Rotten,black_round_rotten_IMG_20250418_154003_TIMEBURST13_4238_brightness_contrast_iter4.jpg,JPG,1616x1616,24,Xiaomi,2312DRAABI,72,f/0.0,60,Daylight,16,29-05-2025 10:06
Black Round Rotten,black_round_rotten_IMG_20250418_154003_TIMEBURST14_4418_rgb_shift_iter2.jpg,JPG,1616x1616,24,Xiaomi,2312DRAABI,72,f/0.0,60,Daylight,16,29-05-2025 10:06
Black Round Rotten,black_round_rotten_IMG_20250418_154003_TIMEBURST16_4200_rotate_iter1.jpg,JPG,1616x1616,24,Xiaomi,2312DRAABI,72,f/0.0,61,Daylight,16,29-05-2025 10:06
Black Round Rotten,black_round_rotten_IMG_20250418_154003_TIMEBURST13_4238_gamma_iter4.jpg,JPG,1616x1616,24,Xiaomi,2312DRAABI,72,f/0.0,60,Daylight,16,29-05-2025 10:06
Black Round Rotten,black_round_rotten_IMG_20250418_154003_TIMEBURST15_3968_brightness_contrast_iter1.jpg,JPG,1702x1702,24,Xiaomi,2312DRAABI,72,f/0.0,60,Daylight,16,29-05-2025 10:06
Black Round Rotten,black_round_rotten_IMG_20250418_154003_TIMEBURST16_4200_horizontal_flip_iter1.jpg,JPG,1616x1616,24,Xiaomi,2312DRAABI,72,f/0.0,60,Daylight,16,29-05-2025 10:06
Black Round Rotten,black_round_rotten_IMG_20250418_154003_TIMEBURST14_4418_rotate_iter3.jpg,JPG,1616x1616,24,Xiaomi,2312DRAABI,72,f/0.0,60,Daylight,16,29-05-2025 10:06
Black Round Rotten,black_round_rotten_IMG_20250418_154003_TIMEBURST16_4200_brightness_contrast_iter1.jpg,JPG,1616x1616,24,Xiaomi,2312DRAABI,72,f/0.0,63,Daylight,16,29-05-2025 10:06
Black Round Rotten,black_round_rotten_IMG_20250418_154003_TIMEBURST15_3968_gamma_iter1.jpg,JPG,1702x1702,24,Xiaomi,2312DRAABI,72,f/0.0,65,Daylight,16,29-05-2025 10:06
Black Round Rotten,black_round_rotten_IMG_20250418_154003_TIMEBURST14_4418_horizontal_flip_iter3.jpg,JPG,1616x1616,24,Xiaomi,2312DRAABI,72,f/0.0,65,Daylight,16,29-05-2025 10:06
Black Round Rotten,black_round_rotten_IMG_20250418_154003_TIMEBURST13_4238_rgb_shift_iter4.jpg,JPG,1616x1616,24,Xiaomi,2312DRAABI,72,f/0.0,67,Daylight,16,29-05-2025 10:06
Black Round Rotten,black_round_rotten_IMG_20250418_154003_TIMEBURST14_4418_brightness_contrast_iter3.jpg,JPG,1616x1616,24,Xiaomi,2312DRAABI,72,f/0.0,75,Daylight,16,29-05-2025 10:06
Black Round Rotten,black_round_rotten_IMG_20250418_154003_TIMEBURST16_4200_gamma_iter1.jpg,JPG,1616x1616,24,Xiaomi,2312DRAABI,72,f/0.0,60,Daylight,16,29-05-2025 10:06
Black Round Rotten,black_round_rotten_IMG_20250418_154003_TIMEBURST13_4238_rotate_iter5.jpg,JPG,1616x1616,24,Xiaomi,2312DRAABI,72,f/0.0,67,Daylight,16,29-05-2025 10:06
Black Round Rotten,black_round_rotten_IMG_20250418_154003_TIMEBURST15_3968_rgb_shift_iter1.jpg,JPG,1702x1702,24,Xiaomi,2312DRAABI,72,f/0.0,72,Daylight,16,29-05-2025 10:06
Black Round Rotten,black_round_rotten_IMG_20250418_154003_TIMEBURST14_4418_gamma_iter3.jpg,JPG,1616x1616,24,Xiaomi,2312DRAABI,72,f/0.0,69,Daylight,16,29-05-2025 10:06
Black Round Rotten,black_round_rotten_IMG_20250418_154003_TIMEBURST13_4238_horizontal_flip_iter5.jpg,JPG,1616x1616,24,Xiaomi,2312DRAABI,72,f/0.0,69,Daylight,16,29-05-2025 10:06
Black Round Rotten,black_round_rotten_IMG_20250418_154003_TIMEBURST16_4200_rgb_shift_iter1.jpg,JPG,1616x1616,24,Xiaomi,2312DRAABI,72,f/0.0,67,Daylight,16,29-05-2025 10:06
Black Round Rotten,black_round_rotten_IMG_20250418_154003_TIMEBURST13_4238_brightness_contrast_iter5.jpg,JPG,1616x1616,24,Xiaomi,2312DRAABI,72,f/0.0,69,Daylight,16,29-05-2025 10:06
Black Round Rotten,black_round_rotten_IMG_20250418_154003_TIMEBURST15_3968_rotate_iter2.jpg,JPG,1702x1702,24,Xiaomi,2312DRAABI,72,f/0.0,69,Daylight,16,29-05-2025 10:06
Black Round Rotten,black_round_rotten_IMG_20250418_154003_TIMEBURST14_4418_rgb_shift_iter3.jpg,JPG,1616x1616,24,Xiaomi,2312DRAABI,72,f/0.0,69,Daylight,16,29-05-2025 10:06
Black Round Rotten,black_round_rotten_IMG_20250418_154003_TIMEBURST16_4200_rotate_iter2.jpg,JPG,1616x1616,24,Xiaomi,2312DRAABI,72,f/0.0,69,Daylight,16,29-05-2025 10:06
Black Round Rotten,black_round_rotten_IMG_20250418_154003_TIMEBURST13_4238_gamma_iter5.jpg,JPG,1616x1616,24,Xiaomi,2312DRAABI,72,f/0.0,69,Daylight,16,29-05-2025 10:06
Black Round Rotten,black_round_rotten_IMG_20250418_154003_TIMEBURST15_3968_horizontal_flip_iter2.jpg,JPG,1702x1702,24,Xiaomi,2312DRAABI,72,f/0.0,72,Daylight,16,29-05-2025 10:06
Black Round Rotten,black_round_rotten_IMG_20250418_154003_TIMEBURST14_4418_rotate_iter4.jpg,JPG,1616x1616,24,Xiaomi,2312DRAABI,72,f/0.0,69,Daylight,16,29-05-2025 10:06
Black Round Rotten,black_round_rotten_IMG_20250418_154003_TIMEBURST16_4200_horizontal_flip_iter2.jpg,JPG,1616x1616,24,Xiaomi,2312DRAABI,72,f/0.0,69,Daylight,16,29-05-2025 10:06
Black Round Rotten,black_round_rotten_IMG_20250418_154003_TIMEBURST15_3968_brightness_contrast_iter2.jpg,JPG,1702x1702,24,Xiaomi,2312DRAABI,72,f/0.0,72,Daylight,16,29-05-2025 10:06
Black Round Rotten,black_round_rotten_IMG_20250418_154003_TIMEBURST14_4418_horizontal_flip_iter4.jpg,JPG,1616x1616,24,Xiaomi,2312DRAABI,72,f/0.0,72,Daylight,16,29-05-2025 10:06
Black Round Rotten,black_round_rotten_IMG_20250418_154003_TIMEBURST16_4200_brightness_contrast_iter2.jpg,JPG,1616x1616,24,Xiaomi,2312DRAABI,72,f/0.0,75,Daylight,16,29-05-2025 10:06
Black Round Rotten,black_round_rotten_IMG_20250418_154003_TIMEBURST13_4238_rgb_shift_iter5.jpg,JPG,1616x1616,24,Xiaomi,2312DRAABI,72,f/0.0,74,Daylight,16,29-05-2025 10:06
Black Round Rotten,black_round_rotten_IMG_20250418_154003_TIMEBURST14_4418_brightness_contrast_iter4.jpg,JPG,1616x1616,24,Xiaomi,2312DRAABI,72,f/0.0,75,Daylight,16,29-05-2025 10:06
Black Round Rotten,black_round_rotten_IMG_20250418_154003_TIMEBURST16_4200_gamma_iter2.jpg,JPG,1616x1616,24,Xiaomi,2312DRAABI,72,f/0.0,77,Daylight,16,29-05-2025 10:06
Black Round Rotten,black_round_rotten_IMG_20250418_154003_TIMEBURST15_3968_gamma_iter2.jpg,JPG,1702x1702,24,Xiaomi,2312DRAABI,72,f/0.0,75,Daylight,16,29-05-2025 10:06
Black Round Rotten,black_round_rotten_IMG_20250418_154003_TIMEBURST14_4418_gamma_iter4.jpg,JPG,1616x1616,24,Xiaomi,2312DRAABI,72,f/0.0,81,Daylight,16,29-05-2025 10:06
Black Round Rotten,black_round_rotten_IMG_20250418_154003_TIMEBURST16_4200_rgb_shift_iter2.jpg,JPG,1616x1616,24,Xiaomi,2312DRAABI,72,f/0.0,71,Daylight,16,29-05-2025 10:06
Black Round Rotten,black_round_rotten_IMG_20250418_154003_TIMEBURST15_3968_rgb_shift_iter2.jpg,JPG,1702x1702,24,Xiaomi,2312DRAABI,72,f/0.0,85,Daylight,16,29-05-2025 10:06
Black Round Rotten,black_round_rotten_IMG_20250418_154003_TIMEBURST14_4418_rgb_shift_iter4.jpg,JPG,1616x1616,24,Xiaomi,2312DRAABI,72,f/0.0,85,Daylight,16,29-05-2025 10:06
Black Round Rotten,black_round_rotten_IMG_20250418_154003_TIMEBURST16_4200_rotate_iter3.jpg,JPG,1616x1616,24,Xiaomi,2312DRAABI,72,f/0.0,85,Daylight,16,29-05-2025 10:06
Black Round Rotten,black_round_rotten_IMG_20250418_154003_TIMEBURST16_4200_horizontal_flip_iter3.jpg,JPG,1616x1616,24,Xiaomi,2312DRAABI,72,f/0.0,84,Daylight,16,29-05-2025 10:06
Black Round Rotten,black_round_rotten_IMG_20250418_154003_TIMEBURST15_3968_rotate_iter3.jpg,JPG,1702x1702,24,Xiaomi,2312DRAABI,72,f/0.0,85,Daylight,16,29-05-2025 10:06
Black Round Rotten,black_round_rotten_IMG_20250418_154003_TIMEBURST16_4200_brightness_contrast_iter3.jpg,JPG,1616x1616,24,Xiaomi,2312DRAABI,72,f/0.0,85,Daylight,16,29-05-2025 10:06
Black Round Rotten,black_round_rotten_IMG_20250418_154003_TIMEBURST14_4418_rotate_iter5.jpg,JPG,1616x1616,24,Xiaomi,2312DRAABI,72,f/0.0,85,Daylight,16,29-05-2025 10:06
Black Round Rotten,black_round_rotten_IMG_20250418_154003_TIMEBURST16_4200_gamma_iter3.jpg,JPG,1616x1616,24,Xiaomi,2312DRAABI,72,f/0.0,85,Daylight,16,29-05-2025 10:06
Black Round Rotten,black_round_rotten_IMG_20250418_154003_TIMEBURST15_3968_horizontal_flip_iter3.jpg,JPG,1702x1702,24,Xiaomi,2312DRAABI,72,f/0.0,89,Daylight,16,29-05-2025 10:06
Black Round Rotten,black_round_rotten_IMG_20250418_154003_TIMEBURST14_4418_horizontal_flip_iter5.jpg,JPG,1616x1616,24,Xiaomi,2312DRAABI,72,f/0.0,85,Daylight,16,29-05-2025 10:06
Black Round Rotten,black_round_rotten_IMG_20250418_154003_TIMEBURST14_4418_brightness_contrast_iter5.jpg,JPG,1616x1616,24,Xiaomi,2312DRAABI,72,f/0.0,89,Daylight,16,29-05-2025 10:06
Black Round Rotten,black_round_rotten_IMG_20250418_154003_TIMEBURST15_3968_brightness_contrast_iter3.jpg,JPG,1702x1702,24,Xiaomi,2312DRAABI,72,f/0.0,89,Daylight,16,29-05-2025 10:06
Black Round Rotten,black_round_rotten_IMG_20250418_154003_TIMEBURST16_4200_rgb_shift_iter3.jpg,JPG,1616x1616,24,Xiaomi,2312DRAABI,72,f/0.0,86,Daylight,16,29-05-2025 10:06
Black Round Rotten,black_round_rotten_IMG_20250418_154003_TIMEBURST15_3968_gamma_iter3.jpg,JPG,1702x1702,24,Xiaomi,2312DRAABI,72,f/0.0,94,Daylight,16,29-05-2025 10:06
Black Round Rotten,black_round_rotten_IMG_20250418_154003_TIMEBURST16_4200_rotate_iter4.jpg,JPG,1616x1616,24,Xiaomi,2312DRAABI,72,f/0.0,86,Daylight,16,29-05-2025 10:06
Black Round Rotten,black_round_rotten_IMG_20250418_154003_TIMEBURST14_4418_gamma_iter5.jpg,JPG,1616x1616,24,Xiaomi,2312DRAABI,72,f/0.0,150,Daylight,16,29-05-2025 10:06
Black Round Rotten,black_round_rotten_IMG_20250418_154003_TIMEBURST17_4659_rotate_iter1.jpg,JPG,1616x1616,24,Xiaomi,2312DRAABI,72,f/0.0,86,Daylight,16,29-05-2025 10:06
Black Round Rotten,black_round_rotten_IMG_20250418_154003_TIMEBURST14_4418_rgb_shift_iter5.jpg,JPG,1616x1616,24,Xiaomi,2312DRAABI,72,f/0.0,150,Daylight,16,29-05-2025 10:06
Black Round Rotten,black_round_rotten_IMG_20250418_154003_TIMEBURST16_4200_horizontal_flip_iter4.jpg,JPG,1616x1616,24,Xiaomi,2312DRAABI,72,f/0.0,86,Daylight,16,29-05-2025 10:06
Black Round Rotten,black_round_rotten_IMG_20250418_154003_TIMEBURST15_3968_rgb_shift_iter3.jpg,JPG,1702x1702,24,Xiaomi,2312DRAABI,72,f/0.0,150,Daylight,16,29-05-2025 10:06
Black Round Rotten,black_round_rotten_IMG_20250418_154003_TIMEBURST17_4659_horizontal_flip_iter1.jpg,JPG,1616x1616,24,Xiaomi,2312DRAABI,72,f/0.0,79,Daylight,16,29-05-2025 10:06
Black Round Rotten,black_round_rotten_IMG_20250418_154003_TIMEBURST16_4200_brightness_contrast_iter4.jpg,JPG,1616x1616,24,Xiaomi,2312DRAABI,72,f/0.0,79,Daylight,16,29-05-2025 10:06
Black Round Rotten,black_round_rotten_IMG_20250418_154003_TIMEBURST17_4659_brightness_contrast_iter1.jpg,JPG,1616x1616,24,Xiaomi,2312DRAABI,72,f/0.0,79,Daylight,16,29-05-2025 10:06
Black Round Rotten,black_round_rotten_IMG_20250418_154003_TIMEBURST15_3968_rotate_iter4.jpg,JPG,1702x1702,24,Xiaomi,2312DRAABI,72,f/0.0,150,Daylight,16,29-05-2025 10:06
Black Round Rotten,black_round_rotten_IMG_20250418_154003_TIMEBURST16_4200_gamma_iter4.jpg,JPG,1616x1616,24,Xiaomi,2312DRAABI,72,f/0.0,79,Daylight,16,29-05-2025 10:06
Black Round Rotten,black_round_rotten_IMG_20250418_154003_TIMEBURST17_4659_gamma_iter1.jpg,JPG,1616x1616,24,Xiaomi,2312DRAABI,72,f/0.0,79,Daylight,16,29-05-2025 10:06
Black Round Rotten,black_round_rotten_IMG_20250418_154003_TIMEBURST15_3968_horizontal_flip_iter4.jpg,JPG,1702x1702,24,Xiaomi,2312DRAABI,72,f/0.0,79,Daylight,16,29-05-2025 10:06
Black Round Rotten,black_round_rotten_IMG_20250418_154003_TIMEBURST16_4200_rgb_shift_iter4.jpg,JPG,1616x1616,24,Xiaomi,2312DRAABI,72,f/0.0,88,Daylight,16,29-05-2025 10:06
Black Round Rotten,black_round_rotten_IMG_20250418_154003_TIMEBURST15_3968_brightness_contrast_iter4.jpg,JPG,1702x1702,24,Xiaomi,2312DRAABI,72,f/0.0,85,Daylight,16,29-05-2025 10:06
Black Round Rotten,black_round_rotten_IMG_20250418_154003_TIMEBURST17_4659_rgb_shift_iter1.jpg,JPG,1616x1616,24,Xiaomi,2312DRAABI,72,f/0.0,87,Daylight,16,29-05-2025 10:06
Black Round Rotten,black_round_rotten_IMG_20250418_154003_TIMEBURST16_4200_rotate_iter5.jpg,JPG,1616x1616,24,Xiaomi,2312DRAABI,72,f/0.0,88,Daylight,16,29-05-2025 10:06
Black Round Rotten,black_round_rotten_IMG_20250418_154003_TIMEBURST16_4200_horizontal_flip_iter5.jpg,JPG,1616x1616,24,Xiaomi,2312DRAABI,72,f/0.0,79,Daylight,16,29-05-2025 10:06
Black Round Rotten,black_round_rotten_IMG_20250418_154003_TIMEBURST15_3968_gamma_iter4.jpg,JPG,1702x1702,24,Xiaomi,2312DRAABI,72,f/0.0,81,Daylight,16,29-05-2025 10:06
Black Round Rotten,black_round_rotten_IMG_20250418_154003_TIMEBURST17_4659_rotate_iter2.jpg,JPG,1616x1616,24,Xiaomi,2312DRAABI,72,f/0.0,81,Daylight,16,29-05-2025 10:06
Black Round Rotten,black_round_rotten_IMG_20250418_154003_TIMEBURST16_4200_brightness_contrast_iter5.jpg,JPG,1616x1616,24,Xiaomi,2312DRAABI,72,f/0.0,96,Daylight,16,29-05-2025 10:06
Black Round Rotten,black_round_rotten_IMG_20250418_154003_TIMEBURST17_4659_horizontal_flip_iter2.jpg,JPG,1616x1616,24,Xiaomi,2312DRAABI,72,f/0.0,81,Daylight,16,29-05-2025 10:06
Black Round Rotten,black_round_rotten_IMG_20250418_154003_TIMEBURST15_3968_rgb_shift_iter4.jpg,JPG,1702x1702,24,Xiaomi,2312DRAABI,72,f/0.0,132,Daylight,16,29-05-2025 10:06
Black Round Rotten,black_round_rotten_IMG_20250418_154003_TIMEBURST17_4659_brightness_contrast_iter2.jpg,JPG,1616x1616,24,Xiaomi,2312DRAABI,72,f/0.0,116,Daylight,16,29-05-2025 10:06
Black Round Rotten,black_round_rotten_IMG_20250418_154003_TIMEBURST16_4200_gamma_iter5.jpg,JPG,1616x1616,24,Xiaomi,2312DRAABI,72,f/0.0,116,Daylight,16,29-05-2025 10:06
Black Round Rotten,black_round_rotten_IMG_20250418_154003_TIMEBURST17_4659_gamma_iter2.jpg,JPG,1616x1616,24,Xiaomi,2312DRAABI,72,f/0.0,116,Daylight,16,29-05-2025 10:06
Black Round Rotten,black_round_rotten_IMG_20250418_154003_TIMEBURST15_3968_rotate_iter5.jpg,JPG,1702x1702,24,Xiaomi,2312DRAABI,72,f/0.0,81,Daylight,16,29-05-2025 10:06
Black Round Rotten,black_round_rotten_IMG_20250418_154003_TIMEBURST16_4200_rgb_shift_iter5.jpg,JPG,1616x1616,24,Xiaomi,2312DRAABI,72,f/0.0,116,Daylight,16,29-05-2025 10:06
Black Round Rotten,black_round_rotten_IMG_20250418_154003_TIMEBURST15_3968_horizontal_flip_iter5.jpg,JPG,1702x1702,24,Xiaomi,2312DRAABI,72,f/0.0,116,Daylight,16,29-05-2025 10:06
Black Round Rotten,black_round_rotten_IMG_20250418_154003_TIMEBURST17_4659_rgb_shift_iter2.jpg,JPG,1616x1616,24,Xiaomi,2312DRAABI,72,f/0.0,116,Daylight,16,29-05-2025 10:06
Black Round Rotten,black_round_rotten_IMG_20250418_154003_TIMEBURST15_3968_brightness_contrast_iter5.jpg,JPG,1702x1702,24,Xiaomi,2312DRAABI,72,f/0.0,116,Daylight,16,29-05-2025 10:06
Black Round Rotten,black_round_rotten_IMG_20250418_154003_TIMEBURST17_4659_rotate_iter3.jpg,JPG,1616x1616,24,Xiaomi,2312DRAABI,72,f/0.0,116,Daylight,16,29-05-2025 10:06
Black Round Rotten,black_round_rotten_IMG_20250418_154003_TIMEBURST17_4659_horizontal_flip_iter3.jpg,JPG,1616x1616,24,Xiaomi,2312DRAABI,72,f/0.0,116,Daylight,16,29-05-2025 10:06
Black Round Rotten,black_round_rotten_IMG_20250418_154003_TIMEBURST15_3968_gamma_iter5.jpg,JPG,1702x1702,24,Xiaomi,2312DRAABI,72,f/0.0,116,Daylight,16,29-05-2025 10:06
Black Round Rotten,black_round_rotten_IMG_20250418_154003_TIMEBURST17_4659_brightness_contrast_iter3.jpg,JPG,1616x1616,24,Xiaomi,2312DRAABI,72,f/0.0,116,Daylight,16,29-05-2025 10:06
Black Round Rotten,black_round_rotten_IMG_20250418_154003_TIMEBURST15_3968_rgb_shift_iter5.jpg,JPG,1702x1702,24,Xiaomi,2312DRAABI,72,f/0.0,89,Daylight,16,29-05-2025 10:06
Black Round Rotten,black_round_rotten_IMG_20250418_154003_TIMEBURST17_4659_gamma_iter3.jpg,JPG,1616x1616,24,Xiaomi,2312DRAABI,72,f/0.0,116,Daylight,16,29-05-2025 10:06
Black Round Rotten,black_round_rotten_IMG_20250418_154003_TIMEBURST17_4659_rgb_shift_iter3.jpg,JPG,1616x1616,24,Xiaomi,2312DRAABI,72,f/0.0,116,Daylight,16,29-05-2025 10:06
Black Round Rotten,black_round_rotten_IMG_20250418_154003_TIMEBURST17_4659_rotate_iter4.jpg,JPG,1616x1616,24,Xiaomi,2312DRAABI,72,f/0.0,143,Daylight,16,29-05-2025 10:06
Black Round Rotten,black_round_rotten_IMG_20250418_154003_TIMEBURST17_4659_horizontal_flip_iter4.jpg,JPG,1616x1616,24,Xiaomi,2312DRAABI,72,f/0.0,85,Daylight,16,29-05-2025 10:06
Black Round Rotten,black_round_rotten_IMG_20250418_154003_TIMEBURST18_4412_rotate_iter1.jpg,JPG,1616x1616,24,Xiaomi,2312DRAABI,72,f/0.0,81,Daylight,16,29-05-2025 10:06
Black Round Rotten,black_round_rotten_IMG_20250418_154003_TIMEBURST17_4659_brightness_contrast_iter4.jpg,JPG,1616x1616,24,Xiaomi,2312DRAABI,72,f/0.0,81,Daylight,16,29-05-2025 10:06
Black Round Rotten,black_round_rotten_IMG_20250418_154003_TIMEBURST18_4412_horizontal_flip_iter1.jpg,JPG,1616x1616,24,Xiaomi,2312DRAABI,72,f/0.0,85,Daylight,16,29-05-2025 10:06
Black Round Rotten,black_round_rotten_IMG_20250418_154003_TIMEBURST17_4659_gamma_iter4.jpg,JPG,1616x1616,24,Xiaomi,2312DRAABI,72,f/0.0,50,Daylight,16,29-05-2025 10:06
Black Round Rotten,black_round_rotten_IMG_20250418_154003_TIMEBURST18_4412_brightness_contrast_iter1.jpg,JPG,1616x1616,24,Xiaomi,2312DRAABI,72,f/0.0,50,Daylight,16,29-05-2025 10:06
Black Round Rotten,black_round_rotten_IMG_20250418_154003_TIMEBURST17_4659_rgb_shift_iter4.jpg,JPG,1616x1616,24,Xiaomi,2312DRAABI,72,f/0.0,50,Daylight,16,29-05-2025 10:06
Black Round Rotten,black_round_rotten_IMG_20250418_154003_TIMEBURST18_4412_gamma_iter1.jpg,JPG,1616x1616,24,Xiaomi,2312DRAABI,72,f/0.0,50,Daylight,16,29-05-2025 10:06
Black Round Rotten,black_round_rotten_IMG_20250418_154003_TIMEBURST17_4659_rotate_iter5.jpg,JPG,1616x1616,24,Xiaomi,2312DRAABI,72,f/0.0,50,Daylight,16,29-05-2025 10:06
Black Round Rotten,black_round_rotten_IMG_20250418_154003_TIMEBURST18_4412_rgb_shift_iter1.jpg,JPG,1616x1616,24,Xiaomi,2312DRAABI,72,f/0.0,50,Daylight,16,29-05-2025 10:06
Black Round Rotten,black_round_rotten_IMG_20250418_154003_TIMEBURST18_4412_rotate_iter2.jpg,JPG,1616x1616,24,Xiaomi,2312DRAABI,72,f/0.0,52,Daylight,16,29-05-2025 10:06
Black Round Rotten,black_round_rotten_IMG_20250418_154003_TIMEBURST17_4659_horizontal_flip_iter5.jpg,JPG,1616x1616,24,Xiaomi,2312DRAABI,72,f/0.0,50,Daylight,16,29-05-2025 10:06
Black Round Rotten,black_round_rotten_IMG_20250418_154003_TIMEBURST17_4659_brightness_contrast_iter5.jpg,JPG,1616x1616,24,Xiaomi,2312DRAABI,72,f/0.0,57,Daylight,16,29-05-2025 10:06
Black Round Rotten,black_round_rotten_IMG_20250418_154003_TIMEBURST18_4412_horizontal_flip_iter2.jpg,JPG,1616x1616,24,Xiaomi,2312DRAABI,72,f/0.0,54,Daylight,16,29-05-2025 10:06
Black Round Rotten,black_round_rotten_IMG_20250418_154003_TIMEBURST17_4659_gamma_iter5.jpg,JPG,1616x1616,24,Xiaomi,2312DRAABI,72,f/0.0,54,Daylight,16,29-05-2025 10:06
Black Round Rotten,black_round_rotten_IMG_20250418_154003_TIMEBURST18_4412_brightness_contrast_iter2.jpg,JPG,1616x1616,24,Xiaomi,2312DRAABI,72,f/0.0,57,Daylight,16,29-05-2025 10:06
Black Round Rotten,black_round_rotten_IMG_20250418_154003_TIMEBURST17_4659_rgb_shift_iter5.jpg,JPG,1616x1616,24,Xiaomi,2312DRAABI,72,f/0.0,56,Daylight,16,29-05-2025 10:06
Black Round Rotten,black_round_rotten_IMG_20250418_154003_TIMEBURST18_4412_gamma_iter2.jpg,JPG,1616x1616,24,Xiaomi,2312DRAABI,72,f/0.0,56,Daylight,16,29-05-2025 10:06
Black Round Rotten,black_round_rotten_IMG_20250418_154003_TIMEBURST19_3945_rotate_iter1.jpg,JPG,1698x1698,24,Xiaomi,2312DRAABI,72,f/0.0,56,Daylight,16,29-05-2025 10:06
Black Round Rotten,black_round_rotten_IMG_20250418_154003_TIMEBURST18_4412_rgb_shift_iter2.jpg,JPG,1616x1616,24,Xiaomi,2312DRAABI,72,f/0.0,57,Daylight,16,29-05-2025 10:06
Black Round Rotten,black_round_rotten_IMG_20250418_154003_TIMEBURST20_4493_rotate_iter1.jpg,JPG,1612x1612,24,Xiaomi,2312DRAABI,72,f/0.0,50,Daylight,16,29-05-2025 10:06
Black Round Rotten,black_round_rotten_IMG_20250418_154003_TIMEBURST19_3945_horizontal_flip_iter1.jpg,JPG,1698x1698,24,Xiaomi,2312DRAABI,72,f/0.0,53,Daylight,16,29-05-2025 10:06
Black Round Rotten,black_round_rotten_IMG_20250418_154003_TIMEBURST20_4493_horizontal_flip_iter1.jpg,JPG,1612x1612,24,Xiaomi,2312DRAABI,72,f/0.0,57,Daylight,16,29-05-2025 10:06
Black Round Rotten,black_round_rotten_IMG_20250418_154113_TIMEBURST1_4402_rotate_iter1.jpg,JPG,1458x1458,24,Xiaomi,2312DRAABI,72,f/0.0,52,Daylight,16,29-05-2025 10:06
Black Round Rotten,black_round_rotten_IMG_20250418_154003_TIMEBURST19_3945_brightness_contrast_iter1.jpg,JPG,1698x1698,24,Xiaomi,2312DRAABI,72,f/0.0,57,Daylight,16,29-05-2025 10:06
Black Round Rotten,black_round_rotten_IMG_20250418_154003_TIMEBURST20_4493_brightness_contrast_iter1.jpg,JPG,1612x1612,24,Xiaomi,2312DRAABI,72,f/0.0,57,Daylight,16,29-05-2025 10:06
Black Round Rotten,black_round_rotten_IMG_20250418_154003_TIMEBURST18_4412_rotate_iter3.jpg,JPG,1616x1616,24,Xiaomi,2312DRAABI,72,f/0.0,52,Daylight,16,29-05-2025 10:06
Black Round Rotten,black_round_rotten_IMG_20250418_154003_TIMEBURST20_4493_gamma_iter1.jpg,JPG,1612x1612,24,Xiaomi,2312DRAABI,72,f/0.0,61,Daylight,16,29-05-2025 10:06
Black Round Rotten,black_round_rotten_IMG_20250418_154113_TIMEBURST1_4402_horizontal_flip_iter1.jpg,JPG,1458x1458,24,Xiaomi,2312DRAABI,72,f/0.0,61,Daylight,16,29-05-2025 10:06
Black Round Rotten,black_round_rotten_IMG_20250418_154003_TIMEBURST19_3945_gamma_iter1.jpg,JPG,1698x1698,24,Xiaomi,2312DRAABI,72,f/0.0,60,Daylight,16,29-05-2025 10:06
Black Round Rotten,black_round_rotten_IMG_20250418_154113_TIMEBURST1_4402_brightness_contrast_iter1.jpg,JPG,1458x1458,24,Xiaomi,2312DRAABI,72,f/0.0,60,Daylight,16,29-05-2025 10:06
Black Round Rotten,black_round_rotten_IMG_20250418_154003_TIMEBURST18_4412_horizontal_flip_iter3.jpg,JPG,1616x1616,24,Xiaomi,2312DRAABI,72,f/0.0,59,Daylight,16,29-05-2025 10:06
Black Round Rotten,black_round_rotten_IMG_20250418_154113_TIMEBURST1_4402_gamma_iter1.jpg,JPG,1458x1458,24,Xiaomi,2312DRAABI,72,f/0.0,60,Daylight,16,29-05-2025 10:06
Black Round Rotten,black_round_rotten_IMG_20250418_154003_TIMEBURST18_4412_brightness_contrast_iter3.jpg,JPG,1616x1616,24,Xiaomi,2312DRAABI,72,f/0.0,60,Daylight,16,29-05-2025 10:06
Black Round Rotten,black_round_rotten_IMG_20250418_154003_TIMEBURST19_3945_rgb_shift_iter1.jpg,JPG,1698x1698,24,Xiaomi,2312DRAABI,72,f/0.0,61,Daylight,16,29-05-2025 10:06
Black Round Rotten,black_round_rotten_IMG_20250418_154003_TIMEBURST18_4412_gamma_iter3.jpg,JPG,1616x1616,24,Xiaomi,2312DRAABI,72,f/0.0,60,Daylight,16,29-05-2025 10:06
Black Round Rotten,black_round_rotten_IMG_20250418_154003_TIMEBURST20_4493_rgb_shift_iter1.jpg,JPG,1612x1612,24,Xiaomi,2312DRAABI,72,f/0.0,60,Daylight,16,29-05-2025 10:06
Black Round Rotten,black_round_rotten_IMG_20250418_154113_TIMEBURST1_4402_rgb_shift_iter1.jpg,JPG,1458x1458,24,Xiaomi,2312DRAABI,72,f/0.0,60,Daylight,16,29-05-2025 10:06
Black Round Rotten,black_round_rotten_IMG_20250418_154003_TIMEBURST20_4493_rotate_iter2.jpg,JPG,1612x1612,24,Xiaomi,2312DRAABI,72,f/0.0,60,Daylight,16,29-05-2025 10:06
Black Round Rotten,black_round_rotten_IMG_20250418_154003_TIMEBURST20_4493_horizontal_flip_iter2.jpg,JPG,1612x1612,24,Xiaomi,2312DRAABI,72,f/0.0,63,Daylight,16,29-05-2025 10:06
Black Round Rotten,black_round_rotten_IMG_20250418_154003_TIMEBURST19_3945_rotate_iter2.jpg,JPG,1698x1698,24,Xiaomi,2312DRAABI,72,f/0.0,65,Daylight,16,29-05-2025 10:06
Black Round Rotten,black_round_rotten_IMG_20250418_154003_TIMEBURST18_4412_rgb_shift_iter3.jpg,JPG,1616x1616,24,Xiaomi,2312DRAABI,72,f/0.0,65,Daylight,16,29-05-2025 10:06
Black Round Rotten,black_round_rotten_IMG_20250418_154003_TIMEBURST20_4493_brightness_contrast_iter2.jpg,JPG,1612x1612,24,Xiaomi,2312DRAABI,72,f/0.0,67,Daylight,16,29-05-2025 10:06
Black Round Rotten,black_round_rotten_IMG_20250418_154113_TIMEBURST1_4402_rotate_iter2.jpg,JPG,1458x1458,24,Xiaomi,2312DRAABI,72,f/0.0,75,Daylight,16,29-05-2025 10:06
Black Round Rotten,black_round_rotten_IMG_20250418_154003_TIMEBURST18_4412_rotate_iter4.jpg,JPG,1616x1616,24,Xiaomi,2312DRAABI,72,f/0.0,60,Daylight,16,29-05-2025 10:06
Black Round Rotten,black_round_rotten_IMG_20250418_154003_TIMEBURST19_3945_horizontal_flip_iter2.jpg,JPG,1698x1698,24,Xiaomi,2312DRAABI,72,f/0.0,67,Daylight,16,29-05-2025 10:06
Black Round Rotten,black_round_rotten_IMG_20250418_154003_TIMEBURST20_4493_gamma_iter2.jpg,JPG,1612x1612,24,Xiaomi,2312DRAABI,72,f/0.0,72,Daylight,16,29-05-2025 10:06
Black Round Rotten,black_round_rotten_IMG_20250418_154113_TIMEBURST1_4402_horizontal_flip_iter2.jpg,JPG,1458x1458,24,Xiaomi,2312DRAABI,72,f/0.0,69,Daylight,16,29-05-2025 10:06
Black Round Rotten,black_round_rotten_IMG_20250418_154003_TIMEBURST18_4412_horizontal_flip_iter4.jpg,JPG,1616x1616,24,Xiaomi,2312DRAABI,72,f/0.0,69,Daylight,16,29-05-2025 10:06
Black Round Rotten,black_round_rotten_IMG_20250418_154003_TIMEBURST19_3945_brightness_contrast_iter2.jpg,JPG,1698x1698,24,Xiaomi,2312DRAABI,72,f/0.0,67,Daylight,16,29-05-2025 10:06
Black Round Rotten,black_round_rotten_IMG_20250418_154113_TIMEBURST1_4402_brightness_contrast_iter2.jpg,JPG,1458x1458,24,Xiaomi,2312DRAABI,72,f/0.0,69,Daylight,16,29-05-2025 10:06
Black Round Rotten,black_round_rotten_IMG_20250418_154003_TIMEBURST20_4493_rgb_shift_iter2.jpg,JPG,1612x1612,24,Xiaomi,2312DRAABI,72,f/0.0,69,Daylight,16,29-05-2025 10:06
Black Round Rotten,black_round_rotten_IMG_20250418_154003_TIMEBURST18_4412_brightness_contrast_iter4.jpg,JPG,1616x1616,24,Xiaomi,2312DRAABI,72,f/0.0,69,Daylight,16,29-05-2025 10:06
Black Round Rotten,black_round_rotten_IMG_20250418_154113_TIMEBURST1_4402_gamma_iter2.jpg,JPG,1458x1458,24,Xiaomi,2312DRAABI,72,f/0.0,69,Daylight,16,29-05-2025 10:06
Black Round Rotten,black_round_rotten_IMG_20250418_154003_TIMEBURST19_3945_gamma_iter2.jpg,JPG,1698x1698,24,Xiaomi,2312DRAABI,72,f/0.0,69,Daylight,16,29-05-2025 10:06
Black Round Rotten,black_round_rotten_IMG_20250418_154003_TIMEBURST20_4493_rotate_iter3.jpg,JPG,1612x1612,24,Xiaomi,2312DRAABI,72,f/0.0,72,Daylight,16,29-05-2025 10:06
Black Round Rotten,black_round_rotten_IMG_20250418_154113_TIMEBURST1_4402_rgb_shift_iter2.jpg,JPG,1458x1458,24,Xiaomi,2312DRAABI,72,f/0.0,69,Daylight,16,29-05-2025 10:06
Black Round Rotten,black_round_rotten_IMG_20250418_154003_TIMEBURST18_4412_gamma_iter4.jpg,JPG,1616x1616,24,Xiaomi,2312DRAABI,72,f/0.0,69,Daylight,16,29-05-2025 10:06
Black Round Rotten,black_round_rotten_IMG_20250418_154003_TIMEBURST20_4493_horizontal_flip_iter3.jpg,JPG,1612x1612,24,Xiaomi,2312DRAABI,72,f/0.0,72,Daylight,16,29-05-2025 10:06
Black Round Rotten,black_round_rotten_IMG_20250418_154003_TIMEBURST19_3945_rgb_shift_iter2.jpg,JPG,1698x1698,24,Xiaomi,2312DRAABI,72,f/0.0,72,Daylight,16,29-05-2025 10:06
Black Round Rotten,black_round_rotten_IMG_20250418_154113_TIMEBURST1_4402_rotate_iter3.jpg,JPG,1458x1458,24,Xiaomi,2312DRAABI,72,f/0.0,75,Daylight,16,29-05-2025 10:06
Black Round Rotten,black_round_rotten_IMG_20250418_154003_TIMEBURST18_4412_rgb_shift_iter4.jpg,JPG,1616x1616,24,Xiaomi,2312DRAABI,72,f/0.0,74,Daylight,16,29-05-2025 10:06
Black Round Rotten,black_round_rotten_IMG_20250418_154003_TIMEBURST20_4493_brightness_contrast_iter3.jpg,JPG,1612x1612,24,Xiaomi,2312DRAABI,72,f/0.0,75,Daylight,16,29-05-2025 10:06
Black Round Rotten,black_round_rotten_IMG_20250418_154113_TIMEBURST1_4402_horizontal_flip_iter3.jpg,JPG,1458x1458,24,Xiaomi,2312DRAABI,72,f/0.0,77,Daylight,16,29-05-2025 10:06
Black Round Rotten,black_round_rotten_IMG_20250418_154003_TIMEBURST19_3945_rotate_iter3.jpg,JPG,1698x1698,24,Xiaomi,2312DRAABI,72,f/0.0,75,Daylight,16,29-05-2025 10:06
Black Round Rotten,black_round_rotten_IMG_20250418_154003_TIMEBURST20_4493_gamma_iter3.jpg,JPG,1612x1612,24,Xiaomi,2312DRAABI,72,f/0.0,81,Daylight,16,29-05-2025 10:06
Black Round Rotten,black_round_rotten_IMG_20250418_154003_TIMEBURST18_4412_rotate_iter5.jpg,JPG,1616x1616,24,Xiaomi,2312DRAABI,72,f/0.0,71,Daylight,16,29-05-2025 10:06
Black Round Rotten,black_round_rotten_IMG_20250418_154113_TIMEBURST1_4402_brightness_contrast_iter3.jpg,JPG,1458x1458,24,Xiaomi,2312DRAABI,72,f/0.0,85,Daylight,16,29-05-2025 10:06
Black Round Rotten,black_round_rotten_IMG_20250418_154003_TIMEBURST19_3945_horizontal_flip_iter3.jpg,JPG,1698x1698,24,Xiaomi,2312DRAABI,72,f/0.0,85,Daylight,16,29-05-2025 10:06
Black Round Rotten,black_round_rotten_IMG_20250418_154113_TIMEBURST1_4402_gamma_iter3.jpg,JPG,1458x1458,24,Xiaomi,2312DRAABI,72,f/0.0,85,Daylight,16,29-05-2025 10:06
Black Round Rotten,black_round_rotten_IMG_20250418_154003_TIMEBURST18_4412_horizontal_flip_iter5.jpg,JPG,1616x1616,24,Xiaomi,2312DRAABI,72,f/0.0,84,Daylight,16,29-05-2025 10:06
Black Round Rotten,black_round_rotten_IMG_20250418_154003_TIMEBURST20_4493_rgb_shift_iter3.jpg,JPG,1612x1612,24,Xiaomi,2312DRAABI,72,f/0.0,85,Daylight,16,29-05-2025 10:06
Black Round Rotten,black_round_rotten_IMG_20250418_154003_TIMEBURST19_3945_brightness_contrast_iter3.jpg,JPG,1698x1698,24,Xiaomi,2312DRAABI,72,f/0.0,85,Daylight,16,29-05-2025 10:06
Black Round Rotten,black_round_rotten_IMG_20250418_154003_TIMEBURST18_4412_brightness_contrast_iter5.jpg,JPG,1616x1616,24,Xiaomi,2312DRAABI,72,f/0.0,85,Daylight,16,29-05-2025 10:06
Black Round Rotten,black_round_rotten_IMG_20250418_154003_TIMEBURST20_4493_rotate_iter4.jpg,JPG,1612x1612,24,Xiaomi,2312DRAABI,72,f/0.0,85,Daylight,16,29-05-2025 10:06
Black Round Rotten,black_round_rotten_IMG_20250418_154113_TIMEBURST1_4402_rgb_shift_iter3.jpg,JPG,1458x1458,24,Xiaomi,2312DRAABI,72,f/0.0,89,Daylight,16,29-05-2025 10:06
Black Round Rotten,black_round_rotten_IMG_20250418_154003_TIMEBURST18_4412_gamma_iter5.jpg,JPG,1616x1616,24,Xiaomi,2312DRAABI,72,f/0.0,85,Daylight,16,29-05-2025 10:06
Black Round Rotten,black_round_rotten_IMG_20250418_154003_TIMEBURST19_3945_gamma_iter3.jpg,JPG,1698x1698,24,Xiaomi,2312DRAABI,72,f/0.0,89,Daylight,16,29-05-2025 10:06
Black Round Rotten,black_round_rotten_IMG_20250418_154003_TIMEBURST20_4493_horizontal_flip_iter4.jpg,JPG,1612x1612,24,Xiaomi,2312DRAABI,72,f/0.0,89,Daylight,16,29-05-2025 10:06
Black Round Rotten,black_round_rotten_IMG_20250418_154113_TIMEBURST1_4402_rotate_iter4.jpg,JPG,1458x1458,24,Xiaomi,2312DRAABI,72,f/0.0,86,Daylight,16,29-05-2025 10:06
Black Round Rotten,black_round_rotten_IMG_20250418_154003_TIMEBURST20_4493_brightness_contrast_iter4.jpg,JPG,1612x1612,24,Xiaomi,2312DRAABI,72,f/0.0,94,Daylight,16,29-05-2025 10:06
Black Round Rotten,black_round_rotten_IMG_20250418_154113_TIMEBURST1_4402_horizontal_flip_iter4.jpg,JPG,1458x1458,24,Xiaomi,2312DRAABI,72,f/0.0,86,Daylight,16,29-05-2025 10:06
Black Round Rotten,black_round_rotten_IMG_20250418_154003_TIMEBURST18_4412_rgb_shift_iter5.jpg,JPG,1616x1616,24,Xiaomi,2312DRAABI,72,f/0.0,150,Daylight,16,29-05-2025 10:06
Black Round Rotten,black_round_rotten_IMG_20250418_154003_TIMEBURST19_3945_rgb_shift_iter3.jpg,JPG,1698x1698,24,Xiaomi,2312DRAABI,72,f/0.0,86,Daylight,16,29-05-2025 10:06
Black Round Rotten,black_round_rotten_IMG_20250418_153727_TIMEBURST1_2970_rotate_iter1.jpg,JPG,2442x2442,24,Xiaomi,2312DRAABI,72,f/0.0,150,Daylight,16,29-05-2025 10:06
Black Round Rotten,black_round_rotten_IMG_20250418_153727_TIMEBURST1_2970_horizontal_flip_iter1.jpg,JPG,2442x2442,24,Xiaomi,2312DRAABI,72,f/0.0,86,Daylight,16,29-05-2025 10:06
Black Round Rotten,black_round_rotten_IMG_20250418_153727_TIMEBURST1_2970_brightness_contrast_iter1.jpg,JPG,2442x2442,24,Xiaomi,2312DRAABI,72,f/0.0,150,Daylight,16,29-05-2025 10:06
Black Round Rotten,black_round_rotten_IMG_20250418_153727_TIMEBURST1_2970_gamma_iter1.jpg,JPG,2442x2442,24,Xiaomi,2312DRAABI,72,f/0.0,79,Daylight,16,29-05-2025 10:06
Black Round Rotten,black_round_rotten_IMG_20250418_153727_TIMEBURST1_2970_rgb_shift_iter1.jpg,JPG,2442x2442,24,Xiaomi,2312DRAABI,72,f/0.0,79,Daylight,16,29-05-2025 10:06
Black Round Rotten,black_round_rotten_IMG_20250418_153727_TIMEBURST1_2970_horizontal_flip_iter2.jpg,JPG,2442x2442,24,Xiaomi,2312DRAABI,72,f/0.0,79,Daylight,16,29-05-2025 10:06
Black Round Rotten,black_round_rotten_IMG_20250418_153727_TIMEBURST1_2970_rotate_iter2.jpg,JPG,2442x2442,24,Xiaomi,2312DRAABI,72,f/0.0,150,Daylight,16,29-05-2025 10:06
Black Round Rotten,black_round_rotten_IMG_20250418_153727_TIMEBURST1_2970_gamma_iter2.jpg,JPG,2442x2442,24,Xiaomi,2312DRAABI,72,f/0.0,79,Daylight,16,29-05-2025 10:06
Black Round Rotten,black_round_rotten_IMG_20250418_153727_TIMEBURST1_2970_brightness_contrast_iter2.jpg,JPG,2442x2442,24,Xiaomi,2312DRAABI,72,f/0.0,79,Daylight,16,29-05-2025 10:06
Black Round Rotten,black_round_rotten_IMG_20250418_153727_TIMEBURST2_3172_rotate_iter1.jpg,JPG,1444x1444,24,Xiaomi,2312DRAABI,72,f/0.0,79,Daylight,16,29-05-2025 10:06
Black Round Rotten,black_round_rotten_IMG_20250418_153727_TIMEBURST2_3172_horizontal_flip_iter1.jpg,JPG,1444x1444,24,Xiaomi,2312DRAABI,72,f/0.0,88,Daylight,16,29-05-2025 10:06
Black Round Rotten,black_round_rotten_IMG_20250418_153727_TIMEBURST2_3172_brightness_contrast_iter1.jpg,JPG,1444x1444,24,Xiaomi,2312DRAABI,72,f/0.0,85,Daylight,16,29-05-2025 10:06
Black Round Rotten,black_round_rotten_IMG_20250418_153727_TIMEBURST1_2970_rgb_shift_iter2.jpg,JPG,2442x2442,24,Xiaomi,2312DRAABI,72,f/0.0,87,Daylight,16,29-05-2025 10:06
Black Round Rotten,black_round_rotten_IMG_20250418_153727_TIMEBURST2_3172_gamma_iter1.jpg,JPG,1444x1444,24,Xiaomi,2312DRAABI,72,f/0.0,88,Daylight,16,29-05-2025 10:06
Black Round Rotten,black_round_rotten_IMG_20250418_153727_TIMEBURST3_2528_rotate_iter1.jpg,JPG,1385x1385,24,Xiaomi,2312DRAABI,72,f/0.0,79,Daylight,16,29-05-2025 10:06
Black Round Rotten,black_round_rotten_IMG_20250418_153727_TIMEBURST3_2528_horizontal_flip_iter1.jpg,JPG,1385x1385,24,Xiaomi,2312DRAABI,72,f/0.0,81,Daylight,16,29-05-2025 10:06
Black Round Rotten,black_round_rotten_IMG_20250418_153727_TIMEBURST2_3172_rgb_shift_iter1.jpg,JPG,1444x1444,24,Xiaomi,2312DRAABI,72,f/0.0,81,Daylight,16,29-05-2025 10:06
Black Round Rotten,black_round_rotten_IMG_20250418_153727_TIMEBURST3_2528_brightness_contrast_iter1.jpg,JPG,1385x1385,24,Xiaomi,2312DRAABI,72,f/0.0,96,Daylight,16,29-05-2025 10:06
Black Round Rotten,black_round_rotten_IMG_20250418_153727_TIMEBURST1_2970_rotate_iter3.jpg,JPG,2442x2442,24,Xiaomi,2312DRAABI,72,f/0.0,81,Daylight,16,29-05-2025 10:06
Black Round Rotten,black_round_rotten_IMG_20250418_153727_TIMEBURST2_3172_rotate_iter2.jpg,JPG,1444x1444,24,Xiaomi,2312DRAABI,72,f/0.0,132,Daylight,16,29-05-2025 10:06
Black Round Rotten,black_round_rotten_IMG_20250418_153727_TIMEBURST2_3172_horizontal_flip_iter2.jpg,JPG,1444x1444,24,Xiaomi,2312DRAABI,72,f/0.0,116,Daylight,16,29-05-2025 10:06
Black Round Rotten,black_round_rotten_IMG_20250418_153727_TIMEBURST3_2528_gamma_iter1.jpg,JPG,1385x1385,24,Xiaomi,2312DRAABI,72,f/0.0,116,Daylight,16,29-05-2025 10:06
Black Round Rotten,black_round_rotten_IMG_20250418_153727_TIMEBURST3_2528_rgb_shift_iter1.jpg,JPG,1385x1385,24,Xiaomi,2312DRAABI,72,f/0.0,116,Daylight,16,29-05-2025 10:06
Black Round Rotten,black_round_rotten_IMG_20250418_153727_TIMEBURST1_2970_horizontal_flip_iter3.jpg,JPG,2442x2442,24,Xiaomi,2312DRAABI,72,f/0.0,81,Daylight,16,29-05-2025 10:06
Black Round Rotten,black_round_rotten_IMG_20250418_153727_TIMEBURST2_3172_brightness_contrast_iter2.jpg,JPG,1444x1444,24,Xiaomi,2312DRAABI,72,f/0.0,116,Daylight,16,29-05-2025 10:06
Black Round Rotten,black_round_rotten_IMG_20250418_153727_TIMEBURST3_2528_rotate_iter2.jpg,JPG,1385x1385,24,Xiaomi,2312DRAABI,72,f/0.0,116,Daylight,16,29-05-2025 10:06
Black Round Rotten,black_round_rotten_IMG_20250418_153727_TIMEBURST2_3172_gamma_iter2.jpg,JPG,1444x1444,24,Xiaomi,2312DRAABI,72,f/0.0,116,Daylight,16,29-05-2025 10:06
Black Round Rotten,black_round_rotten_IMG_20250418_153727_TIMEBURST3_2528_horizontal_flip_iter2.jpg,JPG,1385x1385,24,Xiaomi,2312DRAABI,72,f/0.0,116,Daylight,16,29-05-2025 10:06
Black Round Rotten,black_round_rotten_IMG_20250418_153727_TIMEBURST1_2970_brightness_contrast_iter3.jpg,JPG,2442x2442,24,Xiaomi,2312DRAABI,72,f/0.0,116,Daylight,16,29-05-2025 10:06
Black Round Rotten,black_round_rotten_IMG_20250418_153727_TIMEBURST1_2970_gamma_iter3.jpg,JPG,2442x2442,24,Xiaomi,2312DRAABI,72,f/0.0,116,Daylight,16,29-05-2025 10:06
Black Round Rotten,black_round_rotten_IMG_20250418_153727_TIMEBURST2_3172_rgb_shift_iter2.jpg,JPG,1444x1444,24,Xiaomi,2312DRAABI,72,f/0.0,116,Daylight,16,29-05-2025 10:06
Black Round Rotten,black_round_rotten_IMG_20250418_153727_TIMEBURST3_2528_brightness_contrast_iter2.jpg,JPG,1385x1385,24,Xiaomi,2312DRAABI,72,f/0.0,116,Daylight,16,29-05-2025 10:06
Black Round Rotten,black_round_rotten_IMG_20250418_153727_TIMEBURST3_2528_gamma_iter2.jpg,JPG,1385x1385,24,Xiaomi,2312DRAABI,72,f/0.0,89,Daylight,16,29-05-2025 10:06
Black Round Rotten,black_round_rotten_IMG_20250418_153727_TIMEBURST2_3172_rotate_iter3.jpg,JPG,1444x1444,24,Xiaomi,2312DRAABI,72,f/0.0,116,Daylight,16,29-05-2025 10:06
Black Round Rotten,black_round_rotten_IMG_20250418_153727_TIMEBURST2_3172_horizontal_flip_iter3.jpg,JPG,1444x1444,24,Xiaomi,2312DRAABI,72,f/0.0,116,Daylight,16,29-05-2025 10:06
Black Round Rotten,black_round_rotten_IMG_20250418_153727_TIMEBURST4_3349_rotate_iter1.jpg,JPG,1458x1458,24,Xiaomi,2312DRAABI,72,f/0.0,143,Daylight,16,29-05-2025 10:06
Black Round Rotten,black_round_rotten_IMG_20250418_153727_TIMEBURST3_2528_rgb_shift_iter2.jpg,JPG,1385x1385,24,Xiaomi,2312DRAABI,72,f/0.0,85,Daylight,16,29-05-2025 10:06
Black Round Rotten,black_round_rotten_IMG_20250418_153727_TIMEBURST2_3172_brightness_contrast_iter3.jpg,JPG,1444x1444,24,Xiaomi,2312DRAABI,72,f/0.0,81,Daylight,16,29-05-2025 10:06
Black Round Rotten,black_round_rotten_IMG_20250418_153727_TIMEBURST4_3349_horizontal_flip_iter1.jpg,JPG,1458x1458,24,Xiaomi,2312DRAABI,72,f/0.0,81,Daylight,16,29-05-2025 10:06
Black Round Rotten,black_round_rotten_IMG_20250418_153727_TIMEBURST3_2528_rotate_iter3.jpg,JPG,1385x1385,24,Xiaomi,2312DRAABI,72,f/0.0,85,Daylight,16,29-05-2025 10:06
Black Round Rotten,black_round_rotten_IMG_20250418_153727_TIMEBURST1_2970_rgb_shift_iter3.jpg,JPG,2442x2442,24,Xiaomi,2312DRAABI,72,f/0.0,50,Daylight,16,29-05-2025 10:06
Black Round Rotten,black_round_rotten_IMG_20250418_153727_TIMEBURST2_3172_gamma_iter3.jpg,JPG,1444x1444,24,Xiaomi,2312DRAABI,72,f/0.0,50,Daylight,16,29-05-2025 10:06
Black Round Rotten,black_round_rotten_IMG_20250418_153727_TIMEBURST4_3349_brightness_contrast_iter1.jpg,JPG,1458x1458,24,Xiaomi,2312DRAABI,72,f/0.0,50,Daylight,16,29-05-2025 10:06
Black Round Rotten,black_round_rotten_IMG_20250418_153727_TIMEBURST3_2528_horizontal_flip_iter3.jpg,JPG,1385x1385,24,Xiaomi,2312DRAABI,72,f/0.0,50,Daylight,16,29-05-2025 10:06
Black Round Rotten,black_round_rotten_IMG_20250418_153727_TIMEBURST4_3349_gamma_iter1.jpg,JPG,1458x1458,24,Xiaomi,2312DRAABI,72,f/0.0,50,Daylight,16,29-05-2025 10:06
Black Round Rotten,black_round_rotten_IMG_20250418_153727_TIMEBURST3_2528_brightness_contrast_iter3.jpg,JPG,1385x1385,24,Xiaomi,2312DRAABI,72,f/0.0,50,Daylight,16,29-05-2025 10:06
Black Round Rotten,black_round_rotten_IMG_20250418_153727_TIMEBURST2_3172_rgb_shift_iter3.jpg,JPG,1444x1444,24,Xiaomi,2312DRAABI,72,f/0.0,52,Daylight,16,29-05-2025 10:06
Black Round Rotten,black_round_rotten_IMG_20250418_153727_TIMEBURST1_2970_rotate_iter4.jpg,JPG,2442x2442,24,Xiaomi,2312DRAABI,72,f/0.0,50,Daylight,16,29-05-2025 10:06
Black Round Rotten,black_round_rotten_IMG_20250418_153727_TIMEBURST3_2528_gamma_iter3.jpg,JPG,1385x1385,24,Xiaomi,2312DRAABI,72,f/0.0,57,Daylight,16,29-05-2025 10:06
Black Round Rotten,black_round_rotten_IMG_20250418_153727_TIMEBURST4_3349_rgb_shift_iter1.jpg,JPG,1458x1458,24,Xiaomi,2312DRAABI,72,f/0.0,54,Daylight,16,29-05-2025 10:06
Black Round Rotten,black_round_rotten_IMG_20250418_153727_TIMEBURST2_3172_rotate_iter4.jpg,JPG,1444x1444,24,Xiaomi,2312DRAABI,72,f/0.0,54,Daylight,16,29-05-2025 10:06
Black Round Rotten,black_round_rotten_IMG_20250418_153727_TIMEBURST2_3172_horizontal_flip_iter4.jpg,JPG,1444x1444,24,Xiaomi,2312DRAABI,72,f/0.0,57,Daylight,16,29-05-2025 10:06
Black Round Rotten,black_round_rotten_IMG_20250418_153727_TIMEBURST3_2528_rgb_shift_iter3.jpg,JPG,1385x1385,24,Xiaomi,2312DRAABI,72,f/0.0,56,Daylight,16,29-05-2025 10:06
Black Round Rotten,black_round_rotten_IMG_20250418_153727_TIMEBURST4_3349_rotate_iter2.jpg,JPG,1458x1458,24,Xiaomi,2312DRAABI,72,f/0.0,56,Daylight,16,29-05-2025 10:06
Black Round Rotten,black_round_rotten_IMG_20250418_153727_TIMEBURST1_2970_horizontal_flip_iter4.jpg,JPG,2442x2442,24,Xiaomi,2312DRAABI,72,f/0.0,56,Daylight,16,29-05-2025 10:06
Black Round Rotten,black_round_rotten_IMG_20250418_153727_TIMEBURST3_2528_rotate_iter4.jpg,JPG,1385x1385,24,Xiaomi,2312DRAABI,72,f/0.0,57,Daylight,16,29-05-2025 10:06
Black Round Rotten,black_round_rotten_IMG_20250418_153727_TIMEBURST2_3172_brightness_contrast_iter4.jpg,JPG,1444x1444,24,Xiaomi,2312DRAABI,72,f/0.0,50,Daylight,16,29-05-2025 10:06
Black Round Rotten,black_round_rotten_IMG_20250418_153727_TIMEBURST4_3349_horizontal_flip_iter2.jpg,JPG,1458x1458,24,Xiaomi,2312DRAABI,72,f/0.0,53,Daylight,16,29-05-2025 10:06
Black Round Rotten,black_round_rotten_IMG_20250418_153727_TIMEBURST3_2528_horizontal_flip_iter4.jpg,JPG,1385x1385,24,Xiaomi,2312DRAABI,72,f/0.0,57,Daylight,16,29-05-2025 10:06
Black Round Rotten,black_round_rotten_IMG_20250418_153727_TIMEBURST4_3349_brightness_contrast_iter2.jpg,JPG,1458x1458,24,Xiaomi,2312DRAABI,72,f/0.0,52,Daylight,16,29-05-2025 10:06
Black Round Rotten,black_round_rotten_IMG_20250418_153727_TIMEBURST2_3172_gamma_iter4.jpg,JPG,1444x1444,24,Xiaomi,2312DRAABI,72,f/0.0,57,Daylight,16,29-05-2025 10:06
Black Round Rotten,black_round_rotten_IMG_20250418_153727_TIMEBURST1_2970_brightness_contrast_iter4.jpg,JPG,2442x2442,24,Xiaomi,2312DRAABI,72,f/0.0,57,Daylight,16,29-05-2025 10:06
Black Round Rotten,black_round_rotten_IMG_20250418_153727_TIMEBURST3_2528_brightness_contrast_iter4.jpg,JPG,1385x1385,24,Xiaomi,2312DRAABI,72,f/0.0,52,Daylight,16,29-05-2025 10:06
Black Round Rotten,black_round_rotten_IMG_20250418_153727_TIMEBURST4_3349_gamma_iter2.jpg,JPG,1458x1458,24,Xiaomi,2312DRAABI,72,f/0.0,61,Daylight,16,29-05-2025 10:06
Black Round Rotten,black_round_rotten_IMG_20250418_153727_TIMEBURST2_3172_rgb_shift_iter4.jpg,JPG,1444x1444,24,Xiaomi,2312DRAABI,72,f/0.0,61,Daylight,16,29-05-2025 10:06
Black Round Rotten,black_round_rotten_IMG_20250418_153727_TIMEBURST3_2528_gamma_iter4.jpg,JPG,1385x1385,24,Xiaomi,2312DRAABI,72,f/0.0,60,Daylight,16,29-05-2025 10:06
Black Round Rotten,black_round_rotten_IMG_20250418_153727_TIMEBURST4_3349_rgb_shift_iter2.jpg,JPG,1458x1458,24,Xiaomi,2312DRAABI,72,f/0.0,60,Daylight,16,29-05-2025 10:06
Black Round Rotten,black_round_rotten_IMG_20250418_153727_TIMEBURST2_3172_rotate_iter5.jpg,JPG,1444x1444,24,Xiaomi,2312DRAABI,72,f/0.0,59,Daylight,16,29-05-2025 10:06
Black Round Rotten,black_round_rotten_IMG_20250418_153727_TIMEBURST1_2970_gamma_iter4.jpg,JPG,2442x2442,24,Xiaomi,2312DRAABI,72,f/0.0,60,Daylight,16,29-05-2025 10:06
Black Round Rotten,black_round_rotten_IMG_20250418_153727_TIMEBURST3_2528_rgb_shift_iter4.jpg,JPG,1385x1385,24,Xiaomi,2312DRAABI,72,f/0.0,60,Daylight,16,29-05-2025 10:06
Black Round Rotten,black_round_rotten_IMG_20250418_153727_TIMEBURST4_3349_rotate_iter3.jpg,JPG,1458x1458,24,Xiaomi,2312DRAABI,72,f/0.0,61,Daylight,16,29-05-2025 10:06
Black Round Rotten,black_round_rotten_IMG_20250418_153727_TIMEBURST2_3172_horizontal_flip_iter5.jpg,JPG,1444x1444,24,Xiaomi,2312DRAABI,72,f/0.0,60,Daylight,16,29-05-2025 10:06
Black Round Rotten,black_round_rotten_IMG_20250418_153727_TIMEBURST3_2528_rotate_iter5.jpg,JPG,1385x1385,24,Xiaomi,2312DRAABI,72,f/0.0,60,Daylight,16,29-05-2025 10:06
Black Round Rotten,black_round_rotten_IMG_20250418_153727_TIMEBURST2_3172_brightness_contrast_iter5.jpg,JPG,1444x1444,24,Xiaomi,2312DRAABI,72,f/0.0,60,Daylight,16,29-05-2025 10:06
Black Round Rotten,black_round_rotten_IMG_20250418_153727_TIMEBURST4_3349_horizontal_flip_iter3.jpg,JPG,1458x1458,24,Xiaomi,2312DRAABI,72,f/0.0,60,Daylight,16,29-05-2025 10:06
Black Round Rotten,black_round_rotten_IMG_20250418_153727_TIMEBURST3_2528_horizontal_flip_iter5.jpg,JPG,1385x1385,24,Xiaomi,2312DRAABI,72,f/0.0,63,Daylight,16,29-05-2025 10:06
Black Round Rotten,black_round_rotten_IMG_20250418_153727_TIMEBURST4_3349_brightness_contrast_iter3.jpg,JPG,1458x1458,24,Xiaomi,2312DRAABI,72,f/0.0,65,Daylight,16,29-05-2025 10:06
Black Round Rotten,black_round_rotten_IMG_20250418_153727_TIMEBURST2_3172_gamma_iter5.jpg,JPG,1444x1444,24,Xiaomi,2312DRAABI,72,f/0.0,65,Daylight,16,29-05-2025 10:06
Black Round Rotten,black_round_rotten_IMG_20250418_153727_TIMEBURST3_2528_brightness_contrast_iter5.jpg,JPG,1385x1385,24,Xiaomi,2312DRAABI,72,f/0.0,67,Daylight,16,29-05-2025 10:06
Black Round Rotten,black_round_rotten_IMG_20250418_153727_TIMEBURST1_2970_rgb_shift_iter4.jpg,JPG,2442x2442,24,Xiaomi,2312DRAABI,72,f/0.0,75,Daylight,16,29-05-2025 10:06
Black Round Rotten,black_round_rotten_IMG_20250418_153727_TIMEBURST3_2528_gamma_iter5.jpg,JPG,1385x1385,24,Xiaomi,2312DRAABI,72,f/0.0,60,Daylight,16,29-05-2025 10:06
Black Round Rotten,black_round_rotten_IMG_20250418_153727_TIMEBURST4_3349_gamma_iter3.jpg,JPG,1458x1458,24,Xiaomi,2312DRAABI,72,f/0.0,67,Daylight,16,29-05-2025 10:06
Black Round Rotten,black_round_rotten_IMG_20250418_153727_TIMEBURST2_3172_rgb_shift_iter5.jpg,JPG,1444x1444,24,Xiaomi,2312DRAABI,72,f/0.0,72,Daylight,16,29-05-2025 10:06
Black Round Rotten,black_round_rotten_IMG_20250418_153727_TIMEBURST4_3349_rgb_shift_iter3.jpg,JPG,1458x1458,24,Xiaomi,2312DRAABI,72,f/0.0,69,Daylight,16,29-05-2025 10:06
Black Round Rotten,black_round_rotten_IMG_20250418_153727_TIMEBURST3_2528_rgb_shift_iter5.jpg,JPG,1385x1385,24,Xiaomi,2312DRAABI,72,f/0.0,69,Daylight,16,29-05-2025 10:06
Black Round Rotten,black_round_rotten_IMG_20250418_153727_TIMEBURST4_3349_rotate_iter4.jpg,JPG,1458x1458,24,Xiaomi,2312DRAABI,72,f/0.0,67,Daylight,16,29-05-2025 10:06
Black Round Rotten,black_round_rotten_IMG_20250418_153727_TIMEBURST1_2970_rotate_iter5.jpg,JPG,2442x2442,24,Xiaomi,2312DRAABI,72,f/0.0,69,Daylight,16,29-05-2025 10:06
Black Round Rotten,black_round_rotten_IMG_20250418_153727_TIMEBURST4_3349_horizontal_flip_iter4.jpg,JPG,1458x1458,24,Xiaomi,2312DRAABI,72,f/0.0,69,Daylight,16,29-05-2025 10:06
Black Round Rotten,black_round_rotten_IMG_20250418_153727_TIMEBURST4_3349_brightness_contrast_iter4.jpg,JPG,1458x1458,24,Xiaomi,2312DRAABI,72,f/0.0,69,Daylight,16,29-05-2025 10:06
Black Round Rotten,black_round_rotten_IMG_20250418_153727_TIMEBURST1_2970_horizontal_flip_iter5.jpg,JPG,2442x2442,24,Xiaomi,2312DRAABI,72,f/0.0,69,Daylight,16,29-05-2025 10:06
Black Round Rotten,black_round_rotten_IMG_20250418_153727_TIMEBURST4_3349_gamma_iter4.jpg,JPG,1458x1458,24,Xiaomi,2312DRAABI,72,f/0.0,69,Daylight,16,29-05-2025 10:06
Black Round Rotten,black_round_rotten_IMG_20250418_153727_TIMEBURST4_3349_rgb_shift_iter4.jpg,JPG,1458x1458,24,Xiaomi,2312DRAABI,72,f/0.0,72,Daylight,16,29-05-2025 10:06
Black Round Rotten,black_round_rotten_IMG_20250418_153727_TIMEBURST1_2970_brightness_contrast_iter5.jpg,JPG,2442x2442,24,Xiaomi,2312DRAABI,72,f/0.0,69,Daylight,16,29-05-2025 10:06
Black Round Rotten,black_round_rotten_IMG_20250418_153727_TIMEBURST4_3349_rotate_iter5.jpg,JPG,1458x1458,24,Xiaomi,2312DRAABI,72,f/0.0,69,Daylight,16,29-05-2025 10:06
Black Round Rotten,black_round_rotten_IMG_20250418_153727_TIMEBURST4_3349_horizontal_flip_iter5.jpg,JPG,1458x1458,24,Xiaomi,2312DRAABI,72,f/0.0,72,Daylight,16,29-05-2025 10:06
Black Round Rotten,black_round_rotten_IMG_20250418_153727_TIMEBURST1_2970_gamma_iter5.jpg,JPG,2442x2442,24,Xiaomi,2312DRAABI,72,f/0.0,72,Daylight,16,29-05-2025 10:06
Black Round Rotten,black_round_rotten_IMG_20250418_153727_TIMEBURST4_3349_brightness_contrast_iter5.jpg,JPG,1458x1458,24,Xiaomi,2312DRAABI,72,f/0.0,75,Daylight,16,29-05-2025 10:06
Black Round Rotten,black_round_rotten_IMG_20250418_153727_TIMEBURST4_3349_gamma_iter5.jpg,JPG,1458x1458,24,Xiaomi,2312DRAABI,72,f/0.0,74,Daylight,16,29-05-2025 10:06
Black Round Rotten,black_round_rotten_IMG_20250418_153727_TIMEBURST4_3349_rgb_shift_iter5.jpg,JPG,1458x1458,24,Xiaomi,2312DRAABI,72,f/0.0,75,Daylight,16,29-05-2025 10:06
Black Round Rotten,black_round_rotten_IMG_20250418_153727_TIMEBURST1_2970_rgb_shift_iter5.jpg,JPG,2442x2442,24,Xiaomi,2312DRAABI,72,f/0.0,77,Daylight,16,29-05-2025 10:06
Black Round Rotten,black_round_rotten_IMG_20250418_153727_TIMEBURST5_2538_rotate_iter1.jpg,JPG,1523x1523,24,Xiaomi,2312DRAABI,72,f/0.0,75,Daylight,16,29-05-2025 10:06
Black Round Rotten,black_round_rotten_IMG_20250418_153727_TIMEBURST5_2538_horizontal_flip_iter1.jpg,JPG,1523x1523,24,Xiaomi,2312DRAABI,72,f/0.0,81,Daylight,16,29-05-2025 10:06
Black Round Rotten,black_round_rotten_IMG_20250418_153727_TIMEBURST5_2538_brightness_contrast_iter1.jpg,JPG,1523x1523,24,Xiaomi,2312DRAABI,72,f/0.0,71,Daylight,16,29-05-2025 10:06
Black Round Rotten,black_round_rotten_IMG_20250418_153727_TIMEBURST5_2538_gamma_iter1.jpg,JPG,1523x1523,24,Xiaomi,2312DRAABI,72,f/0.0,85,Daylight,16,29-05-2025 10:06
Black Round Rotten,black_round_rotten_IMG_20250418_153727_TIMEBURST5_2538_rgb_shift_iter1.jpg,JPG,1523x1523,24,Xiaomi,2312DRAABI,72,f/0.0,85,Daylight,16,29-05-2025 10:06
Black Round Rotten,black_round_rotten_IMG_20250418_153727_TIMEBURST5_2538_rotate_iter2.jpg,JPG,1523x1523,24,Xiaomi,2312DRAABI,72,f/0.0,85,Daylight,16,29-05-2025 10:06
Black Round Rotten,black_round_rotten_IMG_20250418_153727_TIMEBURST5_2538_horizontal_flip_iter2.jpg,JPG,1523x1523,24,Xiaomi,2312DRAABI,72,f/0.0,84,Daylight,16,29-05-2025 10:06
Black Round Rotten,black_round_rotten_IMG_20250418_153727_TIMEBURST5_2538_brightness_contrast_iter2.jpg,JPG,1523x1523,24,Xiaomi,2312DRAABI,72,f/0.0,85,Daylight,16,29-05-2025 10:06
Black Round Rotten,black_round_rotten_IMG_20250418_153727_TIMEBURST5_2538_gamma_iter2.jpg,JPG,1523x1523,24,Xiaomi,2312DRAABI,72,f/0.0,85,Daylight,16,29-05-2025 10:06
Black Round Rotten,black_round_rotten_IMG_20250418_153727_TIMEBURST5_2538_rgb_shift_iter2.jpg,JPG,1523x1523,24,Xiaomi,2312DRAABI,72,f/0.0,85,Daylight,16,29-05-2025 10:06
Black Round Rotten,black_round_rotten_IMG_20250418_153727_TIMEBURST5_2538_rotate_iter3.jpg,JPG,1523x1523,24,Xiaomi,2312DRAABI,72,f/0.0,85,Daylight,16,29-05-2025 10:06
Black Round Rotten,black_round_rotten_IMG_20250418_153727_TIMEBURST5_2538_horizontal_flip_iter3.jpg,JPG,1523x1523,24,Xiaomi,2312DRAABI,72,f/0.0,89,Daylight,16,29-05-2025 10:06
Black Round Rotten,black_round_rotten_IMG_20250418_153727_TIMEBURST5_2538_brightness_contrast_iter3.jpg,JPG,1523x1523,24,Xiaomi,2312DRAABI,72,f/0.0,85,Daylight,16,29-05-2025 10:06
Black Round Rotten,black_round_rotten_IMG_20250418_153727_TIMEBURST5_2538_gamma_iter3.jpg,JPG,1523x1523,24,Xiaomi,2312DRAABI,72,f/0.0,89,Daylight,16,29-05-2025 10:06
Black Round Rotten,black_round_rotten_IMG_20250418_153727_TIMEBURST5_2538_rgb_shift_iter3.jpg,JPG,1523x1523,24,Xiaomi,2312DRAABI,72,f/0.0,89,Daylight,16,29-05-2025 10:06
Black Round Rotten,black_round_rotten_IMG_20250418_153727_TIMEBURST5_2538_rotate_iter4.jpg,JPG,1523x1523,24,Xiaomi,2312DRAABI,72,f/0.0,86,Daylight,16,29-05-2025 10:06
Black Round Rotten,black_round_rotten_IMG_20250418_153727_TIMEBURST5_2538_horizontal_flip_iter4.jpg,JPG,1523x1523,24,Xiaomi,2312DRAABI,72,f/0.0,94,Daylight,16,29-05-2025 10:06
Black Round Rotten,black_round_rotten_IMG_20250418_153727_TIMEBURST5_2538_brightness_contrast_iter4.jpg,JPG,1523x1523,24,Xiaomi,2312DRAABI,72,f/0.0,86,Daylight,16,29-05-2025 10:06
Black Round Rotten,black_round_rotten_IMG_20250418_153727_TIMEBURST5_2538_gamma_iter4.jpg,JPG,1523x1523,24,Xiaomi,2312DRAABI,72,f/0.0,150,Daylight,16,29-05-2025 10:06
Black Round Rotten,black_round_rotten_IMG_20250418_153727_TIMEBURST5_2538_rgb_shift_iter4.jpg,JPG,1523x1523,24,Xiaomi,2312DRAABI,72,f/0.0,86,Daylight,16,29-05-2025 10:06
Black Round Rotten,black_round_rotten_IMG_20250418_153727_TIMEBURST6_2730_rotate_iter1.jpg,JPG,1609x1609,24,Xiaomi,2312DRAABI,72,f/0.0,150,Daylight,16,29-05-2025 10:06
Black Round Rotten,black_round_rotten_IMG_20250418_153727_TIMEBURST5_2538_rotate_iter5.jpg,JPG,1523x1523,24,Xiaomi,2312DRAABI,72,f/0.0,86,Daylight,16,29-05-2025 10:06
Black Round Rotten,black_round_rotten_IMG_20250418_153727_TIMEBURST5_2538_horizontal_flip_iter5.jpg,JPG,1523x1523,24,Xiaomi,2312DRAABI,72,f/0.0,150,Daylight,16,29-05-2025 10:06
Black Round Rotten,black_round_rotten_IMG_20250418_153727_TIMEBURST6_2730_horizontal_flip_iter1.jpg,JPG,1609x1609,24,Xiaomi,2312DRAABI,72,f/0.0,79,Daylight,16,29-05-2025 10:06
Black Round Rotten,black_round_rotten_IMG_20250418_153727_TIMEBURST5_2538_brightness_contrast_iter5.jpg,JPG,1523x1523,24,Xiaomi,2312DRAABI,72,f/0.0,79,Daylight,16,29-05-2025 10:06
Black Round Rotten,black_round_rotten_IMG_20250418_153727_TIMEBURST6_2730_brightness_contrast_iter1.jpg,JPG,1609x1609,24,Xiaomi,2312DRAABI,72,f/0.0,79,Daylight,16,29-05-2025 10:06
Black Round Rotten,black_round_rotten_IMG_20250418_153727_TIMEBURST5_2538_gamma_iter5.jpg,JPG,1523x1523,24,Xiaomi,2312DRAABI,72,f/0.0,150,Daylight,16,29-05-2025 10:06
Black Round Rotten,black_round_rotten_IMG_20250418_153727_TIMEBURST6_2730_gamma_iter1.jpg,JPG,1609x1609,24,Xiaomi,2312DRAABI,72,f/0.0,79,Daylight,16,29-05-2025 10:06
Black Round Rotten,black_round_rotten_IMG_20250418_153727_TIMEBURST5_2538_rgb_shift_iter5.jpg,JPG,1523x1523,24,Xiaomi,2312DRAABI,72,f/0.0,79,Daylight,16,29-05-2025 10:06
Black Round Rotten,black_round_rotten_IMG_20250418_153727_TIMEBURST6_2730_rgb_shift_iter1.jpg,JPG,1609x1609,24,Xiaomi,2312DRAABI,72,f/0.0,79,Daylight,16,29-05-2025 10:06
Black Round Rotten,black_round_rotten_IMG_20250418_153727_TIMEBURST6_2730_rotate_iter2.jpg,JPG,1609x1609,24,Xiaomi,2312DRAABI,72,f/0.0,88,Daylight,16,29-05-2025 10:06
Black Round Rotten,black_round_rotten_IMG_20250418_153727_TIMEBURST6_2730_horizontal_flip_iter2.jpg,JPG,1609x1609,24,Xiaomi,2312DRAABI,72,f/0.0,85,Daylight,16,29-05-2025 10:06
Black Round Rotten,black_round_rotten_IMG_20250418_153727_TIMEBURST6_2730_brightness_contrast_iter2.jpg,JPG,1609x1609,24,Xiaomi,2312DRAABI,72,f/0.0,87,Daylight,16,29-05-2025 10:06
Black Round Rotten,black_round_rotten_IMG_20250418_153727_TIMEBURST6_2730_gamma_iter2.jpg,JPG,1609x1609,24,Xiaomi,2312DRAABI,72,f/0.0,88,Daylight,16,29-05-2025 10:06
Black Round Rotten,black_round_rotten_IMG_20250418_153727_TIMEBURST6_2730_rgb_shift_iter2.jpg,JPG,1609x1609,24,Xiaomi,2312DRAABI,72,f/0.0,79,Daylight,16,29-05-2025 10:06
Black Round Rotten,black_round_rotten_IMG_20250418_153727_TIMEBURST6_2730_rotate_iter3.jpg,JPG,1609x1609,24,Xiaomi,2312DRAABI,72,f/0.0,81,Daylight,16,29-05-2025 10:06
Black Round Rotten,black_round_rotten_IMG_20250418_153727_TIMEBURST6_2730_horizontal_flip_iter3.jpg,JPG,1609x1609,24,Xiaomi,2312DRAABI,72,f/0.0,81,Daylight,16,29-05-2025 10:06
Black Round Rotten,black_round_rotten_IMG_20250418_153727_TIMEBURST6_2730_brightness_contrast_iter3.jpg,JPG,1609x1609,24,Xiaomi,2312DRAABI,72,f/0.0,96,Daylight,16,29-05-2025 10:06
Black Round Rotten,black_round_rotten_IMG_20250418_153727_TIMEBURST6_2730_gamma_iter3.jpg,JPG,1609x1609,24,Xiaomi,2312DRAABI,72,f/0.0,81,Daylight,16,29-05-2025 10:06
Black Round Rotten,black_round_rotten_IMG_20250418_153727_TIMEBURST6_2730_rgb_shift_iter3.jpg,JPG,1609x1609,24,Xiaomi,2312DRAABI,72,f/0.0,132,Daylight,16,29-05-2025 10:06
Black Round Rotten,black_round_rotten_IMG_20250418_153727_TIMEBURST6_2730_rotate_iter4.jpg,JPG,1609x1609,24,Xiaomi,2312DRAABI,72,f/0.0,116,Daylight,16,29-05-2025 10:06
Black Round Rotten,black_round_rotten_IMG_20250418_153727_TIMEBURST6_2730_horizontal_flip_iter4.jpg,JPG,1609x1609,24,Xiaomi,2312DRAABI,72,f/0.0,116,Daylight,16,29-05-2025 10:06
Black Round Rotten,black_round_rotten_IMG_20250418_153727_TIMEBURST6_2730_brightness_contrast_iter4.jpg,JPG,1609x1609,24,Xiaomi,2312DRAABI,72,f/0.0,116,Daylight,16,29-05-2025 10:06
Black Round Rotten,black_round_rotten_IMG_20250418_153727_TIMEBURST6_2730_gamma_iter4.jpg,JPG,1609x1609,24,Xiaomi,2312DRAABI,72,f/0.0,81,Daylight,16,29-05-2025 10:06
Black Round Rotten,black_round_rotten_IMG_20250418_153727_TIMEBURST6_2730_rgb_shift_iter4.jpg,JPG,1609x1609,24,Xiaomi,2312DRAABI,72,f/0.0,116,Daylight,16,29-05-2025 10:06
Black Round Rotten,black_round_rotten_IMG_20250418_153727_TIMEBURST6_2730_rotate_iter5.jpg,JPG,1609x1609,24,Xiaomi,2312DRAABI,72,f/0.0,116,Daylight,16,29-05-2025 10:06
Black Round Rotten,black_round_rotten_IMG_20250418_153727_TIMEBURST6_2730_horizontal_flip_iter5.jpg,JPG,1609x1609,24,Xiaomi,2312DRAABI,72,f/0.0,116,Daylight,16,29-05-2025 10:06
Black Round Rotten,black_round_rotten_IMG_20250418_153727_TIMEBURST6_2730_brightness_contrast_iter5.jpg,JPG,1609x1609,24,Xiaomi,2312DRAABI,72,f/0.0,116,Daylight,16,29-05-2025 10:06
Black Round Rotten,black_round_rotten_IMG_20250418_153727_TIMEBURST6_2730_gamma_iter5.jpg,JPG,1609x1609,24,Xiaomi,2312DRAABI,72,f/0.0,116,Daylight,16,29-05-2025 10:06
Black Round Rotten,black_round_rotten_IMG_20250418_153727_TIMEBURST6_2730_rgb_shift_iter5.jpg,JPG,1609x1609,24,Xiaomi,2312DRAABI,72,f/0.0,116,Daylight,16,29-05-2025 10:06
Black Round Rotten,black_round_rotten_IMG_20250418_153727_TIMEBURST10_2687_rotate_iter1.jpg,JPG,1381x1381,24,Xiaomi,2312DRAABI,72,f/0.0,116,Daylight,16,29-05-2025 10:06
Black Round Rotten,black_round_rotten_IMG_20250418_153727_TIMEBURST10_2687_horizontal_flip_iter1.jpg,JPG,1381x1381,24,Xiaomi,2312DRAABI,72,f/0.0,116,Daylight,16,29-05-2025 10:06
Black Round Rotten,black_round_rotten_IMG_20250418_153727_TIMEBURST7_3234_rotate_iter1.jpg,JPG,1524x1524,24,Xiaomi,2312DRAABI,72,f/0.0,89,Daylight,16,29-05-2025 10:06
Black Round Rotten,black_round_rotten_IMG_20250418_153727_TIMEBURST10_2687_brightness_contrast_iter1.jpg,JPG,1381x1381,24,Xiaomi,2312DRAABI,72,f/0.0,116,Daylight,16,29-05-2025 10:06
Black Round Rotten,black_round_rotten_IMG_20250418_153727_TIMEBURST10_2687_gamma_iter1.jpg,JPG,1381x1381,24,Xiaomi,2312DRAABI,72,f/0.0,116,Daylight,16,29-05-2025 10:06
Black Round Rotten,black_round_rotten_IMG_20250418_153727_TIMEBURST7_3234_gamma_iter1.jpg,JPG,1524x1524,24,Xiaomi,2312DRAABI,72,f/0.0,143,Daylight,16,29-05-2025 10:06
Black Round Rotten,black_round_rotten_IMG_20250418_153727_TIMEBURST10_2687_rotate_iter2.jpg,JPG,1381x1381,24,Xiaomi,2312DRAABI,72,f/0.0,85,Daylight,16,29-05-2025 10:06
Black Round Rotten,black_round_rotten_IMG_20250418_153727_TIMEBURST10_2687_rgb_shift_iter1.jpg,JPG,1381x1381,24,Xiaomi,2312DRAABI,72,f/0.0,81,Daylight,16,29-05-2025 10:06
Black Round Rotten,black_round_rotten_IMG_20250418_153727_TIMEBURST7_3234_horizontal_flip_iter1.jpg,JPG,1524x1524,24,Xiaomi,2312DRAABI,72,f/0.0,81,Daylight,16,29-05-2025 10:06
Black Round Rotten,black_round_rotten_IMG_20250418_153727_TIMEBURST7_3234_brightness_contrast_iter1.jpg,JPG,1524x1524,24,Xiaomi,2312DRAABI,72,f/0.0,85,Daylight,16,29-05-2025 10:06
Black Round Rotten,black_round_rotten_IMG_20250418_153727_TIMEBURST10_2687_horizontal_flip_iter2.jpg,JPG,1381x1381,24,Xiaomi,2312DRAABI,72,f/0.0,50,Daylight,16,29-05-2025 10:06
Black Round Rotten,black_round_rotten_IMG_20250418_153727_TIMEBURST9_3128_rotate_iter1.jpg,JPG,820x820,24,Xiaomi,2312DRAABI,72,f/0.0,50,Daylight,16,29-05-2025 10:06
Black Round Rotten,black_round_rotten_IMG_20250418_153727_TIMEBURST10_2687_brightness_contrast_iter2.jpg,JPG,1381x1381,24,Xiaomi,2312DRAABI,72,f/0.0,50,Daylight,16,29-05-2025 10:06
Black Round Rotten,black_round_rotten_IMG_20250418_153727_TIMEBURST7_3234_rgb_shift_iter1.jpg,JPG,1524x1524,24,Xiaomi,2312DRAABI,72,f/0.0,50,Daylight,16,29-05-2025 10:06
Black Round Rotten,black_round_rotten_IMG_20250418_153727_TIMEBURST9_3128_horizontal_flip_iter1.jpg,JPG,820x820,24,Xiaomi,2312DRAABI,72,f/0.0,50,Daylight,16,29-05-2025 10:06
Black Round Rotten,black_round_rotten_IMG_20250418_153727_TIMEBURST10_2687_gamma_iter2.jpg,JPG,1381x1381,24,Xiaomi,2312DRAABI,72,f/0.0,50,Daylight,16,29-05-2025 10:06
Black Round Rotten,black_round_rotten_IMG_20250418_153727_TIMEBURST9_3128_brightness_contrast_iter1.jpg,JPG,820x820,24,Xiaomi,2312DRAABI,72,f/0.0,52,Daylight,16,29-05-2025 10:06
Black Round Rotten,black_round_rotten_IMG_20250418_153727_TIMEBURST9_3128_gamma_iter1.jpg,JPG,820x820,24,Xiaomi,2312DRAABI,72,f/0.0,50,Daylight,16,29-05-2025 10:06
Black Round Rotten,black_round_rotten_IMG_20250418_153727_TIMEBURST7_3234_rotate_iter2.jpg,JPG,1524x1524,24,Xiaomi,2312DRAABI,72,f/0.0,57,Daylight,16,29-05-2025 10:06
Black Round Rotten,black_round_rotten_IMG_20250418_153727_TIMEBURST10_2687_rgb_shift_iter2.jpg,JPG,1381x1381,24,Xiaomi,2312DRAABI,72,f/0.0,54,Daylight,16,29-05-2025 10:06
Black Round Rotten,black_round_rotten_IMG_20250418_153727_TIMEBURST9_3128_rgb_shift_iter1.jpg,JPG,820x820,24,Xiaomi,2312DRAABI,72,f/0.0,54,Daylight,16,29-05-2025 10:06
Black Round Rotten,black_round_rotten_IMG_20250418_153727_TIMEBURST7_3234_horizontal_flip_iter2.jpg,JPG,1524x1524,24,Xiaomi,2312DRAABI,72,f/0.0,57,Daylight,16,29-05-2025 10:06
Black Round Rotten,black_round_rotten_IMG_20250418_153727_TIMEBURST10_2687_rotate_iter3.jpg,JPG,1381x1381,24,Xiaomi,2312DRAABI,72,f/0.0,56,Daylight,16,29-05-2025 10:06
Black Round Rotten,black_round_rotten_IMG_20250418_153727_TIMEBURST9_3128_rotate_iter2.jpg,JPG,820x820,24,Xiaomi,2312DRAABI,72,f/0.0,56,Daylight,16,29-05-2025 10:06
Black Round Rotten,black_round_rotten_IMG_20250418_153727_TIMEBURST9_3128_horizontal_flip_iter2.jpg,JPG,820x820,24,Xiaomi,2312DRAABI,72,f/0.0,56,Daylight,16,29-05-2025 10:06
Black Round Rotten,black_round_rotten_IMG_20250418_153727_TIMEBURST10_2687_horizontal_flip_iter3.jpg,JPG,1381x1381,24,Xiaomi,2312DRAABI,72,f/0.0,57,Daylight,16,29-05-2025 10:06
Black Round Rotten,black_round_rotten_IMG_20250418_153727_TIMEBURST7_3234_brightness_contrast_iter2.jpg,JPG,1524x1524,24,Xiaomi,2312DRAABI,72,f/0.0,50,Daylight,16,29-05-2025 10:06
Black Round Rotten,black_round_rotten_IMG_20250418_153727_TIMEBURST9_3128_brightness_contrast_iter2.jpg,JPG,820x820,24,Xiaomi,2312DRAABI,72,f/0.0,53,Daylight,16,29-05-2025 10:06
Black Round Rotten,black_round_rotten_IMG_20250418_153727_TIMEBURST10_2687_brightness_contrast_iter3.jpg,JPG,1381x1381,24,Xiaomi,2312DRAABI,72,f/0.0,57,Daylight,16,29-05-2025 10:06
Black Round Rotten,black_round_rotten_IMG_20250418_153727_TIMEBURST7_3234_gamma_iter2.jpg,JPG,1524x1524,24,Xiaomi,2312DRAABI,72,f/0.0,52,Daylight,16,29-05-2025 10:06
Black Round Rotten,black_round_rotten_IMG_20250418_153727_TIMEBURST9_3128_gamma_iter2.jpg,JPG,820x820,24,Xiaomi,2312DRAABI,72,f/0.0,57,Daylight,16,29-05-2025 10:06
Black Round Rotten,black_round_rotten_IMG_20250418_153727_TIMEBURST9_3128_rgb_shift_iter2.jpg,JPG,820x820,24,Xiaomi,2312DRAABI,72,f/0.0,57,Daylight,16,29-05-2025 10:06
Black Round Rotten,black_round_rotten_IMG_20250418_153727_TIMEBURST10_2687_gamma_iter3.jpg,JPG,1381x1381,24,Xiaomi,2312DRAABI,72,f/0.0,52,Daylight,16,29-05-2025 10:06
Black Round Rotten,black_round_rotten_IMG_20250418_153727_TIMEBURST9_3128_rotate_iter3.jpg,JPG,820x820,24,Xiaomi,2312DRAABI,72,f/0.0,61,Daylight,16,29-05-2025 10:06
Black Round Rotten,black_round_rotten_IMG_20250418_153727_TIMEBURST9_3128_horizontal_flip_iter3.jpg,JPG,820x820,24,Xiaomi,2312DRAABI,72,f/0.0,61,Daylight,16,29-05-2025 10:06
Black Round Rotten,black_round_rotten_IMG_20250418_153727_TIMEBURST10_2687_rgb_shift_iter3.jpg,JPG,1381x1381,24,Xiaomi,2312DRAABI,72,f/0.0,60,Daylight,16,29-05-2025 10:06
Black Round Rotten,black_round_rotten_IMG_20250418_153727_TIMEBURST7_3234_rgb_shift_iter2.jpg,JPG,1524x1524,24,Xiaomi,2312DRAABI,72,f/0.0,60,Daylight,16,29-05-2025 10:06
Black Round Rotten,black_round_rotten_IMG_20250418_153727_TIMEBURST9_3128_brightness_contrast_iter3.jpg,JPG,820x820,24,Xiaomi,2312DRAABI,72,f/0.0,59,Daylight,16,29-05-2025 10:06
Black Round Rotten,black_round_rotten_IMG_20250418_153727_TIMEBURST9_3128_gamma_iter3.jpg,JPG,820x820,24,Xiaomi,2312DRAABI,72,f/0.0,60,Daylight,16,29-05-2025 10:06
Black Round Rotten,black_round_rotten_IMG_20250418_153727_TIMEBURST10_2687_rotate_iter4.jpg,JPG,1381x1381,24,Xiaomi,2312DRAABI,72,f/0.0,60,Daylight,16,29-05-2025 10:06
Black Round Rotten,black_round_rotten_IMG_20250418_153727_TIMEBURST9_3128_rgb_shift_iter3.jpg,JPG,820x820,24,Xiaomi,2312DRAABI,72,f/0.0,61,Daylight,16,29-05-2025 10:06
Black Round Rotten,black_round_rotten_IMG_20250418_153727_TIMEBURST10_2687_horizontal_flip_iter4.jpg,JPG,1381x1381,24,Xiaomi,2312DRAABI,72,f/0.0,60,Daylight,16,29-05-2025 10:06
Black Round Rotten,black_round_rotten_IMG_20250418_153727_TIMEBURST9_3128_rotate_iter4.jpg,JPG,820x820,24,Xiaomi,2312DRAABI,72,f/0.0,60,Daylight,16,29-05-2025 10:06
Black Round Rotten,black_round_rotten_IMG_20250418_153727_TIMEBURST8_2877_rotate_iter1.jpg,JPG,1243x1243,24,Xiaomi,2312DRAABI,72,f/0.0,60,Daylight,16,29-05-2025 10:06
Black Round Rotten,black_round_rotten_IMG_20250418_153727_TIMEBURST10_2687_brightness_contrast_iter4.jpg,JPG,1381x1381,24,Xiaomi,2312DRAABI,72,f/0.0,60,Daylight,16,29-05-2025 10:06
Black Round Rotten,black_round_rotten_IMG_20250418_153727_TIMEBURST9_3128_horizontal_flip_iter4.jpg,JPG,820x820,24,Xiaomi,2312DRAABI,72,f/0.0,63,Daylight,16,29-05-2025 10:06
Black Round Rotten,black_round_rotten_IMG_20250418_153727_TIMEBURST10_2687_gamma_iter4.jpg,JPG,1381x1381,24,Xiaomi,2312DRAABI,72,f/0.0,65,Daylight,16,29-05-2025 10:06
Black Round Rotten,black_round_rotten_IMG_20250418_153727_TIMEBURST8_2877_horizontal_flip_iter1.jpg,JPG,1243x1243,24,Xiaomi,2312DRAABI,72,f/0.0,65,Daylight,16,29-05-2025 10:06
Black Round Rotten,black_round_rotten_IMG_20250418_153727_TIMEBURST7_3234_rotate_iter3.jpg,JPG,1524x1524,24,Xiaomi,2312DRAABI,72,f/0.0,67,Daylight,16,29-05-2025 10:06
Black Round Rotten,black_round_rotten_IMG_20250418_153727_TIMEBURST9_3128_brightness_contrast_iter4.jpg,JPG,820x820,24,Xiaomi,2312DRAABI,72,f/0.0,75,Daylight,16,29-05-2025 10:06
Black Round Rotten,black_round_rotten_IMG_20250418_153727_TIMEBURST8_2877_brightness_contrast_iter1.jpg,JPG,1243x1243,24,Xiaomi,2312DRAABI,72,f/0.0,60,Daylight,16,29-05-2025 10:06
Black Round Rotten,black_round_rotten_IMG_20250418_153727_TIMEBURST7_3234_horizontal_flip_iter3.jpg,JPG,1524x1524,24,Xiaomi,2312DRAABI,72,f/0.0,67,Daylight,16,29-05-2025 10:06
Black Round Rotten,black_round_rotten_IMG_20250418_153727_TIMEBURST9_3128_gamma_iter4.jpg,JPG,820x820,24,Xiaomi,2312DRAABI,72,f/0.0,72,Daylight,16,29-05-2025 10:06
Black Round Rotten,black_round_rotten_IMG_20250418_153727_TIMEBURST8_2877_gamma_iter1.jpg,JPG,1243x1243,24,Xiaomi,2312DRAABI,72,f/0.0,69,Daylight,16,29-05-2025 10:06
Black Round Rotten,black_round_rotten_IMG_20250418_153727_TIMEBURST9_3128_rgb_shift_iter4.jpg,JPG,820x820,24,Xiaomi,2312DRAABI,72,f/0.0,69,Daylight,16,29-05-2025 10:06
Black Round Rotten,black_round_rotten_IMG_20250418_153727_TIMEBURST10_2687_rgb_shift_iter4.jpg,JPG,1381x1381,24,Xiaomi,2312DRAABI,72,f/0.0,67,Daylight,16,29-05-2025 10:06
Black Round Rotten,black_round_rotten_IMG_20250418_153727_TIMEBURST9_3128_rotate_iter5.jpg,JPG,820x820,24,Xiaomi,2312DRAABI,72,f/0.0,69,Daylight,16,29-05-2025 10:06
Black Round Rotten,black_round_rotten_IMG_20250418_153727_TIMEBURST7_3234_brightness_contrast_iter3.jpg,JPG,1524x1524,24,Xiaomi,2312DRAABI,72,f/0.0,69,Daylight,16,29-05-2025 10:06
Black Round Rotten,black_round_rotten_IMG_20250418_153727_TIMEBURST9_3128_horizontal_flip_iter5.jpg,JPG,820x820,24,Xiaomi,2312DRAABI,72,f/0.0,69,Daylight,16,29-05-2025 10:06
Black Round Rotten,black_round_rotten_IMG_20250418_153727_TIMEBURST10_2687_rotate_iter5.jpg,JPG,1381x1381,24,Xiaomi,2312DRAABI,72,f/0.0,69,Daylight,16,29-05-2025 10:06
Black Round Rotten,black_round_rotten_IMG_20250418_153727_TIMEBURST8_2877_rgb_shift_iter1.jpg,JPG,1243x1243,24,Xiaomi,2312DRAABI,72,f/0.0,69,Daylight,16,29-05-2025 10:06
Black Round Rotten,black_round_rotten_IMG_20250418_153727_TIMEBURST9_3128_brightness_contrast_iter5.jpg,JPG,820x820,24,Xiaomi,2312DRAABI,72,f/0.0,72,Daylight,16,29-05-2025 10:06
Black Round Rotten,black_round_rotten_IMG_20250418_153727_TIMEBURST10_2687_horizontal_flip_iter5.jpg,JPG,1381x1381,24,Xiaomi,2312DRAABI,72,f/0.0,69,Daylight,16,29-05-2025 10:06
Black Round Rotten,black_round_rotten_IMG_20250418_153727_TIMEBURST7_3234_gamma_iter3.jpg,JPG,1524x1524,24,Xiaomi,2312DRAABI,72,f/0.0,69,Daylight,16,29-05-2025 10:06
Black Round Rotten,black_round_rotten_IMG_20250418_153727_TIMEBURST9_3128_gamma_iter5.jpg,JPG,820x820,24,Xiaomi,2312DRAABI,72,f/0.0,72,Daylight,16,29-05-2025 10:06
Black Round Rotten,black_round_rotten_IMG_20250418_153727_TIMEBURST8_2877_rotate_iter2.jpg,JPG,1243x1243,24,Xiaomi,2312DRAABI,72,f/0.0,72,Daylight,16,29-05-2025 10:06
Black Round Rotten,black_round_rotten_IMG_20250418_153727_TIMEBURST10_2687_brightness_contrast_iter5.jpg,JPG,1381x1381,24,Xiaomi,2312DRAABI,72,f/0.0,75,Daylight,16,29-05-2025 10:06
Black Round Rotten,black_round_rotten_IMG_20250418_153727_TIMEBURST9_3128_rgb_shift_iter5.jpg,JPG,820x820,24,Xiaomi,2312DRAABI,72,f/0.0,74,Daylight,16,29-05-2025 10:06
Black Round Rotten,black_round_rotten_IMG_20250418_153727_TIMEBURST8_2877_horizontal_flip_iter2.jpg,JPG,1243x1243,24,Xiaomi,2312DRAABI,72,f/0.0,75,Daylight,16,29-05-2025 10:06
Black Round Rotten,black_round_rotten_IMG_20250418_153727_TIMEBURST10_2687_gamma_iter5.jpg,JPG,1381x1381,24,Xiaomi,2312DRAABI,72,f/0.0,77,Daylight,16,29-05-2025 10:06
Black Round Rotten,black_round_rotten_IMG_20250418_153727_TIMEBURST8_2877_brightness_contrast_iter2.jpg,JPG,1243x1243,24,Xiaomi,2312DRAABI,72,f/0.0,75,Daylight,16,29-05-2025 10:06
Black Round Rotten,black_round_rotten_IMG_20250418_153727_TIMEBURST7_3234_rgb_shift_iter3.jpg,JPG,1524x1524,24,Xiaomi,2312DRAABI,72,f/0.0,81,Daylight,16,29-05-2025 10:06
Black Round Rotten,black_round_rotten_IMG_20250418_153727_TIMEBURST8_2877_gamma_iter2.jpg,JPG,1243x1243,24,Xiaomi,2312DRAABI,72,f/0.0,71,Daylight,16,29-05-2025 10:06
Black Round Rotten,black_round_rotten_IMG_20250418_153727_TIMEBURST10_2687_rgb_shift_iter5.jpg,JPG,1381x1381,24,Xiaomi,2312DRAABI,72,f/0.0,85,Daylight,16,29-05-2025 10:06
Black Round Rotten,black_round_rotten_IMG_20250418_153727_TIMEBURST7_3234_rotate_iter4.jpg,JPG,1524x1524,24,Xiaomi,2312DRAABI,72,f/0.0,85,Daylight,16,29-05-2025 10:06
Black Round Rotten,black_round_rotten_IMG_20250418_153727_TIMEBURST8_2877_rgb_shift_iter2.jpg,JPG,1243x1243,24,Xiaomi,2312DRAABI,72,f/0.0,85,Daylight,16,29-05-2025 10:06
Black Round Rotten,black_round_rotten_IMG_20250418_153727_TIMEBURST8_2877_rotate_iter3.jpg,JPG,1243x1243,24,Xiaomi,2312DRAABI,72,f/0.0,84,Daylight,16,29-05-2025 10:06
Black Round Rotten,black_round_rotten_IMG_20250418_153727_TIMEBURST7_3234_horizontal_flip_iter4.jpg,JPG,1524x1524,24,Xiaomi,2312DRAABI,72,f/0.0,85,Daylight,16,29-05-2025 10:06
Black Round Rotten,black_round_rotten_IMG_20250418_153727_TIMEBURST8_2877_horizontal_flip_iter3.jpg,JPG,1243x1243,24,Xiaomi,2312DRAABI,72,f/0.0,85,Daylight,16,29-05-2025 10:06
Black Round Rotten,black_round_rotten_IMG_20250418_153727_TIMEBURST7_3234_brightness_contrast_iter4.jpg,JPG,1524x1524,24,Xiaomi,2312DRAABI,72,f/0.0,85,Daylight,16,29-05-2025 10:06
Black Round Rotten,black_round_rotten_IMG_20250418_153727_TIMEBURST8_2877_brightness_contrast_iter3.jpg,JPG,1243x1243,24,Xiaomi,2312DRAABI,72,f/0.0,85,Daylight,16,29-05-2025 10:06
Black Round Rotten,black_round_rotten_IMG_20250418_153727_TIMEBURST8_2877_gamma_iter3.jpg,JPG,1243x1243,24,Xiaomi,2312DRAABI,72,f/0.0,89,Daylight,16,29-05-2025 10:06
Black Round Rotten,black_round_rotten_IMG_20250418_153727_TIMEBURST7_3234_gamma_iter4.jpg,JPG,1524x1524,24,Xiaomi,2312DRAABI,72,f/0.0,85,Daylight,16,29-05-2025 10:06
Black Round Rotten,black_round_rotten_IMG_20250418_153727_TIMEBURST8_2877_rgb_shift_iter3.jpg,JPG,1243x1243,24,Xiaomi,2312DRAABI,72,f/0.0,89,Daylight,16,29-05-2025 10:06
Black Round Rotten,black_round_rotten_IMG_20250418_153727_TIMEBURST7_3234_rgb_shift_iter4.jpg,JPG,1524x1524,24,Xiaomi,2312DRAABI,72,f/0.0,89,Daylight,16,29-05-2025 10:06
Black Round Rotten,black_round_rotten_IMG_20250418_153727_TIMEBURST8_2877_rotate_iter4.jpg,JPG,1243x1243,24,Xiaomi,2312DRAABI,72,f/0.0,86,Daylight,16,29-05-2025 10:06
Black Round Rotten,black_round_rotten_IMG_20250418_153727_TIMEBURST8_2877_horizontal_flip_iter4.jpg,JPG,1243x1243,24,Xiaomi,2312DRAABI,72,f/0.0,94,Daylight,16,29-05-2025 10:06
Black Round Rotten,black_round_rotten_IMG_20250418_153727_TIMEBURST8_2877_brightness_contrast_iter4.jpg,JPG,1243x1243,24,Xiaomi,2312DRAABI,72,f/0.0,86,Daylight,16,29-05-2025 10:06
Black Round Rotten,black_round_rotten_IMG_20250418_153727_TIMEBURST7_3234_rotate_iter5.jpg,JPG,1524x1524,24,Xiaomi,2312DRAABI,72,f/0.0,150,Daylight,16,29-05-2025 10:06
Black Round Rotten,black_round_rotten_IMG_20250418_153727_TIMEBURST8_2877_gamma_iter4.jpg,JPG,1243x1243,24,Xiaomi,2312DRAABI,72,f/0.0,86,Daylight,16,29-05-2025 10:06
Black Round Rotten,black_round_rotten_IMG_20250418_153727_TIMEBURST7_3234_horizontal_flip_iter5.jpg,JPG,1524x1524,24,Xiaomi,2312DRAABI,72,f/0.0,150,Daylight,16,29-05-2025 10:06
Black Round Rotten,black_round_rotten_IMG_20250418_153727_TIMEBURST8_2877_rgb_shift_iter4.jpg,JPG,1243x1243,24,Xiaomi,2312DRAABI,72,f/0.0,86,Daylight,16,29-05-2025 10:06
Black Round Rotten,black_round_rotten_IMG_20250418_153727_TIMEBURST7_3234_brightness_contrast_iter5.jpg,JPG,1524x1524,24,Xiaomi,2312DRAABI,72,f/0.0,150,Daylight,16,29-05-2025 10:06
Black Round Rotten,black_round_rotten_IMG_20250418_153727_TIMEBURST8_2877_rotate_iter5.jpg,JPG,1243x1243,24,Xiaomi,2312DRAABI,72,f/0.0,79,Daylight,16,29-05-2025 10:06
Black Round Rotten,black_round_rotten_IMG_20250418_153727_TIMEBURST8_2877_horizontal_flip_iter5.jpg,JPG,1243x1243,24,Xiaomi,2312DRAABI,72,f/0.0,79,Daylight,16,29-05-2025 10:06
Black Round Rotten,black_round_rotten_IMG_20250418_153727_TIMEBURST7_3234_gamma_iter5.jpg,JPG,1524x1524,24,Xiaomi,2312DRAABI,72,f/0.0,79,Daylight,16,29-05-2025 10:06
Black Round Rotten,black_round_rotten_IMG_20250418_153727_TIMEBURST8_2877_brightness_contrast_iter5.jpg,JPG,1243x1243,24,Xiaomi,2312DRAABI,72,f/0.0,150,Daylight,16,29-05-2025 10:06
Black Round Rotten,black_round_rotten_IMG_20250418_153727_TIMEBURST8_2877_gamma_iter5.jpg,JPG,1243x1243,24,Xiaomi,2312DRAABI,72,f/0.0,79,Daylight,16,29-05-2025 10:06
Black Round Rotten,black_round_rotten_IMG_20250418_153727_TIMEBURST12_3232_rotate_iter1.jpg,JPG,981x981,24,Xiaomi,2312DRAABI,72,f/0.0,79,Daylight,16,29-05-2025 10:06
Black Round Rotten,black_round_rotten_IMG_20250418_153727_TIMEBURST7_3234_rgb_shift_iter5.jpg,JPG,1524x1524,24,Xiaomi,2312DRAABI,72,f/0.0,79,Daylight,16,29-05-2025 10:06
Black Round Rotten,black_round_rotten_IMG_20250418_153727_TIMEBURST11_2749_rotate_iter1.jpg,JPG,1010x1010,24,Xiaomi,2312DRAABI,72,f/0.0,88,Daylight,16,29-05-2025 10:06
Black Round Rotten,black_round_rotten_IMG_20250418_153727_TIMEBURST12_3232_horizontal_flip_iter1.jpg,JPG,981x981,24,Xiaomi,2312DRAABI,72,f/0.0,85,Daylight,16,29-05-2025 10:06
Black Round Rotten,black_round_rotten_IMG_20250418_153727_TIMEBURST8_2877_rgb_shift_iter5.jpg,JPG,1243x1243,24,Xiaomi,2312DRAABI,72,f/0.0,87,Daylight,16,29-05-2025 10:06
Black Round Rotten,black_round_rotten_IMG_20250418_153727_TIMEBURST11_2749_horizontal_flip_iter1.jpg,JPG,1010x1010,24,Xiaomi,2312DRAABI,72,f/0.0,88,Daylight,16,29-05-2025 10:06
Black Round Rotten,black_round_rotten_IMG_20250418_153727_TIMEBURST12_3232_brightness_contrast_iter1.jpg,JPG,981x981,24,Xiaomi,2312DRAABI,72,f/0.0,79,Daylight,16,29-05-2025 10:06
Black Round Rotten,black_round_rotten_IMG_20250418_153727_TIMEBURST11_2749_brightness_contrast_iter1.jpg,JPG,1010x1010,24,Xiaomi,2312DRAABI,72,f/0.0,81,Daylight,16,29-05-2025 10:06
Black Round Rotten,black_round_rotten_IMG_20250418_153727_TIMEBURST12_3232_gamma_iter1.jpg,JPG,981x981,24,Xiaomi,2312DRAABI,72,f/0.0,81,Daylight,16,29-05-2025 10:06
Black Round Rotten,black_round_rotten_IMG_20250418_153727_TIMEBURST11_2749_gamma_iter1.jpg,JPG,1010x1010,24,Xiaomi,2312DRAABI,72,f/0.0,96,Daylight,16,29-05-2025 10:06
Black Round Rotten,black_round_rotten_IMG_20250418_153727_TIMEBURST12_3232_rgb_shift_iter1.jpg,JPG,981x981,24,Xiaomi,2312DRAABI,72,f/0.0,81,Daylight,16,29-05-2025 10:06
Black Round Rotten,black_round_rotten_IMG_20250418_153727_TIMEBURST11_2749_rgb_shift_iter1.jpg,JPG,1010x1010,24,Xiaomi,2312DRAABI,72,f/0.0,132,Daylight,16,29-05-2025 10:06
Black Round Rotten,black_round_rotten_IMG_20250418_153727_TIMEBURST12_3232_rotate_iter2.jpg,JPG,981x981,24,Xiaomi,2312DRAABI,72,f/0.0,116,Daylight,16,29-05-2025 10:06
Black Round Rotten,black_round_rotten_IMG_20250418_153727_TIMEBURST12_3232_horizontal_flip_iter2.jpg,JPG,981x981,24,Xiaomi,2312DRAABI,72,f/0.0,116,Daylight,16,29-05-2025 10:06
Black Round Rotten,black_round_rotten_IMG_20250418_153727_TIMEBURST11_2749_rotate_iter2.jpg,JPG,1010x1010,24,Xiaomi,2312DRAABI,72,f/0.0,116,Daylight,16,29-05-2025 10:06
Black Round Rotten,black_round_rotten_IMG_20250418_153727_TIMEBURST12_3232_brightness_contrast_iter2.jpg,JPG,981x981,24,Xiaomi,2312DRAABI,72,f/0.0,81,Daylight,16,29-05-2025 10:06
Black Round Rotten,black_round_rotten_IMG_20250418_153727_TIMEBURST11_2749_horizontal_flip_iter2.jpg,JPG,1010x1010,24,Xiaomi,2312DRAABI,72,f/0.0,116,Daylight,16,29-05-2025 10:06
Black Round Rotten,black_round_rotten_IMG_20250418_153727_TIMEBURST12_3232_gamma_iter2.jpg,JPG,981x981,24,Xiaomi,2312DRAABI,72,f/0.0,116,Daylight,16,29-05-2025 10:06
Black Round Rotten,black_round_rotten_IMG_20250418_153727_TIMEBURST11_2749_brightness_contrast_iter2.jpg,JPG,1010x1010,24,Xiaomi,2312DRAABI,72,f/0.0,116,Daylight,16,29-05-2025 10:06
Black Round Rotten,black_round_rotten_IMG_20250418_153727_TIMEBURST12_3232_rgb_shift_iter2.jpg,JPG,981x981,24,Xiaomi,2312DRAABI,72,f/0.0,116,Daylight,16,29-05-2025 10:06
Black Round Rotten,black_round_rotten_IMG_20250418_153727_TIMEBURST11_2749_gamma_iter2.jpg,JPG,1010x1010,24,Xiaomi,2312DRAABI,72,f/0.0,116,Daylight,16,29-05-2025 10:06
Black Round Rotten,black_round_rotten_IMG_20250418_153727_TIMEBURST12_3232_rotate_iter3.jpg,JPG,981x981,24,Xiaomi,2312DRAABI,72,f/0.0,116,Daylight,16,29-05-2025 10:06
Black Round Rotten,black_round_rotten_IMG_20250418_153727_TIMEBURST11_2749_rgb_shift_iter2.jpg,JPG,1010x1010,24,Xiaomi,2312DRAABI,72,f/0.0,116,Daylight,16,29-05-2025 10:06
Black Round Rotten,black_round_rotten_IMG_20250418_153727_TIMEBURST12_3232_horizontal_flip_iter3.jpg,JPG,981x981,24,Xiaomi,2312DRAABI,72,f/0.0,116,Daylight,16,29-05-2025 10:06
Black Round Rotten,black_round_rotten_IMG_20250418_153727_TIMEBURST12_3232_brightness_contrast_iter3.jpg,JPG,981x981,24,Xiaomi,2312DRAABI,72,f/0.0,89,Daylight,16,29-05-2025 10:06
Black Round Rotten,black_round_rotten_IMG_20250418_153727_TIMEBURST11_2749_rotate_iter3.jpg,JPG,1010x1010,24,Xiaomi,2312DRAABI,72,f/0.0,116,Daylight,16,29-05-2025 10:06
Black Round Rotten,black_round_rotten_IMG_20250418_153727_TIMEBURST12_3232_gamma_iter3.jpg,JPG,981x981,24,Xiaomi,2312DRAABI,72,f/0.0,116,Daylight,16,29-05-2025 10:06
Black Round Rotten,black_round_rotten_IMG_20250418_153727_TIMEBURST11_2749_horizontal_flip_iter3.jpg,JPG,1010x1010,24,Xiaomi,2312DRAABI,72,f/0.0,143,Daylight,16,29-05-2025 10:06
Black Round Rotten,black_round_rotten_IMG_20250418_153727_TIMEBURST12_3232_rgb_shift_iter3.jpg,JPG,981x981,24,Xiaomi,2312DRAABI,72,f/0.0,85,Daylight,16,29-05-2025 10:06
Black Round Rotten,black_round_rotten_IMG_20250418_153727_TIMEBURST11_2749_brightness_contrast_iter3.jpg,JPG,1010x1010,24,Xiaomi,2312DRAABI,72,f/0.0,81,Daylight,16,29-05-2025 10:06
Black Round Rotten,black_round_rotten_IMG_20250418_153727_TIMEBURST12_3232_rotate_iter4.jpg,JPG,981x981,24,Xiaomi,2312DRAABI,72,f/0.0,81,Daylight,16,29-05-2025 10:06
Black Round Rotten,black_round_rotten_IMG_20250418_153727_TIMEBURST11_2749_gamma_iter3.jpg,JPG,1010x1010,24,Xiaomi,2312DRAABI,72,f/0.0,85,Daylight,16,29-05-2025 10:06
Black Round Rotten,black_round_rotten_IMG_20250418_153727_TIMEBURST12_3232_horizontal_flip_iter4.jpg,JPG,981x981,24,Xiaomi,2312DRAABI,72,f/0.0,50,Daylight,16,29-05-2025 10:06
Black Round Rotten,black_round_rotten_IMG_20250418_153727_TIMEBURST11_2749_rgb_shift_iter3.jpg,JPG,1010x1010,24,Xiaomi,2312DRAABI,72,f/0.0,50,Daylight,16,29-05-2025 10:06
Black Round Rotten,black_round_rotten_IMG_20250418_153727_TIMEBURST12_3232_brightness_contrast_iter4.jpg,JPG,981x981,24,Xiaomi,2312DRAABI,72,f/0.0,50,Daylight,16,29-05-2025 10:06
Black Round Rotten,black_round_rotten_IMG_20250418_153727_TIMEBURST12_3232_gamma_iter4.jpg,JPG,981x981,24,Xiaomi,2312DRAABI,72,f/0.0,50,Daylight,16,29-05-2025 10:06
Black Round Rotten,black_round_rotten_IMG_20250418_153727_TIMEBURST11_2749_rotate_iter4.jpg,JPG,1010x1010,24,Xiaomi,2312DRAABI,72,f/0.0,50,Daylight,16,29-05-2025 10:06
Black Round Rotten,black_round_rotten_IMG_20250418_153727_TIMEBURST13_2641_rotate_iter1.jpg,JPG,1120x1120,24,Xiaomi,2312DRAABI,72,f/0.0,50,Daylight,16,29-05-2025 10:06
Black Round Rotten,black_round_rotten_IMG_20250418_153727_TIMEBURST11_2749_horizontal_flip_iter4.jpg,JPG,1010x1010,24,Xiaomi,2312DRAABI,72,f/0.0,52,Daylight,16,29-05-2025 10:06
Black Round Rotten,black_round_rotten_IMG_20250418_153727_TIMEBURST12_3232_rgb_shift_iter4.jpg,JPG,981x981,24,Xiaomi,2312DRAABI,72,f/0.0,50,Daylight,16,29-05-2025 10:06
Black Round Rotten,black_round_rotten_IMG_20250418_153727_TIMEBURST13_2641_horizontal_flip_iter1.jpg,JPG,1120x1120,24,Xiaomi,2312DRAABI,72,f/0.0,57,Daylight,16,29-05-2025 10:06
Black Round Rotten,black_round_rotten_IMG_20250418_153727_TIMEBURST14_2908_rotate_iter1.jpg,JPG,1454x1454,24,Xiaomi,2312DRAABI,72,f/0.0,54,Daylight,16,29-05-2025 10:06
Black Round Rotten,black_round_rotten_IMG_20250418_153727_TIMEBURST13_2641_brightness_contrast_iter1.jpg,JPG,1120x1120,24,Xiaomi,2312DRAABI,72,f/0.0,54,Daylight,16,29-05-2025 10:06
Black Round Rotten,black_round_rotten_IMG_20250418_153727_TIMEBURST12_3232_rotate_iter5.jpg,JPG,981x981,24,Xiaomi,2312DRAABI,72,f/0.0,57,Daylight,16,29-05-2025 10:06
Black Round Rotten,black_round_rotten_IMG_20250418_153727_TIMEBURST11_2749_brightness_contrast_iter4.jpg,JPG,1010x1010,24,Xiaomi,2312DRAABI,72,f/0.0,56,Daylight,16,29-05-2025 10:06
Black Round Rotten,black_round_rotten_IMG_20250418_153727_TIMEBURST14_2908_horizontal_flip_iter1.jpg,JPG,1454x1454,24,Xiaomi,2312DRAABI,72,f/0.0,56,Daylight,16,29-05-2025 10:06
Black Round Rotten,black_round_rotten_IMG_20250418_153727_TIMEBURST13_2641_gamma_iter1.jpg,JPG,1120x1120,24,Xiaomi,2312DRAABI,72,f/0.0,56,Daylight,16,29-05-2025 10:06
Black Round Rotten,black_round_rotten_IMG_20250418_153727_TIMEBURST12_3232_horizontal_flip_iter5.jpg,JPG,981x981,24,Xiaomi,2312DRAABI,72,f/0.0,57,Daylight,16,29-05-2025 10:06
Black Round Rotten,black_round_rotten_IMG_20250418_153727_TIMEBURST11_2749_gamma_iter4.jpg,JPG,1010x1010,24,Xiaomi,2312DRAABI,72,f/0.0,50,Daylight,16,29-05-2025 10:06
Black Round Rotten,black_round_rotten_IMG_20250418_153727_TIMEBURST14_2908_brightness_contrast_iter1.jpg,JPG,1454x1454,24,Xiaomi,2312DRAABI,72,f/0.0,53,Daylight,16,29-05-2025 10:06
Black Round Rotten,black_round_rotten_IMG_20250418_153727_TIMEBURST12_3232_brightness_contrast_iter5.jpg,JPG,981x981,24,Xiaomi,2312DRAABI,72,f/0.0,57,Daylight,16,29-05-2025 10:06
Black Round Rotten,black_round_rotten_IMG_20250418_153727_TIMEBURST14_2908_gamma_iter1.jpg,JPG,1454x1454,24,Xiaomi,2312DRAABI,72,f/0.0,52,Daylight,16,29-05-2025 10:06
Black Round Rotten,black_round_rotten_IMG_20250418_153727_TIMEBURST11_2749_rgb_shift_iter4.jpg,JPG,1010x1010,24,Xiaomi,2312DRAABI,72,f/0.0,57,Daylight,16,29-05-2025 10:06
Black Round Rotten,black_round_rotten_IMG_20250418_153727_TIMEBURST13_2641_rgb_shift_iter1.jpg,JPG,1120x1120,24,Xiaomi,2312DRAABI,72,f/0.0,57,Daylight,16,29-05-2025 10:06
Black Round Rotten,black_round_rotten_IMG_20250418_153727_TIMEBURST12_3232_gamma_iter5.jpg,JPG,981x981,24,Xiaomi,2312DRAABI,72,f/0.0,52,Daylight,16,29-05-2025 10:06
Black Round Rotten,black_round_rotten_IMG_20250418_153727_TIMEBURST11_2749_rotate_iter5.jpg,JPG,1010x1010,24,Xiaomi,2312DRAABI,72,f/0.0,61,Daylight,16,29-05-2025 10:06
Black Round Rotten,black_round_rotten_IMG_20250418_153727_TIMEBURST12_3232_rgb_shift_iter5.jpg,JPG,981x981,24,Xiaomi,2312DRAABI,72,f/0.0,61,Daylight,16,29-05-2025 10:06
Black Round Rotten,black_round_rotten_IMG_20250418_153727_TIMEBURST11_2749_horizontal_flip_iter5.jpg,JPG,1010x1010,24,Xiaomi,2312DRAABI,72,f/0.0,60,Daylight,16,29-05-2025 10:06
Black Round Rotten,black_round_rotten_IMG_20250418_153727_TIMEBURST14_2908_rgb_shift_iter1.jpg,JPG,1454x1454,24,Xiaomi,2312DRAABI,72,f/0.0,60,Daylight,16,29-05-2025 10:06
Black Round Rotten,black_round_rotten_IMG_20250418_153727_TIMEBURST13_2641_rotate_iter2.jpg,JPG,1120x1120,24,Xiaomi,2312DRAABI,72,f/0.0,59,Daylight,16,29-05-2025 10:06
Black Round Rotten,black_round_rotten_IMG_20250418_153727_TIMEBURST11_2749_brightness_contrast_iter5.jpg,JPG,1010x1010,24,Xiaomi,2312DRAABI,72,f/0.0,60,Daylight,16,29-05-2025 10:06
Black Round Rotten,black_round_rotten_IMG_20250418_153727_TIMEBURST13_2641_horizontal_flip_iter2.jpg,JPG,1120x1120,24,Xiaomi,2312DRAABI,72,f/0.0,60,Daylight,16,29-05-2025 10:06
Black Round Rotten,black_round_rotten_IMG_20250418_153727_TIMEBURST11_2749_gamma_iter5.jpg,JPG,1010x1010,24,Xiaomi,2312DRAABI,72,f/0.0,61,Daylight,16,29-05-2025 10:06
Black Round Rotten,black_round_rotten_IMG_20250418_153727_TIMEBURST14_2908_rotate_iter2.jpg,JPG,1454x1454,24,Xiaomi,2312DRAABI,72,f/0.0,60,Daylight,16,29-05-2025 10:06
Black Round Rotten,black_round_rotten_IMG_20250418_153727_TIMEBURST13_2641_brightness_contrast_iter2.jpg,JPG,1120x1120,24,Xiaomi,2312DRAABI,72,f/0.0,60,Daylight,16,29-05-2025 10:06
Black Round Rotten,black_round_rotten_IMG_20250418_153727_TIMEBURST11_2749_rgb_shift_iter5.jpg,JPG,1010x1010,24,Xiaomi,2312DRAABI,72,f/0.0,60,Daylight,16,29-05-2025 10:06
Black Round Rotten,black_round_rotten_IMG_20250418_153727_TIMEBURST13_2641_gamma_iter2.jpg,JPG,1120x1120,24,Xiaomi,2312DRAABI,72,f/0.0,60,Daylight,16,29-05-2025 10:06
Black Round Rotten,black_round_rotten_IMG_20250418_153727_TIMEBURST14_2908_horizontal_flip_iter2.jpg,JPG,1454x1454,24,Xiaomi,2312DRAABI,72,f/0.0,63,Daylight,16,29-05-2025 10:06
Black Round Rotten,black_round_rotten_IMG_20250418_153727_TIMEBURST13_2641_rgb_shift_iter2.jpg,JPG,1120x1120,24,Xiaomi,2312DRAABI,72,f/0.0,65,Daylight,16,29-05-2025 10:06
Black Round Rotten,black_round_rotten_IMG_20250418_153727_TIMEBURST14_2908_brightness_contrast_iter2.jpg,JPG,1454x1454,24,Xiaomi,2312DRAABI,72,f/0.0,65,Daylight,16,29-05-2025 10:06
Black Round Rotten,black_round_rotten_IMG_20250418_153727_TIMEBURST13_2641_rotate_iter3.jpg,JPG,1120x1120,24,Xiaomi,2312DRAABI,72,f/0.0,67,Daylight,16,29-05-2025 10:06
Black Round Rotten,black_round_rotten_IMG_20250418_153727_TIMEBURST14_2908_gamma_iter2.jpg,JPG,1454x1454,24,Xiaomi,2312DRAABI,72,f/0.0,75,Daylight,16,29-05-2025 10:06
Black Round Rotten,black_round_rotten_IMG_20250418_153727_TIMEBURST13_2641_horizontal_flip_iter3.jpg,JPG,1120x1120,24,Xiaomi,2312DRAABI,72,f/0.0,60,Daylight,16,29-05-2025 10:06
Black Round Rotten,black_round_rotten_IMG_20250418_153727_TIMEBURST13_2641_brightness_contrast_iter3.jpg,JPG,1120x1120,24,Xiaomi,2312DRAABI,72,f/0.0,67,Daylight,16,29-05-2025 10:06
Black Round Rotten,black_round_rotten_IMG_20250418_153727_TIMEBURST14_2908_rgb_shift_iter2.jpg,JPG,1454x1454,24,Xiaomi,2312DRAABI,72,f/0.0,72,Daylight,16,29-05-2025 10:06
Black Round Rotten,black_round_rotten_IMG_20250418_153727_TIMEBURST13_2641_gamma_iter3.jpg,JPG,1120x1120,24,Xiaomi,2312DRAABI,72,f/0.0,69,Daylight,16,29-05-2025 10:06
Black Round Rotten,black_round_rotten_IMG_20250418_153727_TIMEBURST14_2908_rotate_iter3.jpg,JPG,1454x1454,24,Xiaomi,2312DRAABI,72,f/0.0,69,Daylight,16,29-05-2025 10:06
Black Round Rotten,black_round_rotten_IMG_20250418_153727_TIMEBURST13_2641_rgb_shift_iter3.jpg,JPG,1120x1120,24,Xiaomi,2312DRAABI,72,f/0.0,67,Daylight,16,29-05-2025 10:06
Black Round Rotten,black_round_rotten_IMG_20250418_153727_TIMEBURST14_2908_horizontal_flip_iter3.jpg,JPG,1454x1454,24,Xiaomi,2312DRAABI,72,f/0.0,69,Daylight,16,29-05-2025 10:06
Black Round Rotten,black_round_rotten_IMG_20250418_153727_TIMEBURST13_2641_rotate_iter4.jpg,JPG,1120x1120,24,Xiaomi,2312DRAABI,72,f/0.0,69,Daylight,16,29-05-2025 10:06
Black Round Rotten,black_round_rotten_IMG_20250418_153727_TIMEBURST14_2908_brightness_contrast_iter3.jpg,JPG,1454x1454,24,Xiaomi,2312DRAABI,72,f/0.0,69,Daylight,16,29-05-2025 10:06
Black Round Rotten,black_round_rotten_IMG_20250418_153727_TIMEBURST14_2908_gamma_iter3.jpg,JPG,1454x1454,24,Xiaomi,2312DRAABI,72,f/0.0,69,Daylight,16,29-05-2025 10:06
Black Round Rotten,black_round_rotten_IMG_20250418_153727_TIMEBURST13_2641_horizontal_flip_iter4.jpg,JPG,1120x1120,24,Xiaomi,2312DRAABI,72,f/0.0,69,Daylight,16,29-05-2025 10:06
Black Round Rotten,black_round_rotten_IMG_20250418_153727_TIMEBURST13_2641_brightness_contrast_iter4.jpg,JPG,1120x1120,24,Xiaomi,2312DRAABI,72,f/0.0,72,Daylight,16,29-05-2025 10:06
Black Round Rotten,black_round_rotten_IMG_20250418_153727_TIMEBURST13_2641_gamma_iter4.jpg,JPG,1120x1120,24,Xiaomi,2312DRAABI,72,f/0.0,69,Daylight,16,29-05-2025 10:06
Black Round Rotten,black_round_rotten_IMG_20250418_153727_TIMEBURST14_2908_rgb_shift_iter3.jpg,JPG,1454x1454,24,Xiaomi,2312DRAABI,72,f/0.0,69,Daylight,16,29-05-2025 10:06
Black Round Rotten,black_round_rotten_IMG_20250418_153727_TIMEBURST13_2641_rgb_shift_iter4.jpg,JPG,1120x1120,24,Xiaomi,2312DRAABI,72,f/0.0,72,Daylight,16,29-05-2025 10:06
Black Round Rotten,black_round_rotten_IMG_20250418_153727_TIMEBURST14_2908_rotate_iter4.jpg,JPG,1454x1454,24,Xiaomi,2312DRAABI,72,f/0.0,72,Daylight,16,29-05-2025 10:06
Black Round Rotten,black_round_rotten_IMG_20250418_153727_TIMEBURST13_2641_rotate_iter5.jpg,JPG,1120x1120,24,Xiaomi,2312DRAABI,72,f/0.0,75,Daylight,16,29-05-2025 10:06
Black Round Rotten,black_round_rotten_IMG_20250418_153727_TIMEBURST13_2641_horizontal_flip_iter5.jpg,JPG,1120x1120,24,Xiaomi,2312DRAABI,72,f/0.0,74,Daylight,16,29-05-2025 10:06
Black Round Rotten,black_round_rotten_IMG_20250418_153727_TIMEBURST14_2908_horizontal_flip_iter4.jpg,JPG,1454x1454,24,Xiaomi,2312DRAABI,72,f/0.0,75,Daylight,16,29-05-2025 10:06
Black Round Rotten,black_round_rotten_IMG_20250418_153727_TIMEBURST13_2641_brightness_contrast_iter5.jpg,JPG,1120x1120,24,Xiaomi,2312DRAABI,72,f/0.0,77,Daylight,16,29-05-2025 10:06
Black Round Rotten,black_round_rotten_IMG_20250418_153727_TIMEBURST14_2908_brightness_contrast_iter4.jpg,JPG,1454x1454,24,Xiaomi,2312DRAABI,72,f/0.0,75,Daylight,16,29-05-2025 10:06
Black Round Rotten,black_round_rotten_IMG_20250418_153727_TIMEBURST15_2785_rotate_iter1.jpg,JPG,1311x1311,24,Xiaomi,2312DRAABI,72,f/0.0,81,Daylight,16,29-05-2025 10:06
Black Round Rotten,black_round_rotten_IMG_20250418_153727_TIMEBURST13_2641_gamma_iter5.jpg,JPG,1120x1120,24,Xiaomi,2312DRAABI,72,f/0.0,71,Daylight,16,29-05-2025 10:06
Black Round Rotten,black_round_rotten_IMG_20250418_153727_TIMEBURST14_2908_gamma_iter4.jpg,JPG,1454x1454,24,Xiaomi,2312DRAABI,72,f/0.0,85,Daylight,16,29-05-2025 10:06
Black Round Rotten,black_round_rotten_IMG_20250418_153727_TIMEBURST15_2785_horizontal_flip_iter1.jpg,JPG,1311x1311,24,Xiaomi,2312DRAABI,72,f/0.0,85,Daylight,16,29-05-2025 10:06
Black Round Rotten,black_round_rotten_IMG_20250418_153727_TIMEBURST13_2641_rgb_shift_iter5.jpg,JPG,1120x1120,24,Xiaomi,2312DRAABI,72,f/0.0,85,Daylight,16,29-05-2025 10:06
Black Round Rotten,black_round_rotten_IMG_20250418_153727_TIMEBURST15_2785_brightness_contrast_iter1.jpg,JPG,1311x1311,24,Xiaomi,2312DRAABI,72,f/0.0,84,Daylight,16,29-05-2025 10:06
Black Round Rotten,black_round_rotten_IMG_20250418_153727_TIMEBURST14_2908_rgb_shift_iter4.jpg,JPG,1454x1454,24,Xiaomi,2312DRAABI,72,f/0.0,85,Daylight,16,29-05-2025 10:06
Black Round Rotten,black_round_rotten_IMG_20250418_153727_TIMEBURST15_2785_gamma_iter1.jpg,JPG,1311x1311,24,Xiaomi,2312DRAABI,72,f/0.0,85,Daylight,16,29-05-2025 10:06
Black Round Rotten,black_round_rotten_IMG_20250418_153727_TIMEBURST14_2908_rotate_iter5.jpg,JPG,1454x1454,24,Xiaomi,2312DRAABI,72,f/0.0,85,Daylight,16,29-05-2025 10:06
Black Round Rotten,black_round_rotten_IMG_20250418_153727_TIMEBURST15_2785_rgb_shift_iter1.jpg,JPG,1311x1311,24,Xiaomi,2312DRAABI,72,f/0.0,85,Daylight,16,29-05-2025 10:06
Black Round Rotten,black_round_rotten_IMG_20250418_153727_TIMEBURST14_2908_horizontal_flip_iter5.jpg,JPG,1454x1454,24,Xiaomi,2312DRAABI,72,f/0.0,89,Daylight,16,29-05-2025 10:06
Black Round Rotten,black_round_rotten_IMG_20250418_153727_TIMEBURST15_2785_rotate_iter2.jpg,JPG,1311x1311,24,Xiaomi,2312DRAABI,72,f/0.0,85,Daylight,16,29-05-2025 10:06
Black Round Rotten,black_round_rotten_IMG_20250418_153727_TIMEBURST14_2908_brightness_contrast_iter5.jpg,JPG,1454x1454,24,Xiaomi,2312DRAABI,72,f/0.0,89,Daylight,16,29-05-2025 10:06
Black Round Rotten,black_round_rotten_IMG_20250418_153727_TIMEBURST15_2785_horizontal_flip_iter2.jpg,JPG,1311x1311,24,Xiaomi,2312DRAABI,72,f/0.0,89,Daylight,16,29-05-2025 10:06
Black Round Rotten,black_round_rotten_IMG_20250418_153727_TIMEBURST14_2908_gamma_iter5.jpg,JPG,1454x1454,24,Xiaomi,2312DRAABI,72,f/0.0,86,Daylight,16,29-05-2025 10:06
Black Round Rotten,black_round_rotten_IMG_20250418_153727_TIMEBURST15_2785_brightness_contrast_iter2.jpg,JPG,1311x1311,24,Xiaomi,2312DRAABI,72,f/0.0,94,Daylight,16,29-05-2025 10:06
Black Round Rotten,black_round_rotten_IMG_20250418_153727_TIMEBURST15_2785_gamma_iter2.jpg,JPG,1311x1311,24,Xiaomi,2312DRAABI,72,f/0.0,86,Daylight,16,29-05-2025 10:06
Black Round Rotten,black_round_rotten_IMG_20250418_153727_TIMEBURST14_2908_rgb_shift_iter5.jpg,JPG,1454x1454,24,Xiaomi,2312DRAABI,72,f/0.0,150,Daylight,16,29-05-2025 10:06
Black Round Rotten,black_round_rotten_IMG_20250418_153727_TIMEBURST15_2785_rgb_shift_iter2.jpg,JPG,1311x1311,24,Xiaomi,2312DRAABI,72,f/0.0,86,Daylight,16,29-05-2025 10:06
Black Round Rotten,black_round_rotten_IMG_20250418_153727_TIMEBURST15_2785_rotate_iter3.jpg,JPG,1311x1311,24,Xiaomi,2312DRAABI,72,f/0.0,150,Daylight,16,29-05-2025 10:06
Black Round Rotten,black_round_rotten_IMG_20250418_153727_TIMEBURST15_2785_horizontal_flip_iter3.jpg,JPG,1311x1311,24,Xiaomi,2312DRAABI,72,f/0.0,86,Daylight,16,29-05-2025 10:06
Black Round Rotten,black_round_rotten_IMG_20250418_153727_TIMEBURST15_2785_brightness_contrast_iter3.jpg,JPG,1311x1311,24,Xiaomi,2312DRAABI,72,f/0.0,150,Daylight,16,29-05-2025 10:06
Black Round Rotten,black_round_rotten_IMG_20250418_153727_TIMEBURST15_2785_gamma_iter3.jpg,JPG,1311x1311,24,Xiaomi,2312DRAABI,72,f/0.0,79,Daylight,16,29-05-2025 10:06
Black Round Rotten,black_round_rotten_IMG_20250418_153727_TIMEBURST16_2674_rotate_iter1.jpg,JPG,1315x1315,24,Xiaomi,2312DRAABI,72,f/0.0,79,Daylight,16,29-05-2025 10:06
Black Round Rotten,black_round_rotten_IMG_20250418_153727_TIMEBURST16_2674_horizontal_flip_iter1.jpg,JPG,1315x1315,24,Xiaomi,2312DRAABI,72,f/0.0,79,Daylight,16,29-05-2025 10:06
Black Round Rotten,black_round_rotten_IMG_20250418_153727_TIMEBURST15_2785_rgb_shift_iter3.jpg,JPG,1311x1311,24,Xiaomi,2312DRAABI,72,f/0.0,150,Daylight,16,29-05-2025 10:06
Black Round Rotten,black_round_rotten_IMG_20250418_153727_TIMEBURST16_2674_brightness_contrast_iter1.jpg,JPG,1315x1315,24,Xiaomi,2312DRAABI,72,f/0.0,79,Daylight,16,29-05-2025 10:06
Black Round Rotten,black_round_rotten_IMG_20250418_153727_TIMEBURST15_2785_rotate_iter4.jpg,JPG,1311x1311,24,Xiaomi,2312DRAABI,72,f/0.0,79,Daylight,16,29-05-2025 10:06
Black Round Rotten,black_round_rotten_IMG_20250418_153727_TIMEBURST16_2674_gamma_iter1.jpg,JPG,1315x1315,24,Xiaomi,2312DRAABI,72,f/0.0,79,Daylight,16,29-05-2025 10:06
Black Round Rotten,black_round_rotten_IMG_20250418_153727_TIMEBURST15_2785_horizontal_flip_iter4.jpg,JPG,1311x1311,24,Xiaomi,2312DRAABI,72,f/0.0,88,Daylight,16,29-05-2025 10:06
Black Round Rotten,black_round_rotten_IMG_20250418_153727_TIMEBURST15_2785_brightness_contrast_iter4.jpg,JPG,1311x1311,24,Xiaomi,2312DRAABI,72,f/0.0,85,Daylight,16,29-05-2025 10:06
Black Round Rotten,black_round_rotten_IMG_20250418_153727_TIMEBURST16_2674_rgb_shift_iter1.jpg,JPG,1315x1315,24,Xiaomi,2312DRAABI,72,f/0.0,87,Daylight,16,29-05-2025 10:06
Black Round Rotten,black_round_rotten_IMG_20250418_153727_TIMEBURST15_2785_gamma_iter4.jpg,JPG,1311x1311,24,Xiaomi,2312DRAABI,72,f/0.0,88,Daylight,16,29-05-2025 10:06
Black Round Rotten,black_round_rotten_IMG_20250418_153727_TIMEBURST16_2674_rotate_iter2.jpg,JPG,1315x1315,24,Xiaomi,2312DRAABI,72,f/0.0,79,Daylight,16,29-05-2025 10:06
Black Round Rotten,black_round_rotten_IMG_20250418_153727_TIMEBURST16_2674_horizontal_flip_iter2.jpg,JPG,1315x1315,24,Xiaomi,2312DRAABI,72,f/0.0,81,Daylight,16,29-05-2025 10:06
Black Round Rotten,black_round_rotten_IMG_20250418_153727_TIMEBURST15_2785_rgb_shift_iter4.jpg,JPG,1311x1311,24,Xiaomi,2312DRAABI,72,f/0.0,81,Daylight,16,29-05-2025 10:06
Black Round Rotten,black_round_rotten_IMG_20250418_153727_TIMEBURST16_2674_brightness_contrast_iter2.jpg,JPG,1315x1315,24,Xiaomi,2312DRAABI,72,f/0.0,96,Daylight,16,29-05-2025 10:06
Black Round Rotten,black_round_rotten_IMG_20250418_153727_TIMEBURST15_2785_rotate_iter5.jpg,JPG,1311x1311,24,Xiaomi,2312DRAABI,72,f/0.0,81,Daylight,16,29-05-2025 10:06
Black Round Rotten,black_round_rotten_IMG_20250418_153727_TIMEBURST16_2674_gamma_iter2.jpg,JPG,1315x1315,24,Xiaomi,2312DRAABI,72,f/0.0,132,Daylight,16,29-05-2025 10:06
Black Round Rotten,black_round_rotten_IMG_20250418_153727_TIMEBURST15_2785_horizontal_flip_iter5.jpg,JPG,1311x1311,24,Xiaomi,2312DRAABI,72,f/0.0,116,Daylight,16,29-05-2025 10:06
Black Round Rotten,black_round_rotten_IMG_20250418_153727_TIMEBURST15_2785_brightness_contrast_iter5.jpg,JPG,1311x1311,24,Xiaomi,2312DRAABI,72,f/0.0,116,Daylight,16,29-05-2025 10:06
Black Round Rotten,black_round_rotten_IMG_20250418_153727_TIMEBURST16_2674_rgb_shift_iter2.jpg,JPG,1315x1315,24,Xiaomi,2312DRAABI,72,f/0.0,116,Daylight,16,29-05-2025 10:06
Black Round Rotten,black_round_rotten_IMG_20250418_153727_TIMEBURST15_2785_gamma_iter5.jpg,JPG,1311x1311,24,Xiaomi,2312DRAABI,72,f/0.0,81,Daylight,16,29-05-2025 10:06
Black Round Rotten,black_round_rotten_IMG_20250418_153727_TIMEBURST16_2674_rotate_iter3.jpg,JPG,1315x1315,24,Xiaomi,2312DRAABI,72,f/0.0,116,Daylight,16,29-05-2025 10:06
Black Round Rotten,black_round_rotten_IMG_20250418_153727_TIMEBURST16_2674_horizontal_flip_iter3.jpg,JPG,1315x1315,24,Xiaomi,2312DRAABI,72,f/0.0,116,Daylight,16,29-05-2025 10:06
Black Round Rotten,black_round_rotten_IMG_20250418_153727_TIMEBURST15_2785_rgb_shift_iter5.jpg,JPG,1311x1311,24,Xiaomi,2312DRAABI,72,f/0.0,116,Daylight,16,29-05-2025 10:06
Black Round Rotten,black_round_rotten_IMG_20250418_153727_TIMEBURST16_2674_brightness_contrast_iter3.jpg,JPG,1315x1315,24,Xiaomi,2312DRAABI,72,f/0.0,116,Daylight,16,29-05-2025 10:06
Black Round Rotten,black_round_rotten_IMG_20250418_153727_TIMEBURST17_2892_rotate_iter1.jpg,JPG,1179x1179,24,Xiaomi,2312DRAABI,72,f/0.0,116,Daylight,16,29-05-2025 10:06
Black Round Rotten,black_round_rotten_IMG_20250418_153727_TIMEBURST17_2892_horizontal_flip_iter1.jpg,JPG,1179x1179,24,Xiaomi,2312DRAABI,72,f/0.0,116,Daylight,16,29-05-2025 10:06
Black Round Rotten,black_round_rotten_IMG_20250418_153727_TIMEBURST16_2674_gamma_iter3.jpg,JPG,1315x1315,24,Xiaomi,2312DRAABI,72,f/0.0,116,Daylight,16,29-05-2025 10:06
Black Round Rotten,black_round_rotten_IMG_20250418_153727_TIMEBURST17_2892_brightness_contrast_iter1.jpg,JPG,1179x1179,24,Xiaomi,2312DRAABI,72,f/0.0,116,Daylight,16,29-05-2025 10:06
Black Round Rotten,black_round_rotten_IMG_20250418_153727_TIMEBURST16_2674_rgb_shift_iter3.jpg,JPG,1315x1315,24,Xiaomi,2312DRAABI,72,f/0.0,89,Daylight,16,29-05-2025 10:06
Black Round Rotten,black_round_rotten_IMG_20250418_153727_TIMEBURST17_2892_gamma_iter1.jpg,JPG,1179x1179,24,Xiaomi,2312DRAABI,72,f/0.0,116,Daylight,16,29-05-2025 10:06
Black Round Rotten,black_round_rotten_IMG_20250418_153727_TIMEBURST16_2674_rotate_iter4.jpg,JPG,1315x1315,24,Xiaomi,2312DRAABI,72,f/0.0,116,Daylight,16,29-05-2025 10:06
Black Round Rotten,black_round_rotten_IMG_20250418_153727_TIMEBURST17_2892_rgb_shift_iter1.jpg,JPG,1179x1179,24,Xiaomi,2312DRAABI,72,f/0.0,143,Daylight,16,29-05-2025 10:06
Black Round Rotten,black_round_rotten_IMG_20250418_153727_TIMEBURST16_2674_horizontal_flip_iter4.jpg,JPG,1315x1315,24,Xiaomi,2312DRAABI,72,f/0.0,85,Daylight,16,29-05-2025 10:06
Black Round Rotten,black_round_rotten_IMG_20250418_153727_TIMEBURST16_2674_brightness_contrast_iter4.jpg,JPG,1315x1315,24,Xiaomi,2312DRAABI,72,f/0.0,81,Daylight,16,29-05-2025 10:06
Black Round Rotten,black_round_rotten_IMG_20250418_153727_TIMEBURST17_2892_rotate_iter2.jpg,JPG,1179x1179,24,Xiaomi,2312DRAABI,72,f/0.0,81,Daylight,16,29-05-2025 10:06
Black Round Rotten,black_round_rotten_IMG_20250418_153727_TIMEBURST16_2674_gamma_iter4.jpg,JPG,1315x1315,24,Xiaomi,2312DRAABI,72,f/0.0,85,Daylight,16,29-05-2025 10:06
Black Round Rotten,black_round_rotten_IMG_20250418_153727_TIMEBURST17_2892_horizontal_flip_iter2.jpg,JPG,1179x1179,24,Xiaomi,2312DRAABI,72,f/0.0,50,Daylight,16,29-05-2025 10:06
Black Round Rotten,black_round_rotten_IMG_20250418_153727_TIMEBURST17_2892_brightness_contrast_iter2.jpg,JPG,1179x1179,24,Xiaomi,2312DRAABI,72,f/0.0,50,Daylight,16,29-05-2025 10:06
Black Round Rotten,black_round_rotten_IMG_20250418_153727_TIMEBURST16_2674_rgb_shift_iter4.jpg,JPG,1315x1315,24,Xiaomi,2312DRAABI,72,f/0.0,50,Daylight,16,29-05-2025 10:06
Black Round Rotten,black_round_rotten_IMG_20250418_153727_TIMEBURST17_2892_gamma_iter2.jpg,JPG,1179x1179,24,Xiaomi,2312DRAABI,72,f/0.0,50,Daylight,16,29-05-2025 10:06
Black Round Rotten,black_round_rotten_IMG_20250418_153727_TIMEBURST18_3360_rotate_iter1.jpg,JPG,1233x1233,24,Xiaomi,2312DRAABI,72,f/0.0,50,Daylight,16,29-05-2025 10:06
Black Round Rotten,black_round_rotten_IMG_20250418_153727_TIMEBURST16_2674_rotate_iter5.jpg,JPG,1315x1315,24,Xiaomi,2312DRAABI,72,f/0.0,50,Daylight,16,29-05-2025 10:06
Black Round Rotten,black_round_rotten_IMG_20250418_153727_TIMEBURST19_2876_rotate_iter1.jpg,JPG,1373x1373,24,Xiaomi,2312DRAABI,72,f/0.0,52,Daylight,16,29-05-2025 10:06
Black Round Rotten,black_round_rotten_IMG_20250418_153727_TIMEBURST16_2674_horizontal_flip_iter5.jpg,JPG,1315x1315,24,Xiaomi,2312DRAABI,72,f/0.0,50,Daylight,16,29-05-2025 10:06
Black Round Rotten,black_round_rotten_IMG_20250418_153727_TIMEBURST17_2892_rgb_shift_iter2.jpg,JPG,1179x1179,24,Xiaomi,2312DRAABI,72,f/0.0,57,Daylight,16,29-05-2025 10:06
Black Round Rotten,black_round_rotten_IMG_20250418_153727_TIMEBURST18_3360_horizontal_flip_iter1.jpg,JPG,1233x1233,24,Xiaomi,2312DRAABI,72,f/0.0,54,Daylight,16,29-05-2025 10:06
Black Round Rotten,black_round_rotten_IMG_20250418_153727_TIMEBURST18_3360_brightness_contrast_iter1.jpg,JPG,1233x1233,24,Xiaomi,2312DRAABI,72,f/0.0,54,Daylight,16,29-05-2025 10:06
Black Round Rotten,black_round_rotten_IMG_20250418_153727_TIMEBURST17_2892_rotate_iter3.jpg,JPG,1179x1179,24,Xiaomi,2312DRAABI,72,f/0.0,57,Daylight,16,29-05-2025 10:06
Black Round Rotten,black_round_rotten_IMG_20250418_153727_TIMEBURST19_2876_horizontal_flip_iter1.jpg,JPG,1373x1373,24,Xiaomi,2312DRAABI,72,f/0.0,56,Daylight,16,29-05-2025 10:06
Black Round Rotten,black_round_rotten_IMG_20250418_153727_TIMEBURST16_2674_brightness_contrast_iter5.jpg,JPG,1315x1315,24,Xiaomi,2312DRAABI,72,f/0.0,56,Daylight,16,29-05-2025 10:06
Black Round Rotten,black_round_rotten_IMG_20250418_153727_TIMEBURST18_3360_gamma_iter1.jpg,JPG,1233x1233,24,Xiaomi,2312DRAABI,72,f/0.0,56,Daylight,16,29-05-2025 10:06
Black Round Rotten,black_round_rotten_IMG_20250418_153727_TIMEBURST17_2892_horizontal_flip_iter3.jpg,JPG,1179x1179,24,Xiaomi,2312DRAABI,72,f/0.0,57,Daylight,16,29-05-2025 10:06
Black Round Rotten,black_round_rotten_IMG_20250418_153727_TIMEBURST19_2876_brightness_contrast_iter1.jpg,JPG,1373x1373,24,Xiaomi,2312DRAABI,72,f/0.0,50,Daylight,16,29-05-2025 10:06
Black Round Rotten,black_round_rotten_IMG_20250418_153727_TIMEBURST16_2674_gamma_iter5.jpg,JPG,1315x1315,24,Xiaomi,2312DRAABI,72,f/0.0,53,Daylight,16,29-05-2025 10:06
Black Round Rotten,black_round_rotten_IMG_20250418_153727_TIMEBURST17_2892_brightness_contrast_iter3.jpg,JPG,1179x1179,24,Xiaomi,2312DRAABI,72,f/0.0,57,Daylight,16,29-05-2025 10:06
Black Round Rotten,black_round_rotten_IMG_20250418_153727_TIMEBURST19_2876_gamma_iter1.jpg,JPG,1373x1373,24,Xiaomi,2312DRAABI,72,f/0.0,52,Daylight,16,29-05-2025 10:06
Black Round Rotten,black_round_rotten_IMG_20250418_153727_TIMEBURST18_3360_rgb_shift_iter1.jpg,JPG,1233x1233,24,Xiaomi,2312DRAABI,72,f/0.0,57,Daylight,16,29-05-2025 10:06
Black Round Rotten,black_round_rotten_IMG_20250418_153727_TIMEBURST16_2674_rgb_shift_iter5.jpg,JPG,1315x1315,24,Xiaomi,2312DRAABI,72,f/0.0,57,Daylight,16,29-05-2025 10:06
Black Round Rotten,black_round_rotten_IMG_20250418_153727_TIMEBURST17_2892_gamma_iter3.jpg,JPG,1179x1179,24,Xiaomi,2312DRAABI,72,f/0.0,52,Daylight,16,29-05-2025 10:06
Black Round Rotten,black_round_rotten_IMG_20250418_153727_TIMEBURST18_3360_rotate_iter2.jpg,JPG,1233x1233,24,Xiaomi,2312DRAABI,72,f/0.0,61,Daylight,16,29-05-2025 10:06
Black Round Rotten,black_round_rotten_IMG_20250418_153727_TIMEBURST19_2876_rgb_shift_iter1.jpg,JPG,1373x1373,24,Xiaomi,2312DRAABI,72,f/0.0,61,Daylight,16,29-05-2025 10:06
Black Round Rotten,black_round_rotten_IMG_20250418_153727_TIMEBURST17_2892_rgb_shift_iter3.jpg,JPG,1179x1179,24,Xiaomi,2312DRAABI,72,f/0.0,60,Daylight,16,29-05-2025 10:06
Black Round Rotten,black_round_rotten_IMG_20250418_153727_TIMEBURST18_3360_horizontal_flip_iter2.jpg,JPG,1233x1233,24,Xiaomi,2312DRAABI,72,f/0.0,60,Daylight,16,29-05-2025 10:06
Black Round Rotten,black_round_rotten_IMG_20250418_153727_TIMEBURST18_3360_brightness_contrast_iter2.jpg,JPG,1233x1233,24,Xiaomi,2312DRAABI,72,f/0.0,59,Daylight,16,29-05-2025 10:06
Black Round Rotten,black_round_rotten_IMG_20250418_153727_TIMEBURST19_2876_rotate_iter2.jpg,JPG,1373x1373,24,Xiaomi,2312DRAABI,72,f/0.0,60,Daylight,16,29-05-2025 10:06
Black Round Rotten,black_round_rotten_IMG_20250418_153727_TIMEBURST17_2892_rotate_iter4.jpg,JPG,1179x1179,24,Xiaomi,2312DRAABI,72,f/0.0,60,Daylight,16,29-05-2025 10:06
Black Round Rotten,black_round_rotten_IMG_20250418_153727_TIMEBURST17_2892_horizontal_flip_iter4.jpg,JPG,1179x1179,24,Xiaomi,2312DRAABI,72,f/0.0,61,Daylight,16,29-05-2025 10:06
Black Round Rotten,black_round_rotten_IMG_20250418_153727_TIMEBURST18_3360_gamma_iter2.jpg,JPG,1233x1233,24,Xiaomi,2312DRAABI,72,f/0.0,60,Daylight,16,29-05-2025 10:06
Black Round Rotten,black_round_rotten_IMG_20250418_153727_TIMEBURST19_2876_horizontal_flip_iter2.jpg,JPG,1373x1373,24,Xiaomi,2312DRAABI,72,f/0.0,60,Daylight,16,29-05-2025 10:06
Black Round Rotten,black_round_rotten_IMG_20250418_153727_TIMEBURST17_2892_brightness_contrast_iter4.jpg,JPG,1179x1179,24,Xiaomi,2312DRAABI,72,f/0.0,60,Daylight,16,29-05-2025 10:06
Black Round Rotten,black_round_rotten_IMG_20250418_153727_TIMEBURST18_3360_rgb_shift_iter2.jpg,JPG,1233x1233,24,Xiaomi,2312DRAABI,72,f/0.0,60,Daylight,16,29-05-2025 10:06
Black Round Rotten,black_round_rotten_IMG_20250418_153727_TIMEBURST19_2876_brightness_contrast_iter2.jpg,JPG,1373x1373,24,Xiaomi,2312DRAABI,72,f/0.0,63,Daylight,16,29-05-2025 10:06
Black Round Rotten,black_round_rotten_IMG_20250418_153727_TIMEBURST17_2892_gamma_iter4.jpg,JPG,1179x1179,24,Xiaomi,2312DRAABI,72,f/0.0,65,Daylight,16,29-05-2025 10:06
Black Round Rotten,black_round_rotten_IMG_20250418_153727_TIMEBURST19_2876_gamma_iter2.jpg,JPG,1373x1373,24,Xiaomi,2312DRAABI,72,f/0.0,65,Daylight,16,29-05-2025 10:06
Black Round Rotten,black_round_rotten_IMG_20250418_153727_TIMEBURST18_3360_rotate_iter3.jpg,JPG,1233x1233,24,Xiaomi,2312DRAABI,72,f/0.0,67,Daylight,16,29-05-2025 10:06
Black Round Rotten,black_round_rotten_IMG_20250418_153727_TIMEBURST17_2892_rgb_shift_iter4.jpg,JPG,1179x1179,24,Xiaomi,2312DRAABI,72,f/0.0,75,Daylight,16,29-05-2025 10:06
Black Round Rotten,black_round_rotten_IMG_20250418_153727_TIMEBURST18_3360_horizontal_flip_iter3.jpg,JPG,1233x1233,24,Xiaomi,2312DRAABI,72,f/0.0,60,Daylight,16,29-05-2025 10:06
Black Round Rotten,black_round_rotten_IMG_20250418_153727_TIMEBURST19_2876_rgb_shift_iter2.jpg,JPG,1373x1373,24,Xiaomi,2312DRAABI,72,f/0.0,67,Daylight,16,29-05-2025 10:06
Black Round Rotten,black_round_rotten_IMG_20250418_153727_TIMEBURST18_3360_brightness_contrast_iter3.jpg,JPG,1233x1233,24,Xiaomi,2312DRAABI,72,f/0.0,72,Daylight,16,29-05-2025 10:06
Black Round Rotten,black_round_rotten_IMG_20250418_153727_TIMEBURST17_2892_rotate_iter5.jpg,JPG,1179x1179,24,Xiaomi,2312DRAABI,72,f/0.0,69,Daylight,16,29-05-2025 10:06
Black Round Rotten,black_round_rotten_IMG_20250418_153727_TIMEBURST18_3360_gamma_iter3.jpg,JPG,1233x1233,24,Xiaomi,2312DRAABI,72,f/0.0,69,Daylight,16,29-05-2025 10:06
Black Round Rotten,black_round_rotten_IMG_20250418_153727_TIMEBURST19_2876_rotate_iter3.jpg,JPG,1373x1373,24,Xiaomi,2312DRAABI,72,f/0.0,67,Daylight,16,29-05-2025 10:06
Black Round Rotten,black_round_rotten_IMG_20250418_153727_TIMEBURST17_2892_horizontal_flip_iter5.jpg,JPG,1179x1179,24,Xiaomi,2312DRAABI,72,f/0.0,69,Daylight,16,29-05-2025 10:06
Black Round Rotten,black_round_rotten_IMG_20250418_153727_TIMEBURST17_2892_brightness_contrast_iter5.jpg,JPG,1179x1179,24,Xiaomi,2312DRAABI,72,f/0.0,69,Daylight,16,29-05-2025 10:06
Black Round Rotten,black_round_rotten_IMG_20250418_153727_TIMEBURST19_2876_horizontal_flip_iter3.jpg,JPG,1373x1373,24,Xiaomi,2312DRAABI,72,f/0.0,69,Daylight,16,29-05-2025 10:06
Black Round Rotten,black_round_rotten_IMG_20250418_153727_TIMEBURST18_3360_rgb_shift_iter3.jpg,JPG,1233x1233,24,Xiaomi,2312DRAABI,72,f/0.0,69,Daylight,16,29-05-2025 10:06
Black Round Rotten,black_round_rotten_IMG_20250418_153727_TIMEBURST17_2892_gamma_iter5.jpg,JPG,1179x1179,24,Xiaomi,2312DRAABI,72,f/0.0,69,Daylight,16,29-05-2025 10:06
Black Round Rotten,black_round_rotten_IMG_20250418_153727_TIMEBURST19_2876_brightness_contrast_iter3.jpg,JPG,1373x1373,24,Xiaomi,2312DRAABI,72,f/0.0,72,Daylight,16,29-05-2025 10:06
Black Round Rotten,black_round_rotten_IMG_20250418_153727_TIMEBURST18_3360_rotate_iter4.jpg,JPG,1233x1233,24,Xiaomi,2312DRAABI,72,f/0.0,69,Daylight,16,29-05-2025 10:06
Black Round Rotten,black_round_rotten_IMG_20250418_153727_TIMEBURST17_2892_rgb_shift_iter5.jpg,JPG,1179x1179,24,Xiaomi,2312DRAABI,72,f/0.0,69,Daylight,16,29-05-2025 10:06
Black Round Rotten,black_round_rotten_IMG_20250418_153727_TIMEBURST18_3360_horizontal_flip_iter4.jpg,JPG,1233x1233,24,Xiaomi,2312DRAABI,72,f/0.0,72,Daylight,16,29-05-2025 10:06
Black Round Rotten,black_round_rotten_IMG_20250418_153727_TIMEBURST19_2876_gamma_iter3.jpg,JPG,1373x1373,24,Xiaomi,2312DRAABI,72,f/0.0,72,Daylight,16,29-05-2025 10:06
Black Round Rotten,black_round_rotten_IMG_20250418_153727_TIMEBURST18_3360_brightness_contrast_iter4.jpg,JPG,1233x1233,24,Xiaomi,2312DRAABI,72,f/0.0,75,Daylight,16,29-05-2025 10:06
Black Round Rotten,black_round_rotten_IMG_20250418_153727_TIMEBURST19_2876_rgb_shift_iter3.jpg,JPG,1373x1373,24,Xiaomi,2312DRAABI,72,f/0.0,74,Daylight,16,29-05-2025 10:06
Black Round Rotten,black_round_rotten_IMG_20250418_153727_TIMEBURST18_3360_gamma_iter4.jpg,JPG,1233x1233,24,Xiaomi,2312DRAABI,72,f/0.0,75,Daylight,16,29-05-2025 10:06
Black Round Rotten,black_round_rotten_IMG_20250418_153727_TIMEBURST19_2876_rotate_iter4.jpg,JPG,1373x1373,24,Xiaomi,2312DRAABI,72,f/0.0,77,Daylight,16,29-05-2025 10:06
Black Round Rotten,black_round_rotten_IMG_20250418_153727_TIMEBURST18_3360_rgb_shift_iter4.jpg,JPG,1233x1233,24,Xiaomi,2312DRAABI,72,f/0.0,75,Daylight,16,29-05-2025 10:06
Black Round Rotten,black_round_rotten_IMG_20250418_153727_TIMEBURST19_2876_horizontal_flip_iter4.jpg,JPG,1373x1373,24,Xiaomi,2312DRAABI,72,f/0.0,81,Daylight,16,29-05-2025 10:06
Black Round Rotten,black_round_rotten_IMG_20250418_153727_TIMEBURST20_3345_rotate_iter1.jpg,JPG,1451x1451,24,Xiaomi,2312DRAABI,72,f/0.0,71,Daylight,16,29-05-2025 10:06
Black Round Rotten,black_round_rotten_IMG_20250418_153727_TIMEBURST18_3360_rotate_iter5.jpg,JPG,1233x1233,24,Xiaomi,2312DRAABI,72,f/0.0,85,Daylight,16,29-05-2025 10:06
Black Round Rotten,black_round_rotten_IMG_20250418_153727_TIMEBURST19_2876_brightness_contrast_iter4.jpg,JPG,1373x1373,24,Xiaomi,2312DRAABI,72,f/0.0,85,Daylight,16,29-05-2025 10:06
Black Round Rotten,black_round_rotten_IMG_20250418_153727_TIMEBURST20_3345_horizontal_flip_iter1.jpg,JPG,1451x1451,24,Xiaomi,2312DRAABI,72,f/0.0,85,Daylight,16,29-05-2025 10:06
Black Round Rotten,black_round_rotten_IMG_20250418_153727_TIMEBURST18_3360_horizontal_flip_iter5.jpg,JPG,1233x1233,24,Xiaomi,2312DRAABI,72,f/0.0,84,Daylight,16,29-05-2025 10:06
Black Round Rotten,black_round_rotten_IMG_20250418_153727_TIMEBURST19_2876_gamma_iter4.jpg,JPG,1373x1373,24,Xiaomi,2312DRAABI,72,f/0.0,85,Daylight,16,29-05-2025 10:06
Black Round Rotten,black_round_rotten_IMG_20250418_153727_TIMEBURST20_3345_brightness_contrast_iter1.jpg,JPG,1451x1451,24,Xiaomi,2312DRAABI,72,f/0.0,85,Daylight,16,29-05-2025 10:06
Black Round Rotten,black_round_rotten_IMG_20250418_153727_TIMEBURST18_3360_brightness_contrast_iter5.jpg,JPG,1233x1233,24,Xiaomi,2312DRAABI,72,f/0.0,85,Daylight,16,29-05-2025 10:06
Black Round Rotten,black_round_rotten_IMG_20250418_153727_TIMEBURST19_2876_rgb_shift_iter4.jpg,JPG,1373x1373,24,Xiaomi,2312DRAABI,72,f/0.0,85,Daylight,16,29-05-2025 10:06
Black Round Rotten,black_round_rotten_IMG_20250418_153727_TIMEBURST20_3345_gamma_iter1.jpg,JPG,1451x1451,24,Xiaomi,2312DRAABI,72,f/0.0,89,Daylight,16,29-05-2025 10:06
Black Round Rotten,black_round_rotten_IMG_20250418_153727_TIMEBURST18_3360_gamma_iter5.jpg,JPG,1233x1233,24,Xiaomi,2312DRAABI,72,f/0.0,85,Daylight,16,29-05-2025 10:06
Black Round Rotten,black_round_rotten_IMG_20250418_153727_TIMEBURST18_3360_rgb_shift_iter5.jpg,JPG,1233x1233,24,Xiaomi,2312DRAABI,72,f/0.0,89,Daylight,16,29-05-2025 10:06
Black Round Rotten,black_round_rotten_IMG_20250418_153727_TIMEBURST19_2876_rotate_iter5.jpg,JPG,1373x1373,24,Xiaomi,2312DRAABI,72,f/0.0,89,Daylight,16,29-05-2025 10:06
Black Round Rotten,black_round_rotten_IMG_20250418_153727_TIMEBURST20_3345_rgb_shift_iter1.jpg,JPG,1451x1451,24,Xiaomi,2312DRAABI,72,f/0.0,86,Daylight,16,29-05-2025 10:06
Black Round Rotten,black_round_rotten_IMG_20250418_153727_TIMEBURST19_2876_horizontal_flip_iter5.jpg,JPG,1373x1373,24,Xiaomi,2312DRAABI,72,f/0.0,94,Daylight,16,29-05-2025 10:06
Black Round Rotten,black_round_rotten_IMG_20250418_153727_TIMEBURST20_3345_horizontal_flip_iter2.jpg,JPG,1451x1451,24,Xiaomi,2312DRAABI,72,f/0.0,86,Daylight,16,29-05-2025 10:06
Black Round Rotten,black_round_rotten_IMG_20250418_153727_TIMEBURST19_2876_brightness_contrast_iter5.jpg,JPG,1373x1373,24,Xiaomi,2312DRAABI,72,f/0.0,150,Daylight,16,29-05-2025 10:06
Black Round Rotten,black_round_rotten_IMG_20250418_153727_TIMEBURST20_3345_rotate_iter2.jpg,JPG,1451x1451,24,Xiaomi,2312DRAABI,72,f/0.0,86,Daylight,16,29-05-2025 10:06
Black Round Rotten,black_round_rotten_IMG_20250418_153727_TIMEBURST19_2876_gamma_iter5.jpg,JPG,1373x1373,24,Xiaomi,2312DRAABI,72,f/0.0,150,Daylight,16,29-05-2025 10:06
Black Round Rotten,black_round_rotten_IMG_20250418_153727_TIMEBURST19_2876_rgb_shift_iter5.jpg,JPG,1373x1373,24,Xiaomi,2312DRAABI,72,f/0.0,86,Daylight,16,29-05-2025 10:06
Black Round Rotten,black_round_rotten_IMG_20250418_153727_TIMEBURST20_3345_brightness_contrast_iter2.jpg,JPG,1451x1451,24,Xiaomi,2312DRAABI,72,f/0.0,150,Daylight,16,29-05-2025 10:06
Black Round Rotten,black_round_rotten_IMG_20250418_153727_TIMEBURST20_3345_gamma_iter2.jpg,JPG,1451x1451,24,Xiaomi,2312DRAABI,72,f/0.0,79,Daylight,16,29-05-2025 10:06
Black Round Rotten,black_round_rotten_IMG_20250418_153809_TIMEBURST1_2924_rotate_iter1.jpg,JPG,1616x1616,24,Xiaomi,2312DRAABI,72,f/0.0,79,Daylight,16,29-05-2025 10:06
Black Round Rotten,black_round_rotten_IMG_20250418_153727_TIMEBURST20_3345_horizontal_flip_iter3.jpg,JPG,1451x1451,24,Xiaomi,2312DRAABI,72,f/0.0,79,Daylight,16,29-05-2025 10:06
Black Round Rotten,black_round_rotten_IMG_20250418_153727_TIMEBURST20_3345_rotate_iter3.jpg,JPG,1451x1451,24,Xiaomi,2312DRAABI,72,f/0.0,150,Daylight,16,29-05-2025 10:06
Black Round Rotten,black_round_rotten_IMG_20250418_153809_TIMEBURST1_2924_horizontal_flip_iter1.jpg,JPG,1616x1616,24,Xiaomi,2312DRAABI,72,f/0.0,79,Daylight,16,29-05-2025 10:06
Black Round Rotten,black_round_rotten_IMG_20250418_153809_TIMEBURST1_2924_gamma_iter1.jpg,JPG,1616x1616,24,Xiaomi,2312DRAABI,72,f/0.0,79,Daylight,16,29-05-2025 10:06
Black Round Rotten,black_round_rotten_IMG_20250418_153809_TIMEBURST1_2924_brightness_contrast_iter1.jpg,JPG,1616x1616,24,Xiaomi,2312DRAABI,72,f/0.0,79,Daylight,16,29-05-2025 10:06
Black Round Rotten,black_round_rotten_IMG_20250418_153727_TIMEBURST20_3345_rgb_shift_iter2.jpg,JPG,1451x1451,24,Xiaomi,2312DRAABI,72,f/0.0,88,Daylight,16,29-05-2025 10:06
Black Round Rotten,black_round_rotten_IMG_20250418_153727_TIMEBURST20_3345_gamma_iter3.jpg,JPG,1451x1451,24,Xiaomi,2312DRAABI,72,f/0.0,85,Daylight,16,29-05-2025 10:06
Black Round Rotten,black_round_rotten_IMG_20250418_153727_TIMEBURST20_3345_brightness_contrast_iter3.jpg,JPG,1451x1451,24,Xiaomi,2312DRAABI,72,f/0.0,87,Daylight,16,29-05-2025 10:06
Black Round Rotten,black_round_rotten_IMG_20250418_153809_TIMEBURST1_2924_rgb_shift_iter1.jpg,JPG,1616x1616,24,Xiaomi,2312DRAABI,72,f/0.0,88,Daylight,16,29-05-2025 10:06
Black Round Rotten,black_round_rotten_IMG_20250418_153727_TIMEBURST20_3345_rgb_shift_iter3.jpg,JPG,1451x1451,24,Xiaomi,2312DRAABI,72,f/0.0,79,Daylight,16,29-05-2025 10:06
Black Round Rotten,black_round_rotten_IMG_20250418_153809_TIMEBURST1_2924_rotate_iter2.jpg,JPG,1616x1616,24,Xiaomi,2312DRAABI,72,f/0.0,81,Daylight,16,29-05-2025 10:06
Black Round Rotten,black_round_rotten_IMG_20250418_153727_TIMEBURST20_3345_rotate_iter4.jpg,JPG,1451x1451,24,Xiaomi,2312DRAABI,72,f/0.0,81,Daylight,16,29-05-2025 10:06
Black Round Rotten,black_round_rotten_IMG_20250418_153809_TIMEBURST1_2924_horizontal_flip_iter2.jpg,JPG,1616x1616,24,Xiaomi,2312DRAABI,72,f/0.0,96,Daylight,16,29-05-2025 10:06
Black Round Rotten,black_round_rotten_IMG_20250418_153727_TIMEBURST20_3345_horizontal_flip_iter4.jpg,JPG,1451x1451,24,Xiaomi,2312DRAABI,72,f/0.0,81,Daylight,16,29-05-2025 10:06
Black Round Rotten,black_round_rotten_IMG_20250418_153727_TIMEBURST20_3345_brightness_contrast_iter4.jpg,JPG,1451x1451,24,Xiaomi,2312DRAABI,72,f/0.0,132,Daylight,16,29-05-2025 10:06
Black Round Rotten,black_round_rotten_IMG_20250418_153809_TIMEBURST1_2924_brightness_contrast_iter2.jpg,JPG,1616x1616,24,Xiaomi,2312DRAABI,72,f/0.0,116,Daylight,16,29-05-2025 10:06
Black Round Rotten,black_round_rotten_IMG_20250418_153727_TIMEBURST20_3345_gamma_iter4.jpg,JPG,1451x1451,24,Xiaomi,2312DRAABI,72,f/0.0,116,Daylight,16,29-05-2025 10:06
Black Round Rotten,black_round_rotten_IMG_20250418_153727_TIMEBURST20_3345_rgb_shift_iter4.jpg,JPG,1451x1451,24,Xiaomi,2312DRAABI,72,f/0.0,116,Daylight,16,29-05-2025 10:06
Black Round Rotten,black_round_rotten_IMG_20250418_153809_TIMEBURST1_2924_gamma_iter2.jpg,JPG,1616x1616,24,Xiaomi,2312DRAABI,72,f/0.0,81,Daylight,16,29-05-2025 10:06
Black Round Rotten,black_round_rotten_IMG_20250418_153809_TIMEBURST1_2924_rgb_shift_iter2.jpg,JPG,1616x1616,24,Xiaomi,2312DRAABI,72,f/0.0,116,Daylight,16,29-05-2025 10:06
Black Round Rotten,black_round_rotten_IMG_20250418_153727_TIMEBURST20_3345_rotate_iter5.jpg,JPG,1451x1451,24,Xiaomi,2312DRAABI,72,f/0.0,116,Daylight,16,29-05-2025 10:06
Black Round Rotten,black_round_rotten_IMG_20250418_153727_TIMEBURST20_3345_horizontal_flip_iter5.jpg,JPG,1451x1451,24,Xiaomi,2312DRAABI,72,f/0.0,116,Daylight,16,29-05-2025 10:06
Black Round Rotten,black_round_rotten_IMG_20250418_153727_TIMEBURST20_3345_brightness_contrast_iter5.jpg,JPG,1451x1451,24,Xiaomi,2312DRAABI,72,f/0.0,116,Daylight,16,29-05-2025 10:06
Black Round Rotten,black_round_rotten_IMG_20250418_153809_TIMEBURST1_2924_rotate_iter3.jpg,JPG,1616x1616,24,Xiaomi,2312DRAABI,72,f/0.0,116,Daylight,16,29-05-2025 10:06
Black Round Rotten,black_round_rotten_IMG_20250418_153727_TIMEBURST20_3345_gamma_iter5.jpg,JPG,1451x1451,24,Xiaomi,2312DRAABI,72,f/0.0,116,Daylight,16,29-05-2025 10:06
Black Round Rotten,black_round_rotten_IMG_20250418_153809_TIMEBURST1_2924_brightness_contrast_iter3.jpg,JPG,1616x1616,24,Xiaomi,2312DRAABI,72,f/0.0,116,Daylight,16,29-05-2025 10:06
Black Round Rotten,black_round_rotten_IMG_20250418_153809_TIMEBURST1_2924_horizontal_flip_iter3.jpg,JPG,1616x1616,24,Xiaomi,2312DRAABI,72,f/0.0,116,Daylight,16,29-05-2025 10:06
Black Round Rotten,black_round_rotten_IMG_20250418_153727_TIMEBURST20_3345_rgb_shift_iter5.jpg,JPG,1451x1451,24,Xiaomi,2312DRAABI,72,f/0.0,89,Daylight,16,29-05-2025 10:06
Black Round Rotten,black_round_rotten_IMG_20250418_153809_TIMEBURST1_2924_rgb_shift_iter3.jpg,JPG,1616x1616,24,Xiaomi,2312DRAABI,72,f/0.0,116,Daylight,16,29-05-2025 10:06
Black Round Rotten,black_round_rotten_IMG_20250418_153809_TIMEBURST1_2924_gamma_iter3.jpg,JPG,1616x1616,24,Xiaomi,2312DRAABI,72,f/0.0,116,Daylight,16,29-05-2025 10:06
Black Round Rotten,black_round_rotten_IMG_20250418_153809_TIMEBURST1_2924_rotate_iter4.jpg,JPG,1616x1616,24,Xiaomi,2312DRAABI,72,f/0.0,143,Daylight,16,29-05-2025 10:06
Black Round Rotten,black_round_rotten_IMG_20250418_153809_TIMEBURST1_2924_horizontal_flip_iter4.jpg,JPG,1616x1616,24,Xiaomi,2312DRAABI,72,f/0.0,85,Daylight,16,29-05-2025 10:06
Black Round Rotten,black_round_rotten_IMG_20250418_153809_TIMEBURST3_3249_rotate_iter1.jpg,JPG,1234x1234,24,Xiaomi,2312DRAABI,72,f/0.0,81,Daylight,16,29-05-2025 10:06
Black Round Rotten,black_round_rotten_IMG_20250418_153809_TIMEBURST1_2924_brightness_contrast_iter4.jpg,JPG,1616x1616,24,Xiaomi,2312DRAABI,72,f/0.0,81,Daylight,16,29-05-2025 10:06
Black Round Rotten,black_round_rotten_IMG_20250418_153809_TIMEBURST3_3249_horizontal_flip_iter1.jpg,JPG,1234x1234,24,Xiaomi,2312DRAABI,72,f/0.0,85,Daylight,16,29-05-2025 10:06
Black Round Rotten,black_round_rotten_IMG_20250418_153809_TIMEBURST1_2924_gamma_iter4.jpg,JPG,1616x1616,24,Xiaomi,2312DRAABI,72,f/0.0,50,Daylight,16,29-05-2025 10:06
Black Round Rotten,black_round_rotten_IMG_20250418_153809_TIMEBURST3_3249_gamma_iter1.jpg,JPG,1234x1234,24,Xiaomi,2312DRAABI,72,f/0.0,50,Daylight,16,29-05-2025 10:06
Black Round Rotten,black_round_rotten_IMG_20250418_153809_TIMEBURST1_2924_rgb_shift_iter4.jpg,JPG,1616x1616,24,Xiaomi,2312DRAABI,72,f/0.0,50,Daylight,16,29-05-2025 10:06
Black Round Rotten,black_round_rotten_IMG_20250418_153809_TIMEBURST3_3249_rgb_shift_iter1.jpg,JPG,1234x1234,24,Xiaomi,2312DRAABI,72,f/0.0,50,Daylight,16,29-05-2025 10:06
Black Round Rotten,black_round_rotten_IMG_20250418_153809_TIMEBURST3_3249_brightness_contrast_iter1.jpg,JPG,1234x1234,24,Xiaomi,2312DRAABI,72,f/0.0,50,Daylight,16,29-05-2025 10:06
Black Round Rotten,black_round_rotten_IMG_20250418_153809_TIMEBURST3_3249_rotate_iter2.jpg,JPG,1234x1234,24,Xiaomi,2312DRAABI,72,f/0.0,50,Daylight,16,29-05-2025 10:06
Black Round Rotten,black_round_rotten_IMG_20250418_153809_TIMEBURST1_2924_rotate_iter5.jpg,JPG,1616x1616,24,Xiaomi,2312DRAABI,72,f/0.0,52,Daylight,16,29-05-2025 10:06
Black Round Rotten,black_round_rotten_IMG_20250418_153809_TIMEBURST3_3249_horizontal_flip_iter2.jpg,JPG,1234x1234,24,Xiaomi,2312DRAABI,72,f/0.0,50,Daylight,16,29-05-2025 10:06
Black Round Rotten,black_round_rotten_IMG_20250418_153809_TIMEBURST1_2924_horizontal_flip_iter5.jpg,JPG,1616x1616,24,Xiaomi,2312DRAABI,72,f/0.0,57,Daylight,16,29-05-2025 10:06
Black Round Rotten,black_round_rotten_IMG_20250418_153809_TIMEBURST3_3249_brightness_contrast_iter2.jpg,JPG,1234x1234,24,Xiaomi,2312DRAABI,72,f/0.0,54,Daylight,16,29-05-2025 10:06
Black Round Rotten,black_round_rotten_IMG_20250418_153809_TIMEBURST4_3227_rotate_iter1.jpg,JPG,1242x1242,24,Xiaomi,2312DRAABI,72,f/0.0,54,Daylight,16,29-05-2025 10:06
Black Round Rotten,black_round_rotten_IMG_20250418_153809_TIMEBURST3_3249_gamma_iter2.jpg,JPG,1234x1234,24,Xiaomi,2312DRAABI,72,f/0.0,57,Daylight,16,29-05-2025 10:06
Black Round Rotten,black_round_rotten_IMG_20250418_153809_TIMEBURST1_2924_brightness_contrast_iter5.jpg,JPG,1616x1616,24,Xiaomi,2312DRAABI,72,f/0.0,56,Daylight,16,29-05-2025 10:06
Black Round Rotten,black_round_rotten_IMG_20250418_153809_TIMEBURST4_3227_horizontal_flip_iter1.jpg,JPG,1242x1242,24,Xiaomi,2312DRAABI,72,f/0.0,56,Daylight,16,29-05-2025 10:06
Black Round Rotten,black_round_rotten_IMG_20250418_153809_TIMEBURST4_3227_brightness_contrast_iter1.jpg,JPG,1242x1242,24,Xiaomi,2312DRAABI,72,f/0.0,56,Daylight,16,29-05-2025 10:06
Black Round Rotten,black_round_rotten_IMG_20250418_153809_TIMEBURST3_3249_rgb_shift_iter2.jpg,JPG,1234x1234,24,Xiaomi,2312DRAABI,72,f/0.0,57,Daylight,16,29-05-2025 10:06
Black Round Rotten,black_round_rotten_IMG_20250418_153809_TIMEBURST1_2924_gamma_iter5.jpg,JPG,1616x1616,24,Xiaomi,2312DRAABI,72,f/0.0,50,Daylight,16,29-05-2025 10:06
Black Round Rotten,black_round_rotten_IMG_20250418_153809_TIMEBURST4_3227_gamma_iter1.jpg,JPG,1242x1242,24,Xiaomi,2312DRAABI,72,f/0.0,53,Daylight,16,29-05-2025 10:06
Black Round Rotten,black_round_rotten_IMG_20250418_153809_TIMEBURST3_3249_rotate_iter3.jpg,JPG,1234x1234,24,Xiaomi,2312DRAABI,72,f/0.0,57,Daylight,16,29-05-2025 10:06
Black Round Rotten,black_round_rotten_IMG_20250418_153809_TIMEBURST1_2924_rgb_shift_iter5.jpg,JPG,1616x1616,24,Xiaomi,2312DRAABI,72,f/0.0,52,Daylight,16,29-05-2025 10:06
Black Round Rotten,black_round_rotten_IMG_20250418_153809_TIMEBURST3_3249_horizontal_flip_iter3.jpg,JPG,1234x1234,24,Xiaomi,2312DRAABI,72,f/0.0,57,Daylight,16,29-05-2025 10:06
Black Round Rotten,black_round_rotten_IMG_20250418_153809_TIMEBURST4_3227_rgb_shift_iter1.jpg,JPG,1242x1242,24,Xiaomi,2312DRAABI,72,f/0.0,57,Daylight,16,29-05-2025 10:06
Black Round Rotten,black_round_rotten_IMG_20250418_153809_TIMEBURST3_3249_brightness_contrast_iter3.jpg,JPG,1234x1234,24,Xiaomi,2312DRAABI,72,f/0.0,52,Daylight,16,29-05-2025 10:06
Black Round Rotten,black_round_rotten_IMG_20250418_153809_TIMEBURST4_3227_rotate_iter2.jpg,JPG,1242x1242,24,Xiaomi,2312DRAABI,72,f/0.0,61,Daylight,16,29-05-2025 10:06
Black Round Rotten,black_round_rotten_IMG_20250418_153809_TIMEBURST3_3249_gamma_iter3.jpg,JPG,1234x1234,24,Xiaomi,2312DRAABI,72,f/0.0,61,Daylight,16,29-05-2025 10:06
Black Round Rotten,black_round_rotten_IMG_20250418_153809_TIMEBURST4_3227_horizontal_flip_iter2.jpg,JPG,1242x1242,24,Xiaomi,2312DRAABI,72,f/0.0,60,Daylight,16,29-05-2025 10:06
Black Round Rotten,black_round_rotten_IMG_20250418_153809_TIMEBURST4_3227_brightness_contrast_iter2.jpg,JPG,1242x1242,24,Xiaomi,2312DRAABI,72,f/0.0,60,Daylight,16,29-05-2025 10:06
Black Round Rotten,black_round_rotten_IMG_20250418_153809_TIMEBURST3_3249_rgb_shift_iter3.jpg,JPG,1234x1234,24,Xiaomi,2312DRAABI,72,f/0.0,59,Daylight,16,29-05-2025 10:06
Black Round Rotten,black_round_rotten_IMG_20250418_153809_TIMEBURST4_3227_gamma_iter2.jpg,JPG,1242x1242,24,Xiaomi,2312DRAABI,72,f/0.0,60,Daylight,16,29-05-2025 10:06
Black Round Rotten,black_round_rotten_IMG_20250418_153809_TIMEBURST3_3249_rotate_iter4.jpg,JPG,1234x1234,24,Xiaomi,2312DRAABI,72,f/0.0,60,Daylight,16,29-05-2025 10:06
Black Round Rotten,black_round_rotten_IMG_20250418_153809_TIMEBURST4_3227_rgb_shift_iter2.jpg,JPG,1242x1242,24,Xiaomi,2312DRAABI,72,f/0.0,61,Daylight,16,29-05-2025 10:06
Black Round Rotten,black_round_rotten_IMG_20250418_153809_TIMEBURST4_3227_brightness_contrast_iter3.jpg,JPG,1242x1242,24,Xiaomi,2312DRAABI,72,f/0.0,60,Daylight,16,29-05-2025 10:06
Black Round Rotten,black_round_rotten_IMG_20250418_153809_TIMEBURST3_3249_rgb_shift_iter4.jpg,JPG,1234x1234,24,Xiaomi,2312DRAABI,72,f/0.0,60,Daylight,16,29-05-2025 10:06
Black Round Rotten,black_round_rotten_IMG_20250418_153809_TIMEBURST3_3249_horizontal_flip_iter4.jpg,JPG,1234x1234,24,Xiaomi,2312DRAABI,72,f/0.0,60,Daylight,16,29-05-2025 10:06
Black Round Rotten,black_round_rotten_IMG_20250418_153809_TIMEBURST3_3249_brightness_contrast_iter4.jpg,JPG,1234x1234,24,Xiaomi,2312DRAABI,72,f/0.0,60,Daylight,16,29-05-2025 10:06
Black Round Rotten,black_round_rotten_IMG_20250418_153809_TIMEBURST3_3249_gamma_iter4.jpg,JPG,1234x1234,24,Xiaomi,2312DRAABI,72,f/0.0,63,Daylight,16,29-05-2025 10:06
Black Round Rotten,black_round_rotten_IMG_20250418_153809_TIMEBURST4_3227_rotate_iter3.jpg,JPG,1242x1242,24,Xiaomi,2312DRAABI,72,f/0.0,65,Daylight,16,29-05-2025 10:06
Black Round Rotten,black_round_rotten_IMG_20250418_153809_TIMEBURST4_3227_gamma_iter3.jpg,JPG,1242x1242,24,Xiaomi,2312DRAABI,72,f/0.0,65,Daylight,16,29-05-2025 10:06
Black Round Rotten,black_round_rotten_IMG_20250418_153809_TIMEBURST4_3227_horizontal_flip_iter3.jpg,JPG,1242x1242,24,Xiaomi,2312DRAABI,72,f/0.0,67,Daylight,16,29-05-2025 10:06
Black Round Rotten,black_round_rotten_IMG_20250418_153809_TIMEBURST3_3249_rotate_iter5.jpg,JPG,1234x1234,24,Xiaomi,2312DRAABI,72,f/0.0,75,Daylight,16,29-05-2025 10:06
Black Round Rotten,black_round_rotten_IMG_20250418_153809_TIMEBURST3_3249_horizontal_flip_iter5.jpg,JPG,1234x1234,24,Xiaomi,2312DRAABI,72,f/0.0,60,Daylight,16,29-05-2025 10:06
Black Round Rotten,black_round_rotten_IMG_20250418_153809_TIMEBURST4_3227_rgb_shift_iter3.jpg,JPG,1242x1242,24,Xiaomi,2312DRAABI,72,f/0.0,67,Daylight,16,29-05-2025 10:06
Black Round Rotten,black_round_rotten_IMG_20250418_153809_TIMEBURST3_3249_brightness_contrast_iter5.jpg,JPG,1234x1234,24,Xiaomi,2312DRAABI,72,f/0.0,72,Daylight,16,29-05-2025 10:06
Black Round Rotten,black_round_rotten_IMG_20250418_153809_TIMEBURST4_3227_rotate_iter4.jpg,JPG,1242x1242,24,Xiaomi,2312DRAABI,72,f/0.0,69,Daylight,16,29-05-2025 10:06
Black Round Rotten,black_round_rotten_IMG_20250418_153809_TIMEBURST3_3249_gamma_iter5.jpg,JPG,1234x1234,24,Xiaomi,2312DRAABI,72,f/0.0,69,Daylight,16,29-05-2025 10:06
Black Round Rotten,black_round_rotten_IMG_20250418_153809_TIMEBURST4_3227_horizontal_flip_iter4.jpg,JPG,1242x1242,24,Xiaomi,2312DRAABI,72,f/0.0,67,Daylight,16,29-05-2025 10:06
Black Round Rotten,black_round_rotten_IMG_20250418_153809_TIMEBURST4_3227_brightness_contrast_iter4.jpg,JPG,1242x1242,24,Xiaomi,2312DRAABI,72,f/0.0,69,Daylight,16,29-05-2025 10:06
Black Round Rotten,black_round_rotten_IMG_20250418_153809_TIMEBURST4_3227_gamma_iter4.jpg,JPG,1242x1242,24,Xiaomi,2312DRAABI,72,f/0.0,69,Daylight,16,29-05-2025 10:06
Black Round Rotten,black_round_rotten_IMG_20250418_153809_TIMEBURST3_3249_rgb_shift_iter5.jpg,JPG,1234x1234,24,Xiaomi,2312DRAABI,72,f/0.0,69,Daylight,16,29-05-2025 10:06
Black Round Rotten,black_round_rotten_IMG_20250418_153809_TIMEBURST4_3227_rgb_shift_iter4.jpg,JPG,1242x1242,24,Xiaomi,2312DRAABI,72,f/0.0,69,Daylight,16,29-05-2025 10:06
Black Round Rotten,black_round_rotten_IMG_20250418_153809_TIMEBURST4_3227_horizontal_flip_iter5.jpg,JPG,1242x1242,24,Xiaomi,2312DRAABI,72,f/0.0,69,Daylight,16,29-05-2025 10:06
Black Round Rotten,black_round_rotten_IMG_20250418_153809_TIMEBURST4_3227_rotate_iter5.jpg,JPG,1242x1242,24,Xiaomi,2312DRAABI,72,f/0.0,72,Daylight,16,29-05-2025 10:06
Black Round Rotten,black_round_rotten_IMG_20250418_153809_TIMEBURST4_3227_brightness_contrast_iter5.jpg,JPG,1242x1242,24,Xiaomi,2312DRAABI,72,f/0.0,69,Daylight,16,29-05-2025 10:06
Black Round Rotten,black_round_rotten_IMG_20250418_153809_TIMEBURST4_3227_gamma_iter5.jpg,JPG,1242x1242,24,Xiaomi,2312DRAABI,72,f/0.0,69,Daylight,16,29-05-2025 10:06
Black Round Rotten,black_round_rotten_IMG_20250418_153809_TIMEBURST5_3371_rotate_iter1.jpg,JPG,1505x1505,24,Xiaomi,2312DRAABI,72,f/0.0,72,Daylight,16,29-05-2025 10:06
Black Round Rotten,black_round_rotten_IMG_20250418_153809_TIMEBURST4_3227_rgb_shift_iter5.jpg,JPG,1242x1242,24,Xiaomi,2312DRAABI,72,f/0.0,72,Daylight,16,29-05-2025 10:06
Black Round Rotten,black_round_rotten_IMG_20250418_153809_TIMEBURST2_3589_rotate_iter1.jpg,JPG,1177x1177,24,Xiaomi,2312DRAABI,72,f/0.0,75,Daylight,16,29-05-2025 10:06
Black Round Rotten,black_round_rotten_IMG_20250418_153809_TIMEBURST5_3371_horizontal_flip_iter1.jpg,JPG,1505x1505,24,Xiaomi,2312DRAABI,72,f/0.0,74,Daylight,16,29-05-2025 10:06
Black Round Rotten,black_round_rotten_IMG_20250418_153809_TIMEBURST2_3589_horizontal_flip_iter1.jpg,JPG,1177x1177,24,Xiaomi,2312DRAABI,72,f/0.0,75,Daylight,16,29-05-2025 10:06
Black Round Rotten,black_round_rotten_IMG_20250418_153809_TIMEBURST5_3371_brightness_contrast_iter1.jpg,JPG,1505x1505,24,Xiaomi,2312DRAABI,72,f/0.0,77,Daylight,16,29-05-2025 10:06
Black Round Rotten,black_round_rotten_IMG_20250418_153809_TIMEBURST2_3589_gamma_iter1.jpg,JPG,1177x1177,24,Xiaomi,2312DRAABI,72,f/0.0,75,Daylight,16,29-05-2025 10:06
Black Round Rotten,black_round_rotten_IMG_20250418_153809_TIMEBURST2_3589_brightness_contrast_iter1.jpg,JPG,1177x1177,24,Xiaomi,2312DRAABI,72,f/0.0,81,Daylight,16,29-05-2025 10:06
Black Round Rotten,black_round_rotten_IMG_20250418_153809_TIMEBURST5_3371_gamma_iter1.jpg,JPG,1505x1505,24,Xiaomi,2312DRAABI,72,f/0.0,71,Daylight,16,29-05-2025 10:06
Black Round Rotten,black_round_rotten_IMG_20250418_153809_TIMEBURST2_3589_rgb_shift_iter1.jpg,JPG,1177x1177,24,Xiaomi,2312DRAABI,72,f/0.0,85,Daylight,16,29-05-2025 10:06
Black Round Rotten,black_round_rotten_IMG_20250418_153809_TIMEBURST5_3371_rgb_shift_iter1.jpg,JPG,1505x1505,24,Xiaomi,2312DRAABI,72,f/0.0,85,Daylight,16,29-05-2025 10:06
Black Round Rotten,black_round_rotten_IMG_20250418_153809_TIMEBURST6_3386_rotate_iter1.jpg,JPG,1368x1368,24,Xiaomi,2312DRAABI,72,f/0.0,85,Daylight,16,29-05-2025 10:06
Black Round Rotten,black_round_rotten_IMG_20250418_153809_TIMEBURST6_3386_horizontal_flip_iter1.jpg,JPG,1368x1368,24,Xiaomi,2312DRAABI,72,f/0.0,84,Daylight,16,29-05-2025 10:06
Black Round Rotten,black_round_rotten_IMG_20250418_153809_TIMEBURST2_3589_rotate_iter2.jpg,JPG,1177x1177,24,Xiaomi,2312DRAABI,72,f/0.0,85,Daylight,16,29-05-2025 10:06
Black Round Rotten,black_round_rotten_IMG_20250418_153809_TIMEBURST2_3589_horizontal_flip_iter2.jpg,JPG,1177x1177,24,Xiaomi,2312DRAABI,72,f/0.0,85,Daylight,16,29-05-2025 10:06
Black Round Rotten,black_round_rotten_IMG_20250418_153809_TIMEBURST6_3386_brightness_contrast_iter1.jpg,JPG,1368x1368,24,Xiaomi,2312DRAABI,72,f/0.0,85,Daylight,16,29-05-2025 10:06
Black Round Rotten,black_round_rotten_IMG_20250418_153809_TIMEBURST5_3371_rotate_iter2.jpg,JPG,1505x1505,24,Xiaomi,2312DRAABI,72,f/0.0,85,Daylight,16,29-05-2025 10:06
Black Round Rotten,black_round_rotten_IMG_20250418_153809_TIMEBURST2_3589_brightness_contrast_iter2.jpg,JPG,1177x1177,24,Xiaomi,2312DRAABI,72,f/0.0,89,Daylight,16,29-05-2025 10:06
Black Round Rotten,black_round_rotten_IMG_20250418_153809_TIMEBURST6_3386_gamma_iter1.jpg,JPG,1368x1368,24,Xiaomi,2312DRAABI,72,f/0.0,85,Daylight,16,29-05-2025 10:06
Black Round Rotten,black_round_rotten_IMG_20250418_153809_TIMEBURST5_3371_horizontal_flip_iter2.jpg,JPG,1505x1505,24,Xiaomi,2312DRAABI,72,f/0.0,89,Daylight,16,29-05-2025 10:06
Black Round Rotten,black_round_rotten_IMG_20250418_153809_TIMEBURST2_3589_gamma_iter2.jpg,JPG,1177x1177,24,Xiaomi,2312DRAABI,72,f/0.0,89,Daylight,16,29-05-2025 10:06
Black Round Rotten,black_round_rotten_IMG_20250418_153809_TIMEBURST2_3589_rgb_shift_iter2.jpg,JPG,1177x1177,24,Xiaomi,2312DRAABI,72,f/0.0,86,Daylight,16,29-05-2025 10:06
Black Round Rotten,black_round_rotten_IMG_20250418_153809_TIMEBURST6_3386_rgb_shift_iter1.jpg,JPG,1368x1368,24,Xiaomi,2312DRAABI,72,f/0.0,94,Daylight,16,29-05-2025 10:06
Black Round Rotten,black_round_rotten_IMG_20250418_153809_TIMEBURST5_3371_brightness_contrast_iter2.jpg,JPG,1505x1505,24,Xiaomi,2312DRAABI,72,f/0.0,86,Daylight,16,29-05-2025 10:06
Black Round Rotten,black_round_rotten_IMG_20250418_153809_TIMEBURST2_3589_rotate_iter3.jpg,JPG,1177x1177,24,Xiaomi,2312DRAABI,72,f/0.0,150,Daylight,16,29-05-2025 10:06
Black Round Rotten,black_round_rotten_IMG_20250418_153809_TIMEBURST5_3371_gamma_iter2.jpg,JPG,1505x1505,24,Xiaomi,2312DRAABI,72,f/0.0,86,Daylight,16,29-05-2025 10:06
Black Round Rotten,black_round_rotten_IMG_20250418_153809_TIMEBURST2_3589_horizontal_flip_iter3.jpg,JPG,1177x1177,24,Xiaomi,2312DRAABI,72,f/0.0,150,Daylight,16,29-05-2025 10:06
Black Round Rotten,black_round_rotten_IMG_20250418_153809_TIMEBURST6_3386_rotate_iter2.jpg,JPG,1368x1368,24,Xiaomi,2312DRAABI,72,f/0.0,86,Daylight,16,29-05-2025 10:06
Black Round Rotten,black_round_rotten_IMG_20250418_153809_TIMEBURST2_3589_gamma_iter3.jpg,JPG,1177x1177,24,Xiaomi,2312DRAABI,72,f/0.0,150,Daylight,16,29-05-2025 10:06
Black Round Rotten,black_round_rotten_IMG_20250418_153809_TIMEBURST2_3589_brightness_contrast_iter3.jpg,JPG,1177x1177,24,Xiaomi,2312DRAABI,72,f/0.0,79,Daylight,16,29-05-2025 10:06
Black Round Rotten,black_round_rotten_IMG_20250418_153809_TIMEBURST5_3371_rgb_shift_iter2.jpg,JPG,1505x1505,24,Xiaomi,2312DRAABI,72,f/0.0,79,Daylight,16,29-05-2025 10:06
Black Round Rotten,black_round_rotten_IMG_20250418_153809_TIMEBURST5_3371_rotate_iter3.jpg,JPG,1505x1505,24,Xiaomi,2312DRAABI,72,f/0.0,79,Daylight,16,29-05-2025 10:06
Black Round Rotten,black_round_rotten_IMG_20250418_153809_TIMEBURST6_3386_horizontal_flip_iter2.jpg,JPG,1368x1368,24,Xiaomi,2312DRAABI,72,f/0.0,150,Daylight,16,29-05-2025 10:06
Black Round Rotten,black_round_rotten_IMG_20250418_153809_TIMEBURST2_3589_rgb_shift_iter3.jpg,JPG,1177x1177,24,Xiaomi,2312DRAABI,72,f/0.0,79,Daylight,16,29-05-2025 10:06
Black Round Rotten,black_round_rotten_IMG_20250418_153809_TIMEBURST6_3386_brightness_contrast_iter2.jpg,JPG,1368x1368,24,Xiaomi,2312DRAABI,72,f/0.0,79,Daylight,16,29-05-2025 10:06
Black Round Rotten,black_round_rotten_IMG_20250418_153809_TIMEBURST2_3589_rotate_iter4.jpg,JPG,1177x1177,24,Xiaomi,2312DRAABI,72,f/0.0,79,Daylight,16,29-05-2025 10:06
Black Round Rotten,black_round_rotten_IMG_20250418_153809_TIMEBURST2_3589_brightness_contrast_iter4.jpg,JPG,1177x1177,24,Xiaomi,2312DRAABI,72,f/0.0,88,Daylight,16,29-05-2025 10:06
Black Round Rotten,black_round_rotten_IMG_20250418_153809_TIMEBURST2_3589_horizontal_flip_iter4.jpg,JPG,1177x1177,24,Xiaomi,2312DRAABI,72,f/0.0,85,Daylight,16,29-05-2025 10:06
Black Round Rotten,black_round_rotten_IMG_20250418_153809_TIMEBURST6_3386_gamma_iter2.jpg,JPG,1368x1368,24,Xiaomi,2312DRAABI,72,f/0.0,87,Daylight,16,29-05-2025 10:06
Black Round Rotten,black_round_rotten_IMG_20250418_153809_TIMEBURST5_3371_horizontal_flip_iter3.jpg,JPG,1505x1505,24,Xiaomi,2312DRAABI,72,f/0.0,88,Daylight,16,29-05-2025 10:06
Black Round Rotten,black_round_rotten_IMG_20250418_153809_TIMEBURST5_3371_brightness_contrast_iter3.jpg,JPG,1505x1505,24,Xiaomi,2312DRAABI,72,f/0.0,79,Daylight,16,29-05-2025 10:06
Black Round Rotten,black_round_rotten_IMG_20250418_153809_TIMEBURST2_3589_gamma_iter4.jpg,JPG,1177x1177,24,Xiaomi,2312DRAABI,72,f/0.0,81,Daylight,16,29-05-2025 10:06
Black Round Rotten,black_round_rotten_IMG_20250418_153809_TIMEBURST5_3371_gamma_iter3.jpg,JPG,1505x1505,24,Xiaomi,2312DRAABI,72,f/0.0,81,Daylight,16,29-05-2025 10:06
Black Round Rotten,black_round_rotten_IMG_20250418_153809_TIMEBURST6_3386_rgb_shift_iter2.jpg,JPG,1368x1368,24,Xiaomi,2312DRAABI,72,f/0.0,96,Daylight,16,29-05-2025 10:06
Black Round Rotten,black_round_rotten_IMG_20250418_153809_TIMEBURST6_3386_rotate_iter3.jpg,JPG,1368x1368,24,Xiaomi,2312DRAABI,72,f/0.0,81,Daylight,16,29-05-2025 10:06
Black Round Rotten,black_round_rotten_IMG_20250418_153809_TIMEBURST2_3589_rgb_shift_iter4.jpg,JPG,1177x1177,24,Xiaomi,2312DRAABI,72,f/0.0,132,Daylight,16,29-05-2025 10:06
Black Round Rotten,black_round_rotten_IMG_20250418_153809_TIMEBURST5_3371_rgb_shift_iter3.jpg,JPG,1505x1505,24,Xiaomi,2312DRAABI,72,f/0.0,116,Daylight,16,29-05-2025 10:06
Black Round Rotten,black_round_rotten_IMG_20250418_153809_TIMEBURST6_3386_brightness_contrast_iter3.jpg,JPG,1368x1368,24,Xiaomi,2312DRAABI,72,f/0.0,116,Daylight,16,29-05-2025 10:06
Black Round Rotten,black_round_rotten_IMG_20250418_153809_TIMEBURST6_3386_horizontal_flip_iter3.jpg,JPG,1368x1368,24,Xiaomi,2312DRAABI,72,f/0.0,116,Daylight,16,29-05-2025 10:06
Black Round Rotten,black_round_rotten_IMG_20250418_153809_TIMEBURST6_3386_gamma_iter3.jpg,JPG,1368x1368,24,Xiaomi,2312DRAABI,72,f/0.0,81,Daylight,16,29-05-2025 10:06
Black Round Rotten,black_round_rotten_IMG_20250418_153809_TIMEBURST5_3371_rotate_iter4.jpg,JPG,1505x1505,24,Xiaomi,2312DRAABI,72,f/0.0,116,Daylight,16,29-05-2025 10:06
Black Round Rotten,black_round_rotten_IMG_20250418_153809_TIMEBURST2_3589_rotate_iter5.jpg,JPG,1177x1177,24,Xiaomi,2312DRAABI,72,f/0.0,116,Daylight,16,29-05-2025 10:06
Black Round Rotten,black_round_rotten_IMG_20250418_153809_TIMEBURST2_3589_horizontal_flip_iter5.jpg,JPG,1177x1177,24,Xiaomi,2312DRAABI,72,f/0.0,116,Daylight,16,29-05-2025 10:06
Black Round Rotten,black_round_rotten_IMG_20250418_153809_TIMEBURST2_3589_brightness_contrast_iter5.jpg,JPG,1177x1177,24,Xiaomi,2312DRAABI,72,f/0.0,116,Daylight,16,29-05-2025 10:06
Black Round Rotten,black_round_rotten_IMG_20250418_153809_TIMEBURST7_3720_rotate_iter1.jpg,JPG,1373x1373,24,Xiaomi,2312DRAABI,72,f/0.0,116,Daylight,16,29-05-2025 10:06
Black Round Rotten,black_round_rotten_IMG_20250418_153809_TIMEBURST5_3371_horizontal_flip_iter4.jpg,JPG,1505x1505,24,Xiaomi,2312DRAABI,72,f/0.0,116,Daylight,16,29-05-2025 10:06
Black Round Rotten,black_round_rotten_IMG_20250418_153809_TIMEBURST7_3720_horizontal_flip_iter1.jpg,JPG,1373x1373,24,Xiaomi,2312DRAABI,72,f/0.0,116,Daylight,16,29-05-2025 10:06
Black Round Rotten,black_round_rotten_IMG_20250418_153809_TIMEBURST6_3386_rgb_shift_iter3.jpg,JPG,1368x1368,24,Xiaomi,2312DRAABI,72,f/0.0,116,Daylight,16,29-05-2025 10:06
Black Round Rotten,black_round_rotten_IMG_20250418_153809_TIMEBURST5_3371_brightness_contrast_iter4.jpg,JPG,1505x1505,24,Xiaomi,2312DRAABI,72,f/0.0,89,Daylight,16,29-05-2025 10:06
Black Round Rotten,black_round_rotten_IMG_20250418_153809_TIMEBURST2_3589_gamma_iter5.jpg,JPG,1177x1177,24,Xiaomi,2312DRAABI,72,f/0.0,116,Daylight,16,29-05-2025 10:06
Black Round Rotten,black_round_rotten_IMG_20250418_153809_TIMEBURST6_3386_rotate_iter4.jpg,JPG,1368x1368,24,Xiaomi,2312DRAABI,72,f/0.0,116,Daylight,16,29-05-2025 10:06
Black Round Rotten,black_round_rotten_IMG_20250418_153809_TIMEBURST7_3720_brightness_contrast_iter1.jpg,JPG,1373x1373,24,Xiaomi,2312DRAABI,72,f/0.0,143,Daylight,16,29-05-2025 10:06
Black Round Rotten,black_round_rotten_IMG_20250418_153809_TIMEBURST7_3720_gamma_iter1.jpg,JPG,1373x1373,24,Xiaomi,2312DRAABI,72,f/0.0,85,Daylight,16,29-05-2025 10:06
Black Round Rotten,black_round_rotten_IMG_20250418_153809_TIMEBURST5_3371_gamma_iter4.jpg,JPG,1505x1505,24,Xiaomi,2312DRAABI,72,f/0.0,81,Daylight,16,29-05-2025 10:06
Black Round Rotten,black_round_rotten_IMG_20250418_153809_TIMEBURST2_3589_rgb_shift_iter5.jpg,JPG,1177x1177,24,Xiaomi,2312DRAABI,72,f/0.0,81,Daylight,16,29-05-2025 10:06
Black Round Rotten,black_round_rotten_IMG_20250418_153809_TIMEBURST6_3386_horizontal_flip_iter4.jpg,JPG,1368x1368,24,Xiaomi,2312DRAABI,72,f/0.0,85,Daylight,16,29-05-2025 10:06
Black Round Rotten,black_round_rotten_IMG_20250418_153809_TIMEBURST7_3720_rgb_shift_iter1.jpg,JPG,1373x1373,24,Xiaomi,2312DRAABI,72,f/0.0,50,Daylight,16,29-05-2025 10:06
Black Round Rotten,black_round_rotten_IMG_20250418_153809_TIMEBURST6_3386_brightness_contrast_iter4.jpg,JPG,1368x1368,24,Xiaomi,2312DRAABI,72,f/0.0,50,Daylight,16,29-05-2025 10:06
Black Round Rotten,black_round_rotten_IMG_20250418_153809_TIMEBURST5_3371_rgb_shift_iter4.jpg,JPG,1505x1505,24,Xiaomi,2312DRAABI,72,f/0.0,50,Daylight,16,29-05-2025 10:06
Black Round Rotten,black_round_rotten_IMG_20250418_153809_TIMEBURST7_3720_rotate_iter2.jpg,JPG,1373x1373,24,Xiaomi,2312DRAABI,72,f/0.0,50,Daylight,16,29-05-2025 10:06
Black Round Rotten,black_round_rotten_IMG_20250418_153809_TIMEBURST6_3386_gamma_iter4.jpg,JPG,1368x1368,24,Xiaomi,2312DRAABI,72,f/0.0,50,Daylight,16,29-05-2025 10:06
Black Round Rotten,black_round_rotten_IMG_20250418_153809_TIMEBURST5_3371_rotate_iter5.jpg,JPG,1505x1505,24,Xiaomi,2312DRAABI,72,f/0.0,50,Daylight,16,29-05-2025 10:06
Black Round Rotten,black_round_rotten_IMG_20250418_153809_TIMEBURST7_3720_horizontal_flip_iter2.jpg,JPG,1373x1373,24,Xiaomi,2312DRAABI,72,f/0.0,52,Daylight,16,29-05-2025 10:06
Black Round Rotten,black_round_rotten_IMG_20250418_153809_TIMEBURST6_3386_rgb_shift_iter4.jpg,JPG,1368x1368,24,Xiaomi,2312DRAABI,72,f/0.0,50,Daylight,16,29-05-2025 10:06
Black Round Rotten,black_round_rotten_IMG_20250418_153809_TIMEBURST5_3371_horizontal_flip_iter5.jpg,JPG,1505x1505,24,Xiaomi,2312DRAABI,72,f/0.0,57,Daylight,16,29-05-2025 10:06
Black Round Rotten,black_round_rotten_IMG_20250418_153809_TIMEBURST7_3720_brightness_contrast_iter2.jpg,JPG,1373x1373,24,Xiaomi,2312DRAABI,72,f/0.0,54,Daylight,16,29-05-2025 10:06
Black Round Rotten,black_round_rotten_IMG_20250418_153809_TIMEBURST6_3386_rotate_iter5.jpg,JPG,1368x1368,24,Xiaomi,2312DRAABI,72,f/0.0,54,Daylight,16,29-05-2025 10:06
Black Round Rotten,black_round_rotten_IMG_20250418_153809_TIMEBURST5_3371_brightness_contrast_iter5.jpg,JPG,1505x1505,24,Xiaomi,2312DRAABI,72,f/0.0,57,Daylight,16,29-05-2025 10:06
Black Round Rotten,black_round_rotten_IMG_20250418_153809_TIMEBURST6_3386_horizontal_flip_iter5.jpg,JPG,1368x1368,24,Xiaomi,2312DRAABI,72,f/0.0,56,Daylight,16,29-05-2025 10:06
Black Round Rotten,black_round_rotten_IMG_20250418_153809_TIMEBURST7_3720_gamma_iter2.jpg,JPG,1373x1373,24,Xiaomi,2312DRAABI,72,f/0.0,56,Daylight,16,29-05-2025 10:06
Black Round Rotten,black_round_rotten_IMG_20250418_153809_TIMEBURST5_3371_gamma_iter5.jpg,JPG,1505x1505,24,Xiaomi,2312DRAABI,72,f/0.0,56,Daylight,16,29-05-2025 10:06
Black Round Rotten,black_round_rotten_IMG_20250418_153809_TIMEBURST7_3720_rgb_shift_iter2.jpg,JPG,1373x1373,24,Xiaomi,2312DRAABI,72,f/0.0,57,Daylight,16,29-05-2025 10:06
Black Round Rotten,black_round_rotten_IMG_20250418_153809_TIMEBURST8_3585_rotate_iter1.jpg,JPG,1245x1245,24,Xiaomi,2312DRAABI,72,f/0.0,50,Daylight,16,29-05-2025 10:06
Black Round Rotten,black_round_rotten_IMG_20250418_153809_TIMEBURST6_3386_brightness_contrast_iter5.jpg,JPG,1368x1368,24,Xiaomi,2312DRAABI,72,f/0.0,53,Daylight,16,29-05-2025 10:06
Black Round Rotten,black_round_rotten_IMG_20250418_153809_TIMEBURST8_3585_horizontal_flip_iter1.jpg,JPG,1245x1245,24,Xiaomi,2312DRAABI,72,f/0.0,57,Daylight,16,29-05-2025 10:06
Black Round Rotten,black_round_rotten_IMG_20250418_153809_TIMEBURST7_3720_rotate_iter3.jpg,JPG,1373x1373,24,Xiaomi,2312DRAABI,72,f/0.0,52,Daylight,16,29-05-2025 10:06
Black Round Rotten,black_round_rotten_IMG_20250418_153809_TIMEBURST5_3371_rgb_shift_iter5.jpg,JPG,1505x1505,24,Xiaomi,2312DRAABI,72,f/0.0,57,Daylight,16,29-05-2025 10:06
Black Round Rotten,black_round_rotten_IMG_20250418_153809_TIMEBURST6_3386_gamma_iter5.jpg,JPG,1368x1368,24,Xiaomi,2312DRAABI,72,f/0.0,57,Daylight,16,29-05-2025 10:06
Black Round Rotten,black_round_rotten_IMG_20250418_153809_TIMEBURST7_3720_horizontal_flip_iter3.jpg,JPG,1373x1373,24,Xiaomi,2312DRAABI,72,f/0.0,52,Daylight,16,29-05-2025 10:06
Black Round Rotten,black_round_rotten_IMG_20250418_153809_TIMEBURST8_3585_brightness_contrast_iter1.jpg,JPG,1245x1245,24,Xiaomi,2312DRAABI,72,f/0.0,61,Daylight,16,29-05-2025 10:06
Black Round Rotten,black_round_rotten_IMG_20250418_153809_TIMEBURST6_3386_rgb_shift_iter5.jpg,JPG,1368x1368,24,Xiaomi,2312DRAABI,72,f/0.0,61,Daylight,16,29-05-2025 10:06
Black Round Rotten,black_round_rotten_IMG_20250418_153809_TIMEBURST8_3585_gamma_iter1.jpg,JPG,1245x1245,24,Xiaomi,2312DRAABI,72,f/0.0,60,Daylight,16,29-05-2025 10:06
Black Round Rotten,black_round_rotten_IMG_20250418_153809_TIMEBURST7_3720_brightness_contrast_iter3.jpg,JPG,1373x1373,24,Xiaomi,2312DRAABI,72,f/0.0,60,Daylight,16,29-05-2025 10:06
Black Round Rotten,black_round_rotten_IMG_20250418_153809_TIMEBURST7_3720_gamma_iter3.jpg,JPG,1373x1373,24,Xiaomi,2312DRAABI,72,f/0.0,59,Daylight,16,29-05-2025 10:06
Black Round Rotten,black_round_rotten_IMG_20250418_153809_TIMEBURST8_3585_rgb_shift_iter1.jpg,JPG,1245x1245,24,Xiaomi,2312DRAABI,72,f/0.0,60,Daylight,16,29-05-2025 10:06
Black Round Rotten,black_round_rotten_IMG_20250418_153809_TIMEBURST8_3585_rotate_iter2.jpg,JPG,1245x1245,24,Xiaomi,2312DRAABI,72,f/0.0,60,Daylight,16,29-05-2025 10:06
Black Round Rotten,black_round_rotten_IMG_20250418_153809_TIMEBURST7_3720_rgb_shift_iter3.jpg,JPG,1373x1373,24,Xiaomi,2312DRAABI,72,f/0.0,61,Daylight,16,29-05-2025 10:06
Black Round Rotten,black_round_rotten_IMG_20250418_153809_TIMEBURST8_3585_horizontal_flip_iter2.jpg,JPG,1245x1245,24,Xiaomi,2312DRAABI,72,f/0.0,60,Daylight,16,29-05-2025 10:06
Black Round Rotten,black_round_rotten_IMG_20250418_153809_TIMEBURST7_3720_rotate_iter4.jpg,JPG,1373x1373,24,Xiaomi,2312DRAABI,72,f/0.0,60,Daylight,16,29-05-2025 10:06
Black Round Rotten,black_round_rotten_IMG_20250418_153809_TIMEBURST8_3585_brightness_contrast_iter2.jpg,JPG,1245x1245,24,Xiaomi,2312DRAABI,72,f/0.0,60,Daylight,16,29-05-2025 10:06
Black Round Rotten,black_round_rotten_IMG_20250418_153809_TIMEBURST7_3720_horizontal_flip_iter4.jpg,JPG,1373x1373,24,Xiaomi,2312DRAABI,72,f/0.0,60,Daylight,16,29-05-2025 10:06
Black Round Rotten,black_round_rotten_IMG_20250418_153809_TIMEBURST8_3585_gamma_iter2.jpg,JPG,1245x1245,24,Xiaomi,2312DRAABI,72,f/0.0,63,Daylight,16,29-05-2025 10:06
Black Round Rotten,black_round_rotten_IMG_20250418_153809_TIMEBURST7_3720_brightness_contrast_iter4.jpg,JPG,1373x1373,24,Xiaomi,2312DRAABI,72,f/0.0,65,Daylight,16,29-05-2025 10:06
Black Round Rotten,black_round_rotten_IMG_20250418_153809_TIMEBURST8_3585_rgb_shift_iter2.jpg,JPG,1245x1245,24,Xiaomi,2312DRAABI,72,f/0.0,65,Daylight,16,29-05-2025 10:06
Black Round Rotten,black_round_rotten_IMG_20250418_153809_TIMEBURST7_3720_gamma_iter4.jpg,JPG,1373x1373,24,Xiaomi,2312DRAABI,72,f/0.0,67,Daylight,16,29-05-2025 10:06
Black Round Rotten,black_round_rotten_IMG_20250418_153809_TIMEBURST8_3585_rotate_iter3.jpg,JPG,1245x1245,24,Xiaomi,2312DRAABI,72,f/0.0,75,Daylight,16,29-05-2025 10:06
Black Round Rotten,black_round_rotten_IMG_20250418_153809_TIMEBURST7_3720_rgb_shift_iter4.jpg,JPG,1373x1373,24,Xiaomi,2312DRAABI,72,f/0.0,60,Daylight,16,29-05-2025 10:06
Black Round Rotten,black_round_rotten_IMG_20250418_153809_TIMEBURST8_3585_horizontal_flip_iter3.jpg,JPG,1245x1245,24,Xiaomi,2312DRAABI,72,f/0.0,67,Daylight,16,29-05-2025 10:06
Black Round Rotten,black_round_rotten_IMG_20250418_153809_TIMEBURST8_3585_brightness_contrast_iter3.jpg,JPG,1245x1245,24,Xiaomi,2312DRAABI,72,f/0.0,72,Daylight,16,29-05-2025 10:06
Black Round Rotten,black_round_rotten_IMG_20250418_153809_TIMEBURST7_3720_rotate_iter5.jpg,JPG,1373x1373,24,Xiaomi,2312DRAABI,72,f/0.0,69,Daylight,16,29-05-2025 10:06
Black Round Rotten,black_round_rotten_IMG_20250418_153809_TIMEBURST7_3720_horizontal_flip_iter5.jpg,JPG,1373x1373,24,Xiaomi,2312DRAABI,72,f/0.0,69,Daylight,16,29-05-2025 10:06
Black Round Rotten,black_round_rotten_IMG_20250418_153809_TIMEBURST8_3585_gamma_iter3.jpg,JPG,1245x1245,24,Xiaomi,2312DRAABI,72,f/0.0,67,Daylight,16,29-05-2025 10:06
Black Round Rotten,black_round_rotten_IMG_20250418_153809_TIMEBURST7_3720_brightness_contrast_iter5.jpg,JPG,1373x1373,24,Xiaomi,2312DRAABI,72,f/0.0,69,Daylight,16,29-05-2025 10:06
Black Round Rotten,black_round_rotten_IMG_20250418_153809_TIMEBURST8_3585_rgb_shift_iter3.jpg,JPG,1245x1245,24,Xiaomi,2312DRAABI,72,f/0.0,69,Daylight,16,29-05-2025 10:06
Black Round Rotten,black_round_rotten_IMG_20250418_153809_TIMEBURST7_3720_gamma_iter5.jpg,JPG,1373x1373,24,Xiaomi,2312DRAABI,72,f/0.0,69,Daylight,16,29-05-2025 10:06
Black Round Rotten,black_round_rotten_IMG_20250418_153809_TIMEBURST8_3585_horizontal_flip_iter4.jpg,JPG,1245x1245,24,Xiaomi,2312DRAABI,72,f/0.0,69,Daylight,16,29-05-2025 10:06
Black Round Rotten,black_round_rotten_IMG_20250418_153809_TIMEBURST8_3585_rotate_iter4.jpg,JPG,1245x1245,24,Xiaomi,2312DRAABI,72,f/0.0,69,Daylight,16,29-05-2025 10:06
Black Round Rotten,black_round_rotten_IMG_20250418_153809_TIMEBURST7_3720_rgb_shift_iter5.jpg,JPG,1373x1373,24,Xiaomi,2312DRAABI,72,f/0.0,72,Daylight,16,29-05-2025 10:06
Black Round Rotten,black_round_rotten_IMG_20250418_153809_TIMEBURST8_3585_brightness_contrast_iter4.jpg,JPG,1245x1245,24,Xiaomi,2312DRAABI,72,f/0.0,69,Daylight,16,29-05-2025 10:06
Black Round Rotten,black_round_rotten_IMG_20250418_153809_TIMEBURST9_2921_rotate_iter1.jpg,JPG,1186x1186,24,Xiaomi,2312DRAABI,72,f/0.0,69,Daylight,16,29-05-2025 10:06
Black Round Rotten,black_round_rotten_IMG_20250418_153809_TIMEBURST8_3585_gamma_iter4.jpg,JPG,1245x1245,24,Xiaomi,2312DRAABI,72,f/0.0,72,Daylight,16,29-05-2025 10:06
Black Round Rotten,black_round_rotten_IMG_20250418_153809_TIMEBURST10_3202_rotate_iter1.jpg,JPG,1243x1243,24,Xiaomi,2312DRAABI,72,f/0.0,72,Daylight,16,29-05-2025 10:06
Black Round Rotten,black_round_rotten_IMG_20250418_153809_TIMEBURST9_2921_horizontal_flip_iter1.jpg,JPG,1186x1186,24,Xiaomi,2312DRAABI,72,f/0.0,75,Daylight,16,29-05-2025 10:06
Black Round Rotten,black_round_rotten_IMG_20250418_153809_TIMEBURST10_3202_horizontal_flip_iter1.jpg,JPG,1243x1243,24,Xiaomi,2312DRAABI,72,f/0.0,74,Daylight,16,29-05-2025 10:06
Black Round Rotten,black_round_rotten_IMG_20250418_153809_TIMEBURST8_3585_rgb_shift_iter4.jpg,JPG,1245x1245,24,Xiaomi,2312DRAABI,72,f/0.0,75,Daylight,16,29-05-2025 10:06
Black Round Rotten,black_round_rotten_IMG_20250418_153809_TIMEBURST9_2921_brightness_contrast_iter1.jpg,JPG,1186x1186,24,Xiaomi,2312DRAABI,72,f/0.0,77,Daylight,16,29-05-2025 10:06
Black Round Rotten,black_round_rotten_IMG_20250418_153809_TIMEBURST10_3202_brightness_contrast_iter1.jpg,JPG,1243x1243,24,Xiaomi,2312DRAABI,72,f/0.0,75,Daylight,16,29-05-2025 10:06
Black Round Rotten,black_round_rotten_IMG_20250418_153809_TIMEBURST9_2921_gamma_iter1.jpg,JPG,1186x1186,24,Xiaomi,2312DRAABI,72,f/0.0,81,Daylight,16,29-05-2025 10:06
Black Round Rotten,black_round_rotten_IMG_20250418_153809_TIMEBURST10_3202_gamma_iter1.jpg,JPG,1243x1243,24,Xiaomi,2312DRAABI,72,f/0.0,71,Daylight,16,29-05-2025 10:06
Black Round Rotten,black_round_rotten_IMG_20250418_153809_TIMEBURST8_3585_rotate_iter5.jpg,JPG,1245x1245,24,Xiaomi,2312DRAABI,72,f/0.0,85,Daylight,16,29-05-2025 10:06
Black Round Rotten,black_round_rotten_IMG_20250418_153809_TIMEBURST8_3585_horizontal_flip_iter5.jpg,JPG,1245x1245,24,Xiaomi,2312DRAABI,72,f/0.0,85,Daylight,16,29-05-2025 10:06
Black Round Rotten,black_round_rotten_IMG_20250418_153809_TIMEBURST9_2921_rgb_shift_iter1.jpg,JPG,1186x1186,24,Xiaomi,2312DRAABI,72,f/0.0,85,Daylight,16,29-05-2025 10:06
Black Round Rotten,black_round_rotten_IMG_20250418_153809_TIMEBURST8_3585_brightness_contrast_iter5.jpg,JPG,1245x1245,24,Xiaomi,2312DRAABI,72,f/0.0,84,Daylight,16,29-05-2025 10:06
Black Round Rotten,black_round_rotten_IMG_20250418_153809_TIMEBURST10_3202_rgb_shift_iter1.jpg,JPG,1243x1243,24,Xiaomi,2312DRAABI,72,f/0.0,85,Daylight,16,29-05-2025 10:06
Black Round Rotten,black_round_rotten_IMG_20250418_153809_TIMEBURST9_2921_rotate_iter2.jpg,JPG,1186x1186,24,Xiaomi,2312DRAABI,72,f/0.0,85,Daylight,16,29-05-2025 10:06
Black Round Rotten,black_round_rotten_IMG_20250418_153809_TIMEBURST8_3585_gamma_iter5.jpg,JPG,1245x1245,24,Xiaomi,2312DRAABI,72,f/0.0,85,Daylight,16,29-05-2025 10:06
Black Round Rotten,black_round_rotten_IMG_20250418_153809_TIMEBURST10_3202_rotate_iter2.jpg,JPG,1243x1243,24,Xiaomi,2312DRAABI,72,f/0.0,85,Daylight,16,29-05-2025 10:06
Black Round Rotten,black_round_rotten_IMG_20250418_153809_TIMEBURST9_2921_horizontal_flip_iter2.jpg,JPG,1186x1186,24,Xiaomi,2312DRAABI,72,f/0.0,89,Daylight,16,29-05-2025 10:06
Black Round Rotten,black_round_rotten_IMG_20250418_153809_TIMEBURST9_2921_brightness_contrast_iter2.jpg,JPG,1186x1186,24,Xiaomi,2312DRAABI,72,f/0.0,85,Daylight,16,29-05-2025 10:06
Black Round Rotten,black_round_rotten_IMG_20250418_153809_TIMEBURST10_3202_horizontal_flip_iter2.jpg,JPG,1243x1243,24,Xiaomi,2312DRAABI,72,f/0.0,89,Daylight,16,29-05-2025 10:06
Black Round Rotten,black_round_rotten_IMG_20250418_153809_TIMEBURST8_3585_rgb_shift_iter5.jpg,JPG,1245x1245,24,Xiaomi,2312DRAABI,72,f/0.0,89,Daylight,16,29-05-2025 10:06
Black Round Rotten,black_round_rotten_IMG_20250418_153809_TIMEBURST9_2921_gamma_iter2.jpg,JPG,1186x1186,24,Xiaomi,2312DRAABI,72,f/0.0,86,Daylight,16,29-05-2025 10:06
Black Round Rotten,black_round_rotten_IMG_20250418_153809_TIMEBURST10_3202_brightness_contrast_iter2.jpg,JPG,1243x1243,24,Xiaomi,2312DRAABI,72,f/0.0,94,Daylight,16,29-05-2025 10:06
Black Round Rotten,black_round_rotten_IMG_20250418_153809_TIMEBURST10_3202_gamma_iter2.jpg,JPG,1243x1243,24,Xiaomi,2312DRAABI,72,f/0.0,86,Daylight,16,29-05-2025 10:06
Black Round Rotten,black_round_rotten_IMG_20250418_153809_TIMEBURST9_2921_rgb_shift_iter2.jpg,JPG,1186x1186,24,Xiaomi,2312DRAABI,72,f/0.0,150,Daylight,16,29-05-2025 10:06
Black Round Rotten,black_round_rotten_IMG_20250418_153809_TIMEBURST10_3202_rgb_shift_iter2.jpg,JPG,1243x1243,24,Xiaomi,2312DRAABI,72,f/0.0,86,Daylight,16,29-05-2025 10:06
Black Round Rotten,black_round_rotten_IMG_20250418_153809_TIMEBURST9_2921_rotate_iter3.jpg,JPG,1186x1186,24,Xiaomi,2312DRAABI,72,f/0.0,150,Daylight,16,29-05-2025 10:06
Black Round Rotten,black_round_rotten_IMG_20250418_153809_TIMEBURST9_2921_horizontal_flip_iter3.jpg,JPG,1186x1186,24,Xiaomi,2312DRAABI,72,f/0.0,86,Daylight,16,29-05-2025 10:06
Black Round Rotten,black_round_rotten_IMG_20250418_153809_TIMEBURST10_3202_rotate_iter3.jpg,JPG,1243x1243,24,Xiaomi,2312DRAABI,72,f/0.0,150,Daylight,16,29-05-2025 10:06
Black Round Rotten,black_round_rotten_IMG_20250418_153809_TIMEBURST9_2921_brightness_contrast_iter3.jpg,JPG,1186x1186,24,Xiaomi,2312DRAABI,72,f/0.0,79,Daylight,16,29-05-2025 10:06
Black Round Rotten,black_round_rotten_IMG_20250418_153809_TIMEBURST10_3202_horizontal_flip_iter3.jpg,JPG,1243x1243,24,Xiaomi,2312DRAABI,72,f/0.0,79,Daylight,16,29-05-2025 10:06
Black Round Rotten,black_round_rotten_IMG_20250418_153809_TIMEBURST9_2921_gamma_iter3.jpg,JPG,1186x1186,24,Xiaomi,2312DRAABI,72,f/0.0,79,Daylight,16,29-05-2025 10:06
Black Round Rotten,black_round_rotten_IMG_20250418_153809_TIMEBURST10_3202_brightness_contrast_iter3.jpg,JPG,1243x1243,24,Xiaomi,2312DRAABI,72,f/0.0,150,Daylight,16,29-05-2025 10:06
Black Round Rotten,black_round_rotten_IMG_20250418_153809_TIMEBURST10_3202_gamma_iter3.jpg,JPG,1243x1243,24,Xiaomi,2312DRAABI,72,f/0.0,79,Daylight,16,29-05-2025 10:06
Black Round Rotten,black_round_rotten_IMG_20250418_153809_TIMEBURST9_2921_rgb_shift_iter3.jpg,JPG,1186x1186,24,Xiaomi,2312DRAABI,72,f/0.0,79,Daylight,16,29-05-2025 10:06
Black Round Rotten,black_round_rotten_IMG_20250418_153809_TIMEBURST10_3202_rgb_shift_iter3.jpg,JPG,1243x1243,24,Xiaomi,2312DRAABI,72,f/0.0,79,Daylight,16,29-05-2025 10:06
Black Round Rotten,black_round_rotten_IMG_20250418_153809_TIMEBURST9_2921_rotate_iter4.jpg,JPG,1186x1186,24,Xiaomi,2312DRAABI,72,f/0.0,88,Daylight,16,29-05-2025 10:06
Black Round Rotten,black_round_rotten_IMG_20250418_153809_TIMEBURST10_3202_rotate_iter4.jpg,JPG,1243x1243,24,Xiaomi,2312DRAABI,72,f/0.0,85,Daylight,16,29-05-2025 10:06
Black Round Rotten,black_round_rotten_IMG_20250418_153809_TIMEBURST9_2921_horizontal_flip_iter4.jpg,JPG,1186x1186,24,Xiaomi,2312DRAABI,72,f/0.0,87,Daylight,16,29-05-2025 10:06
Black Round Rotten,black_round_rotten_IMG_20250418_153809_TIMEBURST9_2921_brightness_contrast_iter4.jpg,JPG,1186x1186,24,Xiaomi,2312DRAABI,72,f/0.0,88,Daylight,16,29-05-2025 10:06
Black Round Rotten,black_round_rotten_IMG_20250418_153809_TIMEBURST10_3202_horizontal_flip_iter4.jpg,JPG,1243x1243,24,Xiaomi,2312DRAABI,72,f/0.0,79,Daylight,16,29-05-2025 10:06
Black Round Rotten,black_round_rotten_IMG_20250418_153809_TIMEBURST9_2921_gamma_iter4.jpg,JPG,1186x1186,24,Xiaomi,2312DRAABI,72,f/0.0,81,Daylight,16,29-05-2025 10:06
Black Round Rotten,black_round_rotten_IMG_20250418_153809_TIMEBURST11_2915_rotate_iter1.jpg,JPG,1177x1177,24,Xiaomi,2312DRAABI,72,f/0.0,81,Daylight,16,29-05-2025 10:06
Black Round Rotten,black_round_rotten_IMG_20250418_153809_TIMEBURST10_3202_brightness_contrast_iter4.jpg,JPG,1243x1243,24,Xiaomi,2312DRAABI,72,f/0.0,96,Daylight,16,29-05-2025 10:06
Black Round Rotten,black_round_rotten_IMG_20250418_153809_TIMEBURST9_2921_rgb_shift_iter4.jpg,JPG,1186x1186,24,Xiaomi,2312DRAABI,72,f/0.0,81,Daylight,16,29-05-2025 10:06
Black Round Rotten,black_round_rotten_IMG_20250418_153809_TIMEBURST11_2915_horizontal_flip_iter1.jpg,JPG,1177x1177,24,Xiaomi,2312DRAABI,72,f/0.0,132,Daylight,16,29-05-2025 10:06
Black Round Rotten,black_round_rotten_IMG_20250418_153809_TIMEBURST10_3202_gamma_iter4.jpg,JPG,1243x1243,24,Xiaomi,2312DRAABI,72,f/0.0,116,Daylight,16,29-05-2025 10:06
Black Round Rotten,black_round_rotten_IMG_20250418_153809_TIMEBURST11_2915_brightness_contrast_iter1.jpg,JPG,1177x1177,24,Xiaomi,2312DRAABI,72,f/0.0,116,Daylight,16,29-05-2025 10:06
Black Round Rotten,black_round_rotten_IMG_20250418_153809_TIMEBURST9_2921_rotate_iter5.jpg,JPG,1186x1186,24,Xiaomi,2312DRAABI,72,f/0.0,116,Daylight,16,29-05-2025 10:06
Black Round Rotten,black_round_rotten_IMG_20250418_153809_TIMEBURST10_3202_rgb_shift_iter4.jpg,JPG,1243x1243,24,Xiaomi,2312DRAABI,72,f/0.0,81,Daylight,16,29-05-2025 10:06
Black Round Rotten,black_round_rotten_IMG_20250418_153809_TIMEBURST11_2915_gamma_iter1.jpg,JPG,1177x1177,24,Xiaomi,2312DRAABI,72,f/0.0,116,Daylight,16,29-05-2025 10:06
Black Round Rotten,black_round_rotten_IMG_20250418_153809_TIMEBURST9_2921_horizontal_flip_iter5.jpg,JPG,1186x1186,24,Xiaomi,2312DRAABI,72,f/0.0,116,Daylight,16,29-05-2025 10:06
Black Round Rotten,black_round_rotten_IMG_20250418_153809_TIMEBURST10_3202_rotate_iter5.jpg,JPG,1243x1243,24,Xiaomi,2312DRAABI,72,f/0.0,116,Daylight,16,29-05-2025 10:06
Black Round Rotten,black_round_rotten_IMG_20250418_153809_TIMEBURST9_2921_brightness_contrast_iter5.jpg,JPG,1186x1186,24,Xiaomi,2312DRAABI,72,f/0.0,116,Daylight,16,29-05-2025 10:06
Black Round Rotten,black_round_rotten_IMG_20250418_153809_TIMEBURST10_3202_horizontal_flip_iter5.jpg,JPG,1243x1243,24,Xiaomi,2312DRAABI,72,f/0.0,116,Daylight,16,29-05-2025 10:06
Black Round Rotten,black_round_rotten_IMG_20250418_153809_TIMEBURST11_2915_rgb_shift_iter1.jpg,JPG,1177x1177,24,Xiaomi,2312DRAABI,72,f/0.0,116,Daylight,16,29-05-2025 10:06
Black Round Rotten,black_round_rotten_IMG_20250418_153809_TIMEBURST12_3365_rotate_iter1.jpg,JPG,1298x1298,24,Xiaomi,2312DRAABI,72,f/0.0,116,Daylight,16,29-05-2025 10:06
Black Round Rotten,black_round_rotten_IMG_20250418_153809_TIMEBURST11_2915_rotate_iter2.jpg,JPG,1177x1177,24,Xiaomi,2312DRAABI,72,f/0.0,116,Daylight,16,29-05-2025 10:06
Black Round Rotten,black_round_rotten_IMG_20250418_153809_TIMEBURST10_3202_brightness_contrast_iter5.jpg,JPG,1243x1243,24,Xiaomi,2312DRAABI,72,f/0.0,89,Daylight,16,29-05-2025 10:06
Black Round Rotten,black_round_rotten_IMG_20250418_153809_TIMEBURST9_2921_gamma_iter5.jpg,JPG,1186x1186,24,Xiaomi,2312DRAABI,72,f/0.0,116,Daylight,16,29-05-2025 10:06
Black Round Rotten,black_round_rotten_IMG_20250418_153809_TIMEBURST10_3202_gamma_iter5.jpg,JPG,1243x1243,24,Xiaomi,2312DRAABI,72,f/0.0,116,Daylight,16,29-05-2025 10:06
Black Round Rotten,black_round_rotten_IMG_20250418_153809_TIMEBURST9_2921_rgb_shift_iter5.jpg,JPG,1186x1186,24,Xiaomi,2312DRAABI,72,f/0.0,143,Daylight,16,29-05-2025 10:06
Black Round Rotten,black_round_rotten_IMG_20250418_153809_TIMEBURST11_2915_horizontal_flip_iter2.jpg,JPG,1177x1177,24,Xiaomi,2312DRAABI,72,f/0.0,85,Daylight,16,29-05-2025 10:06
Black Round Rotten,black_round_rotten_IMG_20250418_153809_TIMEBURST12_3365_horizontal_flip_iter1.jpg,JPG,1298x1298,24,Xiaomi,2312DRAABI,72,f/0.0,81,Daylight,16,29-05-2025 10:06
Black Round Rotten,black_round_rotten_IMG_20250418_153809_TIMEBURST10_3202_rgb_shift_iter5.jpg,JPG,1243x1243,24,Xiaomi,2312DRAABI,72,f/0.0,81,Daylight,16,29-05-2025 10:06
Black Round Rotten,black_round_rotten_IMG_20250418_153809_TIMEBURST11_2915_brightness_contrast_iter2.jpg,JPG,1177x1177,24,Xiaomi,2312DRAABI,72,f/0.0,85,Daylight,16,29-05-2025 10:06
Black Round Rotten,black_round_rotten_IMG_20250418_153809_TIMEBURST12_3365_brightness_contrast_iter1.jpg,JPG,1298x1298,24,Xiaomi,2312DRAABI,72,f/0.0,50,Daylight,16,29-05-2025 10:06
Black Round Rotten,black_round_rotten_IMG_20250418_153809_TIMEBURST11_2915_gamma_iter2.jpg,JPG,1177x1177,24,Xiaomi,2312DRAABI,72,f/0.0,50,Daylight,16,29-05-2025 10:06
Black Round Rotten,black_round_rotten_IMG_20250418_153809_TIMEBURST12_3365_gamma_iter1.jpg,JPG,1298x1298,24,Xiaomi,2312DRAABI,72,f/0.0,50,Daylight,16,29-05-2025 10:06
Black Round Rotten,black_round_rotten_IMG_20250418_153809_TIMEBURST11_2915_rgb_shift_iter2.jpg,JPG,1177x1177,24,Xiaomi,2312DRAABI,72,f/0.0,50,Daylight,16,29-05-2025 10:06
Black Round Rotten,black_round_rotten_IMG_20250418_153809_TIMEBURST12_3365_rgb_shift_iter1.jpg,JPG,1298x1298,24,Xiaomi,2312DRAABI,72,f/0.0,50,Daylight,16,29-05-2025 10:06
Black Round Rotten,black_round_rotten_IMG_20250418_153809_TIMEBURST11_2915_rotate_iter3.jpg,JPG,1177x1177,24,Xiaomi,2312DRAABI,72,f/0.0,50,Daylight,16,29-05-2025 10:06
Black Round Rotten,black_round_rotten_IMG_20250418_153809_TIMEBURST11_2915_horizontal_flip_iter3.jpg,JPG,1177x1177,24,Xiaomi,2312DRAABI,72,f/0.0,52,Daylight,16,29-05-2025 10:06
Black Round Rotten,black_round_rotten_IMG_20250418_153809_TIMEBURST12_3365_rotate_iter2.jpg,JPG,1298x1298,24,Xiaomi,2312DRAABI,72,f/0.0,50,Daylight,16,29-05-2025 10:06
Black Round Rotten,black_round_rotten_IMG_20250418_153809_TIMEBURST11_2915_brightness_contrast_iter3.jpg,JPG,1177x1177,24,Xiaomi,2312DRAABI,72,f/0.0,57,Daylight,16,29-05-2025 10:06
Black Round Rotten,black_round_rotten_IMG_20250418_153809_TIMEBURST12_3365_horizontal_flip_iter2.jpg,JPG,1298x1298,24,Xiaomi,2312DRAABI,72,f/0.0,54,Daylight,16,29-05-2025 10:06
Black Round Rotten,black_round_rotten_IMG_20250418_153809_TIMEBURST11_2915_gamma_iter3.jpg,JPG,1177x1177,24,Xiaomi,2312DRAABI,72,f/0.0,54,Daylight,16,29-05-2025 10:06
Black Round Rotten,black_round_rotten_IMG_20250418_153809_TIMEBURST12_3365_brightness_contrast_iter2.jpg,JPG,1298x1298,24,Xiaomi,2312DRAABI,72,f/0.0,57,Daylight,16,29-05-2025 10:06
Black Round Rotten,black_round_rotten_IMG_20250418_153809_TIMEBURST11_2915_rgb_shift_iter3.jpg,JPG,1177x1177,24,Xiaomi,2312DRAABI,72,f/0.0,56,Daylight,16,29-05-2025 10:06
Black Round Rotten,black_round_rotten_IMG_20250418_153809_TIMEBURST12_3365_gamma_iter2.jpg,JPG,1298x1298,24,Xiaomi,2312DRAABI,72,f/0.0,56,Daylight,16,29-05-2025 10:06
Black Round Rotten,black_round_rotten_IMG_20250418_153809_TIMEBURST11_2915_rotate_iter4.jpg,JPG,1177x1177,24,Xiaomi,2312DRAABI,72,f/0.0,56,Daylight,16,29-05-2025 10:06
Black Round Rotten,black_round_rotten_IMG_20250418_153809_TIMEBURST11_2915_horizontal_flip_iter4.jpg,JPG,1177x1177,24,Xiaomi,2312DRAABI,72,f/0.0,57,Daylight,16,29-05-2025 10:06
Black Round Rotten,black_round_rotten_IMG_20250418_153809_TIMEBURST12_3365_rotate_iter3.jpg,JPG,1298x1298,24,Xiaomi,2312DRAABI,72,f/0.0,50,Daylight,16,29-05-2025 10:06
Black Round Rotten,black_round_rotten_IMG_20250418_153809_TIMEBURST12_3365_rgb_shift_iter2.jpg,JPG,1298x1298,24,Xiaomi,2312DRAABI,72,f/0.0,53,Daylight,16,29-05-2025 10:06
Black Round Rotten,black_round_rotten_IMG_20250418_153809_TIMEBURST11_2915_brightness_contrast_iter4.jpg,JPG,1177x1177,24,Xiaomi,2312DRAABI,72,f/0.0,57,Daylight,16,29-05-2025 10:06
Black Round Rotten,black_round_rotten_IMG_20250418_153809_TIMEBURST12_3365_horizontal_flip_iter3.jpg,JPG,1298x1298,24,Xiaomi,2312DRAABI,72,f/0.0,52,Daylight,16,29-05-2025 10:06
Black Round Rotten,black_round_rotten_IMG_20250418_153809_TIMEBURST11_2915_gamma_iter4.jpg,JPG,1177x1177,24,Xiaomi,2312DRAABI,72,f/0.0,57,Daylight,16,29-05-2025 10:06
Black Round Rotten,black_round_rotten_IMG_20250418_153809_TIMEBURST12_3365_brightness_contrast_iter3.jpg,JPG,1298x1298,24,Xiaomi,2312DRAABI,72,f/0.0,57,Daylight,16,29-05-2025 10:06
Black Round Rotten,black_round_rotten_IMG_20250418_153809_TIMEBURST11_2915_rgb_shift_iter4.jpg,JPG,1177x1177,24,Xiaomi,2312DRAABI,72,f/0.0,52,Daylight,16,29-05-2025 10:06
Black Round Rotten,black_round_rotten_IMG_20250418_153809_TIMEBURST12_3365_gamma_iter3.jpg,JPG,1298x1298,24,Xiaomi,2312DRAABI,72,f/0.0,61,Daylight,16,29-05-2025 10:06
Black Round Rotten,black_round_rotten_IMG_20250418_153809_TIMEBURST11_2915_rotate_iter5.jpg,JPG,1177x1177,24,Xiaomi,2312DRAABI,72,f/0.0,61,Daylight,16,29-05-2025 10:06
Black Round Rotten,black_round_rotten_IMG_20250418_153809_TIMEBURST12_3365_rgb_shift_iter3.jpg,JPG,1298x1298,24,Xiaomi,2312DRAABI,72,f/0.0,60,Daylight,16,29-05-2025 10:06
Black Round Rotten,black_round_rotten_IMG_20250418_153809_TIMEBURST11_2915_horizontal_flip_iter5.jpg,JPG,1177x1177,24,Xiaomi,2312DRAABI,72,f/0.0,60,Daylight,16,29-05-2025 10:06
Black Round Rotten,black_round_rotten_IMG_20250418_153809_TIMEBURST12_3365_rotate_iter4.jpg,JPG,1298x1298,24,Xiaomi,2312DRAABI,72,f/0.0,59,Daylight,16,29-05-2025 10:06
Black Round Rotten,black_round_rotten_IMG_20250418_153809_TIMEBURST11_2915_brightness_contrast_iter5.jpg,JPG,1177x1177,24,Xiaomi,2312DRAABI,72,f/0.0,60,Daylight,16,29-05-2025 10:06
Black Round Rotten,black_round_rotten_IMG_20250418_153809_TIMEBURST12_3365_horizontal_flip_iter4.jpg,JPG,1298x1298,24,Xiaomi,2312DRAABI,72,f/0.0,60,Daylight,16,29-05-2025 10:06
Black Round Rotten,black_round_rotten_IMG_20250418_153809_TIMEBURST11_2915_gamma_iter5.jpg,JPG,1177x1177,24,Xiaomi,2312DRAABI,72,f/0.0,61,Daylight,16,29-05-2025 10:06
Black Round Rotten,black_round_rotten_IMG_20250418_153809_TIMEBURST12_3365_brightness_contrast_iter4.jpg,JPG,1298x1298,24,Xiaomi,2312DRAABI,72,f/0.0,60,Daylight,16,29-05-2025 10:06
Black Round Rotten,black_round_rotten_IMG_20250418_153809_TIMEBURST11_2915_rgb_shift_iter5.jpg,JPG,1177x1177,24,Xiaomi,2312DRAABI,72,f/0.0,60,Daylight,16,29-05-2025 10:06
Black Round Rotten,black_round_rotten_IMG_20250418_153809_TIMEBURST13_3899_rotate_iter1.jpg,JPG,1059x1059,24,Xiaomi,2312DRAABI,72,f/0.0,60,Daylight,16,29-05-2025 10:06
Black Round Rotten,black_round_rotten_IMG_20250418_153809_TIMEBURST12_3365_rgb_shift_iter4.jpg,JPG,1298x1298,24,Xiaomi,2312DRAABI,72,f/0.0,60,Daylight,16,29-05-2025 10:06
Black Round Rotten,black_round_rotten_IMG_20250418_153809_TIMEBURST14_3469_rotate_iter1.jpg,JPG,1308x1308,24,Xiaomi,2312DRAABI,72,f/0.0,63,Daylight,16,29-05-2025 10:06
Black Round Rotten,black_round_rotten_IMG_20250418_153809_TIMEBURST12_3365_gamma_iter4.jpg,JPG,1298x1298,24,Xiaomi,2312DRAABI,72,f/0.0,65,Daylight,16,29-05-2025 10:06
Black Round Rotten,black_round_rotten_IMG_20250418_153809_TIMEBURST13_3899_brightness_contrast_iter1.jpg,JPG,1059x1059,24,Xiaomi,2312DRAABI,72,f/0.0,65,Daylight,16,29-05-2025 10:06
Black Round Rotten,black_round_rotten_IMG_20250418_153809_TIMEBURST13_3899_horizontal_flip_iter1.jpg,JPG,1059x1059,24,Xiaomi,2312DRAABI,72,f/0.0,67,Daylight,16,29-05-2025 10:06
Black Round Rotten,black_round_rotten_IMG_20250418_153809_TIMEBURST14_3469_horizontal_flip_iter1.jpg,JPG,1308x1308,24,Xiaomi,2312DRAABI,72,f/0.0,75,Daylight,16,29-05-2025 10:06
Black Round Rotten,black_round_rotten_IMG_20250418_153809_TIMEBURST12_3365_rotate_iter5.jpg,JPG,1298x1298,24,Xiaomi,2312DRAABI,72,f/0.0,60,Daylight,16,29-05-2025 10:06
Black Round Rotten,black_round_rotten_IMG_20250418_153809_TIMEBURST14_3469_brightness_contrast_iter1.jpg,JPG,1308x1308,24,Xiaomi,2312DRAABI,72,f/0.0,67,Daylight,16,29-05-2025 10:06
Black Round Rotten,black_round_rotten_IMG_20250418_153809_TIMEBURST13_3899_gamma_iter1.jpg,JPG,1059x1059,24,Xiaomi,2312DRAABI,72,f/0.0,72,Daylight,16,29-05-2025 10:06
Black Round Rotten,black_round_rotten_IMG_20250418_153809_TIMEBURST14_3469_gamma_iter1.jpg,JPG,1308x1308,24,Xiaomi,2312DRAABI,72,f/0.0,69,Daylight,16,29-05-2025 10:06
Black Round Rotten,black_round_rotten_IMG_20250418_153809_TIMEBURST12_3365_horizontal_flip_iter5.jpg,JPG,1298x1298,24,Xiaomi,2312DRAABI,72,f/0.0,69,Daylight,16,29-05-2025 10:06
Black Round Rotten,black_round_rotten_IMG_20250418_153809_TIMEBURST13_3899_rgb_shift_iter1.jpg,JPG,1059x1059,24,Xiaomi,2312DRAABI,72,f/0.0,67,Daylight,16,29-05-2025 10:06
Black Round Rotten,black_round_rotten_IMG_20250418_153809_TIMEBURST13_3899_rotate_iter2.jpg,JPG,1059x1059,24,Xiaomi,2312DRAABI,72,f/0.0,69,Daylight,16,29-05-2025 10:06
Black Round Rotten,black_round_rotten_IMG_20250418_153809_TIMEBURST12_3365_brightness_contrast_iter5.jpg,JPG,1298x1298,24,Xiaomi,2312DRAABI,72,f/0.0,69,Daylight,16,29-05-2025 10:06
Black Round Rotten,black_round_rotten_IMG_20250418_153809_TIMEBURST14_3469_rgb_shift_iter1.jpg,JPG,1308x1308,24,Xiaomi,2312DRAABI,72,f/0.0,69,Daylight,16,29-05-2025 10:06
Black Round Rotten,black_round_rotten_IMG_20250418_153809_TIMEBURST12_3365_gamma_iter5.jpg,JPG,1298x1298,24,Xiaomi,2312DRAABI,72,f/0.0,69,Daylight,16,29-05-2025 10:06
Black Round Rotten,black_round_rotten_IMG_20250418_153809_TIMEBURST13_3899_horizontal_flip_iter2.jpg,JPG,1059x1059,24,Xiaomi,2312DRAABI,72,f/0.0,69,Daylight,16,29-05-2025 10:06
Black Round Rotten,black_round_rotten_IMG_20250418_153809_TIMEBURST14_3469_rotate_iter2.jpg,JPG,1308x1308,24,Xiaomi,2312DRAABI,72,f/0.0,72,Daylight,16,29-05-2025 10:06
Black Round Rotten,black_round_rotten_IMG_20250418_153809_TIMEBURST13_3899_brightness_contrast_iter2.jpg,JPG,1059x1059,24,Xiaomi,2312DRAABI,72,f/0.0,69,Daylight,16,29-05-2025 10:06
Black Round Rotten,black_round_rotten_IMG_20250418_153809_TIMEBURST12_3365_rgb_shift_iter5.jpg,JPG,1298x1298,24,Xiaomi,2312DRAABI,72,f/0.0,69,Daylight,16,29-05-2025 10:06
Black Round Rotten,black_round_rotten_IMG_20250418_153809_TIMEBURST14_3469_horizontal_flip_iter2.jpg,JPG,1308x1308,24,Xiaomi,2312DRAABI,72,f/0.0,72,Daylight,16,29-05-2025 10:06
Black Round Rotten,black_round_rotten_IMG_20250418_153809_TIMEBURST13_3899_gamma_iter2.jpg,JPG,1059x1059,24,Xiaomi,2312DRAABI,72,f/0.0,72,Daylight,16,29-05-2025 10:06
Black Round Rotten,black_round_rotten_IMG_20250418_153809_TIMEBURST14_3469_brightness_contrast_iter2.jpg,JPG,1308x1308,24,Xiaomi,2312DRAABI,72,f/0.0,75,Daylight,16,29-05-2025 10:06
Black Round Rotten,black_round_rotten_IMG_20250418_153809_TIMEBURST13_3899_rgb_shift_iter2.jpg,JPG,1059x1059,24,Xiaomi,2312DRAABI,72,f/0.0,74,Daylight,16,29-05-2025 10:06
Black Round Rotten,black_round_rotten_IMG_20250418_153809_TIMEBURST13_3899_horizontal_flip_iter3.jpg,JPG,1059x1059,24,Xiaomi,2312DRAABI,72,f/0.0,75,Daylight,16,29-05-2025 10:06
Black Round Rotten,black_round_rotten_IMG_20250418_153809_TIMEBURST14_3469_rgb_shift_iter2.jpg,JPG,1308x1308,24,Xiaomi,2312DRAABI,72,f/0.0,77,Daylight,16,29-05-2025 10:06
Black Round Rotten,black_round_rotten_IMG_20250418_153809_TIMEBURST13_3899_brightness_contrast_iter3.jpg,JPG,1059x1059,24,Xiaomi,2312DRAABI,72,f/0.0,75,Daylight,16,29-05-2025 10:06
Black Round Rotten,black_round_rotten_IMG_20250418_153809_TIMEBURST13_3899_rotate_iter3.jpg,JPG,1059x1059,24,Xiaomi,2312DRAABI,72,f/0.0,81,Daylight,16,29-05-2025 10:06
Black Round Rotten,black_round_rotten_IMG_20250418_153809_TIMEBURST13_3899_gamma_iter3.jpg,JPG,1059x1059,24,Xiaomi,2312DRAABI,72,f/0.0,71,Daylight,16,29-05-2025 10:06
Black Round Rotten,black_round_rotten_IMG_20250418_153809_TIMEBURST14_3469_gamma_iter2.jpg,JPG,1308x1308,24,Xiaomi,2312DRAABI,72,f/0.0,85,Daylight,16,29-05-2025 10:06
Black Round Rotten,black_round_rotten_IMG_20250418_153809_TIMEBURST14_3469_rotate_iter3.jpg,JPG,1308x1308,24,Xiaomi,2312DRAABI,72,f/0.0,85,Daylight,16,29-05-2025 10:06
Black Round Rotten,black_round_rotten_IMG_20250418_153809_TIMEBURST14_3469_horizontal_flip_iter3.jpg,JPG,1308x1308,24,Xiaomi,2312DRAABI,72,f/0.0,85,Daylight,16,29-05-2025 10:06
Black Round Rotten,black_round_rotten_IMG_20250418_153809_TIMEBURST13_3899_rgb_shift_iter3.jpg,JPG,1059x1059,24,Xiaomi,2312DRAABI,72,f/0.0,84,Daylight,16,29-05-2025 10:06
Black Round Rotten,black_round_rotten_IMG_20250418_153809_TIMEBURST14_3469_brightness_contrast_iter3.jpg,JPG,1308x1308,24,Xiaomi,2312DRAABI,72,f/0.0,85,Daylight,16,29-05-2025 10:06
Black Round Rotten,black_round_rotten_IMG_20250418_153809_TIMEBURST15_3267_rotate_iter1.jpg,JPG,1173x1173,24,Xiaomi,2312DRAABI,72,f/0.0,85,Daylight,16,29-05-2025 10:06
Black Round Rotten,black_round_rotten_IMG_20250418_153809_TIMEBURST13_3899_rotate_iter4.jpg,JPG,1059x1059,24,Xiaomi,2312DRAABI,72,f/0.0,85,Daylight,16,29-05-2025 10:06
Black Round Rotten,black_round_rotten_IMG_20250418_153809_TIMEBURST14_3469_gamma_iter3.jpg,JPG,1308x1308,24,Xiaomi,2312DRAABI,72,f/0.0,85,Daylight,16,29-05-2025 10:06
Black Round Rotten,black_round_rotten_IMG_20250418_153809_TIMEBURST15_3267_horizontal_flip_iter1.jpg,JPG,1173x1173,24,Xiaomi,2312DRAABI,72,f/0.0,89,Daylight,16,29-05-2025 10:06
Black Round Rotten,black_round_rotten_IMG_20250418_153809_TIMEBURST13_3899_horizontal_flip_iter4.jpg,JPG,1059x1059,24,Xiaomi,2312DRAABI,72,f/0.0,85,Daylight,16,29-05-2025 10:06
Black Round Rotten,black_round_rotten_IMG_20250418_153809_TIMEBURST13_3899_brightness_contrast_iter4.jpg,JPG,1059x1059,24,Xiaomi,2312DRAABI,72,f/0.0,89,Daylight,16,29-05-2025 10:06
Black Round Rotten,black_round_rotten_IMG_20250418_153809_TIMEBURST15_3267_brightness_contrast_iter1.jpg,JPG,1173x1173,24,Xiaomi,2312DRAABI,72,f/0.0,89,Daylight,16,29-05-2025 10:06
Black Round Rotten,black_round_rotten_IMG_20250418_153809_TIMEBURST14_3469_rgb_shift_iter3.jpg,JPG,1308x1308,24,Xiaomi,2312DRAABI,72,f/0.0,86,Daylight,16,29-05-2025 10:06
Black Round Rotten,black_round_rotten_IMG_20250418_153809_TIMEBURST13_3899_gamma_iter4.jpg,JPG,1059x1059,24,Xiaomi,2312DRAABI,72,f/0.0,94,Daylight,16,29-05-2025 10:06
Black Round Rotten,black_round_rotten_IMG_20250418_153809_TIMEBURST15_3267_gamma_iter1.jpg,JPG,1173x1173,24,Xiaomi,2312DRAABI,72,f/0.0,86,Daylight,16,29-05-2025 10:06
Black Round Rotten,black_round_rotten_IMG_20250418_153809_TIMEBURST14_3469_rotate_iter4.jpg,JPG,1308x1308,24,Xiaomi,2312DRAABI,72,f/0.0,150,Daylight,16,29-05-2025 10:06
Black Round Rotten,black_round_rotten_IMG_20250418_153809_TIMEBURST13_3899_rgb_shift_iter4.jpg,JPG,1059x1059,24,Xiaomi,2312DRAABI,72,f/0.0,86,Daylight,16,29-05-2025 10:06
Black Round Rotten,black_round_rotten_IMG_20250418_153809_TIMEBURST15_3267_rgb_shift_iter1.jpg,JPG,1173x1173,24,Xiaomi,2312DRAABI,72,f/0.0,150,Daylight,16,29-05-2025 10:06
Black Round Rotten,black_round_rotten_IMG_20250418_153809_TIMEBURST14_3469_horizontal_flip_iter4.jpg,JPG,1308x1308,24,Xiaomi,2312DRAABI,72,f/0.0,86,Daylight,16,29-05-2025 10:06
Black Round Rotten,black_round_rotten_IMG_20250418_153809_TIMEBURST13_3899_rotate_iter5.jpg,JPG,1059x1059,24,Xiaomi,2312DRAABI,72,f/0.0,150,Daylight,16,29-05-2025 10:06
Black Round Rotten,black_round_rotten_IMG_20250418_153809_TIMEBURST13_3899_horizontal_flip_iter5.jpg,JPG,1059x1059,24,Xiaomi,2312DRAABI,72,f/0.0,79,Daylight,16,29-05-2025 10:06
Black Round Rotten,black_round_rotten_IMG_20250418_153809_TIMEBURST14_3469_brightness_contrast_iter4.jpg,JPG,1308x1308,24,Xiaomi,2312DRAABI,72,f/0.0,79,Daylight,16,29-05-2025 10:06
Black Round Rotten,black_round_rotten_IMG_20250418_153809_TIMEBURST13_3899_brightness_contrast_iter5.jpg,JPG,1059x1059,24,Xiaomi,2312DRAABI,72,f/0.0,79,Daylight,16,29-05-2025 10:06
Black Round Rotten,black_round_rotten_IMG_20250418_153809_TIMEBURST15_3267_rotate_iter2.jpg,JPG,1173x1173,24,Xiaomi,2312DRAABI,72,f/0.0,150,Daylight,16,29-05-2025 10:06
Black Round Rotten,black_round_rotten_IMG_20250418_153809_TIMEBURST14_3469_gamma_iter4.jpg,JPG,1308x1308,24,Xiaomi,2312DRAABI,72,f/0.0,79,Daylight,16,29-05-2025 10:06
Black Round Rotten,black_round_rotten_IMG_20250418_153809_TIMEBURST15_3267_horizontal_flip_iter2.jpg,JPG,1173x1173,24,Xiaomi,2312DRAABI,72,f/0.0,79,Daylight,16,29-05-2025 10:06
Black Round Rotten,black_round_rotten_IMG_20250418_153809_TIMEBURST14_3469_rgb_shift_iter4.jpg,JPG,1308x1308,24,Xiaomi,2312DRAABI,72,f/0.0,79,Daylight,16,29-05-2025 10:06
Black Round Rotten,black_round_rotten_IMG_20250418_153809_TIMEBURST13_3899_gamma_iter5.jpg,JPG,1059x1059,24,Xiaomi,2312DRAABI,72,f/0.0,88,Daylight,16,29-05-2025 10:06
Black Round Rotten,black_round_rotten_IMG_20250418_153809_TIMEBURST15_3267_brightness_contrast_iter2.jpg,JPG,1173x1173,24,Xiaomi,2312DRAABI,72,f/0.0,85,Daylight,16,29-05-2025 10:06
Black Round Rotten,black_round_rotten_IMG_20250418_153809_TIMEBURST13_3899_rgb_shift_iter5.jpg,JPG,1059x1059,24,Xiaomi,2312DRAABI,72,f/0.0,87,Daylight,16,29-05-2025 10:06
Black Round Rotten,black_round_rotten_IMG_20250418_153809_TIMEBURST15_3267_gamma_iter2.jpg,JPG,1173x1173,24,Xiaomi,2312DRAABI,72,f/0.0,88,Daylight,16,29-05-2025 10:06
Black Round Rotten,black_round_rotten_IMG_20250418_153809_TIMEBURST14_3469_rotate_iter5.jpg,JPG,1308x1308,24,Xiaomi,2312DRAABI,72,f/0.0,79,Daylight,16,29-05-2025 10:06
Black Round Rotten,black_round_rotten_IMG_20250418_153809_TIMEBURST14_3469_horizontal_flip_iter5.jpg,JPG,1308x1308,24,Xiaomi,2312DRAABI,72,f/0.0,81,Daylight,16,29-05-2025 10:06
Black Round Rotten,black_round_rotten_IMG_20250418_153809_TIMEBURST15_3267_rgb_shift_iter2.jpg,JPG,1173x1173,24,Xiaomi,2312DRAABI,72,f/0.0,81,Daylight,16,29-05-2025 10:06
Black Round Rotten,black_round_rotten_IMG_20250418_153809_TIMEBURST14_3469_brightness_contrast_iter5.jpg,JPG,1308x1308,24,Xiaomi,2312DRAABI,72,f/0.0,96,Daylight,16,29-05-2025 10:06
Black Round Rotten,black_round_rotten_IMG_20250418_153809_TIMEBURST15_3267_rotate_iter3.jpg,JPG,1173x1173,24,Xiaomi,2312DRAABI,72,f/0.0,81,Daylight,16,29-05-2025 10:06
Black Round Rotten,black_round_rotten_IMG_20250418_153809_TIMEBURST14_3469_gamma_iter5.jpg,JPG,1308x1308,24,Xiaomi,2312DRAABI,72,f/0.0,132,Daylight,16,29-05-2025 10:06
Black Round Rotten,black_round_rotten_IMG_20250418_153809_TIMEBURST15_3267_horizontal_flip_iter3.jpg,JPG,1173x1173,24,Xiaomi,2312DRAABI,72,f/0.0,116,Daylight,16,29-05-2025 10:06
Black Round Rotten,black_round_rotten_IMG_20250418_153809_TIMEBURST15_3267_brightness_contrast_iter3.jpg,JPG,1173x1173,24,Xiaomi,2312DRAABI,72,f/0.0,116,Daylight,16,29-05-2025 10:06
Black Round Rotten,black_round_rotten_IMG_20250418_153809_TIMEBURST14_3469_rgb_shift_iter5.jpg,JPG,1308x1308,24,Xiaomi,2312DRAABI,72,f/0.0,116,Daylight,16,29-05-2025 10:06
Black Round Rotten,black_round_rotten_IMG_20250418_153809_TIMEBURST15_3267_gamma_iter3.jpg,JPG,1173x1173,24,Xiaomi,2312DRAABI,72,f/0.0,81,Daylight,16,29-05-2025 10:06
Black Round Rotten,black_round_rotten_IMG_20250418_153809_TIMEBURST15_3267_rgb_shift_iter3.jpg,JPG,1173x1173,24,Xiaomi,2312DRAABI,72,f/0.0,116,Daylight,16,29-05-2025 10:06
Black Round Rotten,black_round_rotten_IMG_20250418_153809_TIMEBURST15_3267_rotate_iter4.jpg,JPG,1173x1173,24,Xiaomi,2312DRAABI,72,f/0.0,116,Daylight,16,29-05-2025 10:06
Black Round Rotten,black_round_rotten_IMG_20250418_153809_TIMEBURST16_3893_rotate_iter1.jpg,JPG,1180x1180,24,Xiaomi,2312DRAABI,72,f/0.0,116,Daylight,16,29-05-2025 10:06
Black Round Rotten,black_round_rotten_IMG_20250418_153809_TIMEBURST15_3267_horizontal_flip_iter4.jpg,JPG,1173x1173,24,Xiaomi,2312DRAABI,72,f/0.0,116,Daylight,16,29-05-2025 10:06
Black Round Rotten,black_round_rotten_IMG_20250418_153809_TIMEBURST16_3893_horizontal_flip_iter1.jpg,JPG,1180x1180,24,Xiaomi,2312DRAABI,72,f/0.0,116,Daylight,16,29-05-2025 10:06
Black Round Rotten,black_round_rotten_IMG_20250418_153809_TIMEBURST15_3267_brightness_contrast_iter4.jpg,JPG,1173x1173,24,Xiaomi,2312DRAABI,72,f/0.0,116,Daylight,16,29-05-2025 10:06
Black Round Rotten,black_round_rotten_IMG_20250418_153809_TIMEBURST16_3893_brightness_contrast_iter1.jpg,JPG,1180x1180,24,Xiaomi,2312DRAABI,72,f/0.0,116,Daylight,16,29-05-2025 10:06
Black Round Rotten,black_round_rotten_IMG_20250418_153809_TIMEBURST15_3267_gamma_iter4.jpg,JPG,1173x1173,24,Xiaomi,2312DRAABI,72,f/0.0,116,Daylight,16,29-05-2025 10:06
Black Round Rotten,black_round_rotten_IMG_20250418_153809_TIMEBURST16_3893_gamma_iter1.jpg,JPG,1180x1180,24,Xiaomi,2312DRAABI,72,f/0.0,89,Daylight,16,29-05-2025 10:06
Black Round Rotten,black_round_rotten_IMG_20250418_153809_TIMEBURST15_3267_rgb_shift_iter4.jpg,JPG,1173x1173,24,Xiaomi,2312DRAABI,72,f/0.0,116,Daylight,16,29-05-2025 10:06
Black Round Rotten,black_round_rotten_IMG_20250418_153809_TIMEBURST16_3893_rgb_shift_iter1.jpg,JPG,1180x1180,24,Xiaomi,2312DRAABI,72,f/0.0,116,Daylight,16,29-05-2025 10:06
Black Round Rotten,black_round_rotten_IMG_20250418_153809_TIMEBURST15_3267_rotate_iter5.jpg,JPG,1173x1173,24,Xiaomi,2312DRAABI,72,f/0.0,143,Daylight,16,29-05-2025 10:06
Black Round Rotten,black_round_rotten_IMG_20250418_153809_TIMEBURST16_3893_rotate_iter2.jpg,JPG,1180x1180,24,Xiaomi,2312DRAABI,72,f/0.0,85,Daylight,16,29-05-2025 10:06
Black Round Rotten,black_round_rotten_IMG_20250418_153809_TIMEBURST15_3267_horizontal_flip_iter5.jpg,JPG,1173x1173,24,Xiaomi,2312DRAABI,72,f/0.0,81,Daylight,16,29-05-2025 10:06
Black Round Rotten,black_round_rotten_IMG_20250418_153809_TIMEBURST15_3267_brightness_contrast_iter5.jpg,JPG,1173x1173,24,Xiaomi,2312DRAABI,72,f/0.0,81,Daylight,16,29-05-2025 10:06
Black Round Rotten,black_round_rotten_IMG_20250418_153809_TIMEBURST16_3893_horizontal_flip_iter2.jpg,JPG,1180x1180,24,Xiaomi,2312DRAABI,72,f/0.0,85,Daylight,16,29-05-2025 10:06
Black Round Rotten,black_round_rotten_IMG_20250418_153809_TIMEBURST17_3736_rotate_iter1.jpg,JPG,1179x1179,24,Xiaomi,2312DRAABI,72,f/0.0,50,Daylight,16,29-05-2025 10:06
Black Round Rotten,black_round_rotten_IMG_20250418_153809_TIMEBURST15_3267_gamma_iter5.jpg,JPG,1173x1173,24,Xiaomi,2312DRAABI,72,f/0.0,50,Daylight,16,29-05-2025 10:06
Black Round Rotten,black_round_rotten_IMG_20250418_153809_TIMEBURST16_3893_brightness_contrast_iter2.jpg,JPG,1180x1180,24,Xiaomi,2312DRAABI,72,f/0.0,50,Daylight,16,29-05-2025 10:06
Black Round Rotten,black_round_rotten_IMG_20250418_153809_TIMEBURST17_3736_horizontal_flip_iter1.jpg,JPG,1179x1179,24,Xiaomi,2312DRAABI,72,f/0.0,50,Daylight,16,29-05-2025 10:06
Black Round Rotten,black_round_rotten_IMG_20250418_153809_TIMEBURST16_3893_gamma_iter2.jpg,JPG,1180x1180,24,Xiaomi,2312DRAABI,72,f/0.0,50,Daylight,16,29-05-2025 10:06
Black Round Rotten,black_round_rotten_IMG_20250418_153809_TIMEBURST17_3736_brightness_contrast_iter1.jpg,JPG,1179x1179,24,Xiaomi,2312DRAABI,72,f/0.0,50,Daylight,16,29-05-2025 10:06
Black Round Rotten,black_round_rotten_IMG_20250418_153809_TIMEBURST15_3267_rgb_shift_iter5.jpg,JPG,1173x1173,24,Xiaomi,2312DRAABI,72,f/0.0,52,Daylight,16,29-05-2025 10:06
Black Round Rotten,black_round_rotten_IMG_20250418_153809_TIMEBURST16_3893_rgb_shift_iter2.jpg,JPG,1180x1180,24,Xiaomi,2312DRAABI,72,f/0.0,50,Daylight,16,29-05-2025 10:06
Black Round Rotten,black_round_rotten_IMG_20250418_153809_TIMEBURST17_3736_gamma_iter1.jpg,JPG,1179x1179,24,Xiaomi,2312DRAABI,72,f/0.0,57,Daylight,16,29-05-2025 10:06
Black Round Rotten,black_round_rotten_IMG_20250418_153809_TIMEBURST18_3972_rotate_iter1.jpg,JPG,1249x1249,24,Xiaomi,2312DRAABI,72,f/0.0,54,Daylight,16,29-05-2025 10:06
Black Round Rotten,black_round_rotten_IMG_20250418_153809_TIMEBURST16_3893_rotate_iter3.jpg,JPG,1180x1180,24,Xiaomi,2312DRAABI,72,f/0.0,54,Daylight,16,29-05-2025 10:06
Black Round Rotten,black_round_rotten_IMG_20250418_153809_TIMEBURST17_3736_rgb_shift_iter1.jpg,JPG,1179x1179,24,Xiaomi,2312DRAABI,72,f/0.0,57,Daylight,16,29-05-2025 10:06
Black Round Rotten,black_round_rotten_IMG_20250418_153809_TIMEBURST16_3893_horizontal_flip_iter3.jpg,JPG,1180x1180,24,Xiaomi,2312DRAABI,72,f/0.0,56,Daylight,16,29-05-2025 10:06
Black Round Rotten,black_round_rotten_IMG_20250418_153809_TIMEBURST18_3972_horizontal_flip_iter1.jpg,JPG,1249x1249,24,Xiaomi,2312DRAABI,72,f/0.0,56,Daylight,16,29-05-2025 10:06
Black Round Rotten,black_round_rotten_IMG_20250418_153809_TIMEBURST17_3736_rotate_iter2.jpg,JPG,1179x1179,24,Xiaomi,2312DRAABI,72,f/0.0,56,Daylight,16,29-05-2025 10:06
Black Round Rotten,black_round_rotten_IMG_20250418_153809_TIMEBURST16_3893_brightness_contrast_iter3.jpg,JPG,1180x1180,24,Xiaomi,2312DRAABI,72,f/0.0,57,Daylight,16,29-05-2025 10:06
Black Round Rotten,black_round_rotten_IMG_20250418_153809_TIMEBURST18_3972_brightness_contrast_iter1.jpg,JPG,1249x1249,24,Xiaomi,2312DRAABI,72,f/0.0,50,Daylight,16,29-05-2025 10:06
Black Round Rotten,black_round_rotten_IMG_20250418_153809_TIMEBURST17_3736_horizontal_flip_iter2.jpg,JPG,1179x1179,24,Xiaomi,2312DRAABI,72,f/0.0,53,Daylight,16,29-05-2025 10:06
Black Round Rotten,black_round_rotten_IMG_20250418_153809_TIMEBURST16_3893_gamma_iter3.jpg,JPG,1180x1180,24,Xiaomi,2312DRAABI,72,f/0.0,57,Daylight,16,29-05-2025 10:06
Black Round Rotten,black_round_rotten_IMG_20250418_153809_TIMEBURST18_3972_gamma_iter1.jpg,JPG,1249x1249,24,Xiaomi,2312DRAABI,72,f/0.0,52,Daylight,16,29-05-2025 10:06
Black Round Rotten,black_round_rotten_IMG_20250418_153809_TIMEBURST17_3736_brightness_contrast_iter2.jpg,JPG,1179x1179,24,Xiaomi,2312DRAABI,72,f/0.0,57,Daylight,16,29-05-2025 10:06
Black Round Rotten,black_round_rotten_IMG_20250418_153809_TIMEBURST17_3736_gamma_iter2.jpg,JPG,1179x1179,24,Xiaomi,2312DRAABI,72,f/0.0,57,Daylight,16,29-05-2025 10:06
Black Round Rotten,black_round_rotten_IMG_20250418_153809_TIMEBURST16_3893_rgb_shift_iter3.jpg,JPG,1180x1180,24,Xiaomi,2312DRAABI,72,f/0.0,52,Daylight,16,29-05-2025 10:06
Black Round Rotten,black_round_rotten_IMG_20250418_153809_TIMEBURST18_3972_rgb_shift_iter1.jpg,JPG,1249x1249,24,Xiaomi,2312DRAABI,72,f/0.0,61,Daylight,16,29-05-2025 10:06
Black Round Rotten,black_round_rotten_IMG_20250418_153809_TIMEBURST16_3893_rotate_iter4.jpg,JPG,1180x1180,24,Xiaomi,2312DRAABI,72,f/0.0,61,Daylight,16,29-05-2025 10:06
Black Round Rotten,black_round_rotten_IMG_20250418_153809_TIMEBURST17_3736_rgb_shift_iter2.jpg,JPG,1179x1179,24,Xiaomi,2312DRAABI,72,f/0.0,60,Daylight,16,29-05-2025 10:06
Black Round Rotten,black_round_rotten_IMG_20250418_153809_TIMEBURST16_3893_horizontal_flip_iter4.jpg,JPG,1180x1180,24,Xiaomi,2312DRAABI,72,f/0.0,60,Daylight,16,29-05-2025 10:06
Black Round Rotten,black_round_rotten_IMG_20250418_153809_TIMEBURST18_3972_rotate_iter2.jpg,JPG,1249x1249,24,Xiaomi,2312DRAABI,72,f/0.0,59,Daylight,16,29-05-2025 10:06
Black Round Rotten,black_round_rotten_IMG_20250418_153809_TIMEBURST16_3893_brightness_contrast_iter4.jpg,JPG,1180x1180,24,Xiaomi,2312DRAABI,72,f/0.0,60,Daylight,16,29-05-2025 10:06
Black Round Rotten,black_round_rotten_IMG_20250418_153809_TIMEBURST17_3736_rotate_iter3.jpg,JPG,1179x1179,24,Xiaomi,2312DRAABI,72,f/0.0,60,Daylight,16,29-05-2025 10:06
Black Round Rotten,black_round_rotten_IMG_20250418_153809_TIMEBURST18_3972_horizontal_flip_iter2.jpg,JPG,1249x1249,24,Xiaomi,2312DRAABI,72,f/0.0,61,Daylight,16,29-05-2025 10:06
Black Round Rotten,black_round_rotten_IMG_20250418_153809_TIMEBURST16_3893_gamma_iter4.jpg,JPG,1180x1180,24,Xiaomi,2312DRAABI,72,f/0.0,60,Daylight,16,29-05-2025 10:06
Black Round Rotten,black_round_rotten_IMG_20250418_153809_TIMEBURST17_3736_horizontal_flip_iter3.jpg,JPG,1179x1179,24,Xiaomi,2312DRAABI,72,f/0.0,60,Daylight,16,29-05-2025 10:06
Black Round Rotten,black_round_rotten_IMG_20250418_153809_TIMEBURST18_3972_brightness_contrast_iter2.jpg,JPG,1249x1249,24,Xiaomi,2312DRAABI,72,f/0.0,60,Daylight,16,29-05-2025 10:06
Black Round Rotten,black_round_rotten_IMG_20250418_153809_TIMEBURST17_3736_brightness_contrast_iter3.jpg,JPG,1179x1179,24,Xiaomi,2312DRAABI,72,f/0.0,60,Daylight,16,29-05-2025 10:06
Black Round Rotten,black_round_rotten_IMG_20250418_153809_TIMEBURST16_3893_rgb_shift_iter4.jpg,JPG,1180x1180,24,Xiaomi,2312DRAABI,72,f/0.0,63,Daylight,16,29-05-2025 10:06
Black Round Rotten,black_round_rotten_IMG_20250418_153809_TIMEBURST18_3972_gamma_iter2.jpg,JPG,1249x1249,24,Xiaomi,2312DRAABI,72,f/0.0,65,Daylight,16,29-05-2025 10:06
Black Round Rotten,black_round_rotten_IMG_20250418_153809_TIMEBURST17_3736_gamma_iter3.jpg,JPG,1179x1179,24,Xiaomi,2312DRAABI,72,f/0.0,65,Daylight,16,29-05-2025 10:06
Black Round Rotten,black_round_rotten_IMG_20250418_153809_TIMEBURST16_3893_rotate_iter5.jpg,JPG,1180x1180,24,Xiaomi,2312DRAABI,72,f/0.0,67,Daylight,16,29-05-2025 10:06
Black Round Rotten,black_round_rotten_IMG_20250418_153809_TIMEBURST16_3893_horizontal_flip_iter5.jpg,JPG,1180x1180,24,Xiaomi,2312DRAABI,72,f/0.0,75,Daylight,16,29-05-2025 10:06
Black Round Rotten,black_round_rotten_IMG_20250418_153809_TIMEBURST18_3972_rgb_shift_iter2.jpg,JPG,1249x1249,24,Xiaomi,2312DRAABI,72,f/0.0,60,Daylight,16,29-05-2025 10:06
Black Round Rotten,black_round_rotten_IMG_20250418_153809_TIMEBURST17_3736_rgb_shift_iter3.jpg,JPG,1179x1179,24,Xiaomi,2312DRAABI,72,f/0.0,67,Daylight,16,29-05-2025 10:06
Black Round Rotten,black_round_rotten_IMG_20250418_153809_TIMEBURST16_3893_brightness_contrast_iter5.jpg,JPG,1180x1180,24,Xiaomi,2312DRAABI,72,f/0.0,72,Daylight,16,29-05-2025 10:06
Black Round Rotten,black_round_rotten_IMG_20250418_153809_TIMEBURST18_3972_rotate_iter3.jpg,JPG,1249x1249,24,Xiaomi,2312DRAABI,72,f/0.0,69,Daylight,16,29-05-2025 10:06
Black Round Rotten,black_round_rotten_IMG_20250418_153809_TIMEBURST19_3883_rotate_iter1.jpg,JPG,1112x1112,24,Xiaomi,2312DRAABI,72,f/0.0,69,Daylight,16,29-05-2025 10:06
Black Round Rotten,black_round_rotten_IMG_20250418_153809_TIMEBURST18_3972_horizontal_flip_iter3.jpg,JPG,1249x1249,24,Xiaomi,2312DRAABI,72,f/0.0,67,Daylight,16,29-05-2025 10:06
Black Round Rotten,black_round_rotten_IMG_20250418_153809_TIMEBURST16_3893_gamma_iter5.jpg,JPG,1180x1180,24,Xiaomi,2312DRAABI,72,f/0.0,69,Daylight,16,29-05-2025 10:06
Black Round Rotten,black_round_rotten_IMG_20250418_153809_TIMEBURST19_3883_horizontal_flip_iter1.jpg,JPG,1112x1112,24,Xiaomi,2312DRAABI,72,f/0.0,69,Daylight,16,29-05-2025 10:06
Black Round Rotten,black_round_rotten_IMG_20250418_153809_TIMEBURST17_3736_rotate_iter4.jpg,JPG,1179x1179,24,Xiaomi,2312DRAABI,72,f/0.0,69,Daylight,16,29-05-2025 10:06
Black Round Rotten,black_round_rotten_IMG_20250418_153809_TIMEBURST16_3893_rgb_shift_iter5.jpg,JPG,1180x1180,24,Xiaomi,2312DRAABI,72,f/0.0,69,Daylight,16,29-05-2025 10:06
Black Round Rotten,black_round_rotten_IMG_20250418_153809_TIMEBURST17_3736_horizontal_flip_iter4.jpg,JPG,1179x1179,24,Xiaomi,2312DRAABI,72,f/0.0,69,Daylight,16,29-05-2025 10:06
Black Round Rotten,black_round_rotten_IMG_20250418_153809_TIMEBURST18_3972_brightness_contrast_iter3.jpg,JPG,1249x1249,24,Xiaomi,2312DRAABI,72,f/0.0,72,Daylight,16,29-05-2025 10:06
Black Round Rotten,black_round_rotten_IMG_20250418_153809_TIMEBURST19_3883_gamma_iter1.jpg,JPG,1112x1112,24,Xiaomi,2312DRAABI,72,f/0.0,69,Daylight,16,29-05-2025 10:06
Black Round Rotten,black_round_rotten_IMG_20250418_153809_TIMEBURST17_3736_brightness_contrast_iter4.jpg,JPG,1179x1179,24,Xiaomi,2312DRAABI,72,f/0.0,69,Daylight,16,29-05-2025 10:06
Black Round Rotten,black_round_rotten_IMG_20250418_153809_TIMEBURST17_3736_gamma_iter4.jpg,JPG,1179x1179,24,Xiaomi,2312DRAABI,72,f/0.0,72,Daylight,16,29-05-2025 10:06
Black Round Rotten,black_round_rotten_IMG_20250418_153809_TIMEBURST18_3972_gamma_iter3.jpg,JPG,1249x1249,24,Xiaomi,2312DRAABI,72,f/0.0,72,Daylight,16,29-05-2025 10:06
Black Round Rotten,black_round_rotten_IMG_20250418_153809_TIMEBURST19_3883_brightness_contrast_iter1.jpg,JPG,1112x1112,24,Xiaomi,2312DRAABI,72,f/0.0,75,Daylight,16,29-05-2025 10:06
Black Round Rotten,black_round_rotten_IMG_20250418_153809_TIMEBURST17_3736_rgb_shift_iter4.jpg,JPG,1179x1179,24,Xiaomi,2312DRAABI,72,f/0.0,74,Daylight,16,29-05-2025 10:06
Black Round Rotten,black_round_rotten_IMG_20250418_153809_TIMEBURST19_3883_rgb_shift_iter1.jpg,JPG,1112x1112,24,Xiaomi,2312DRAABI,72,f/0.0,75,Daylight,16,29-05-2025 10:06
Black Round Rotten,black_round_rotten_IMG_20250418_153809_TIMEBURST18_3972_rgb_shift_iter3.jpg,JPG,1249x1249,24,Xiaomi,2312DRAABI,72,f/0.0,77,Daylight,16,29-05-2025 10:06
Black Round Rotten,black_round_rotten_IMG_20250418_153809_TIMEBURST19_3883_horizontal_flip_iter2.jpg,JPG,1112x1112,24,Xiaomi,2312DRAABI,72,f/0.0,75,Daylight,16,29-05-2025 10:06
Black Round Rotten,black_round_rotten_IMG_20250418_153809_TIMEBURST19_3883_rotate_iter2.jpg,JPG,1112x1112,24,Xiaomi,2312DRAABI,72,f/0.0,81,Daylight,16,29-05-2025 10:06
Black Round Rotten,black_round_rotten_IMG_20250418_153809_TIMEBURST17_3736_rotate_iter5.jpg,JPG,1179x1179,24,Xiaomi,2312DRAABI,72,f/0.0,71,Daylight,16,29-05-2025 10:06
Black Round Rotten,black_round_rotten_IMG_20250418_153809_TIMEBURST18_3972_rotate_iter4.jpg,JPG,1249x1249,24,Xiaomi,2312DRAABI,72,f/0.0,85,Daylight,16,29-05-2025 10:06
Black Round Rotten,black_round_rotten_IMG_20250418_153809_TIMEBURST19_3883_brightness_contrast_iter2.jpg,JPG,1112x1112,24,Xiaomi,2312DRAABI,72,f/0.0,85,Daylight,16,29-05-2025 10:06
Black Round Rotten,black_round_rotten_IMG_20250418_153809_TIMEBURST17_3736_horizontal_flip_iter5.jpg,JPG,1179x1179,24,Xiaomi,2312DRAABI,72,f/0.0,85,Daylight,16,29-05-2025 10:06
Black Round Rotten,black_round_rotten_IMG_20250418_153809_TIMEBURST18_3972_horizontal_flip_iter4.jpg,JPG,1249x1249,24,Xiaomi,2312DRAABI,72,f/0.0,84,Daylight,16,29-05-2025 10:06
Black Round Rotten,black_round_rotten_IMG_20250418_153809_TIMEBURST17_3736_brightness_contrast_iter5.jpg,JPG,1179x1179,24,Xiaomi,2312DRAABI,72,f/0.0,85,Daylight,16,29-05-2025 10:06
Black Round Rotten,black_round_rotten_IMG_20250418_153809_TIMEBURST18_3972_brightness_contrast_iter4.jpg,JPG,1249x1249,24,Xiaomi,2312DRAABI,72,f/0.0,85,Daylight,16,29-05-2025 10:06
Black Round Rotten,black_round_rotten_IMG_20250418_153809_TIMEBURST19_3883_gamma_iter2.jpg,JPG,1112x1112,24,Xiaomi,2312DRAABI,72,f/0.0,85,Daylight,16,29-05-2025 10:06
Black Round Rotten,black_round_rotten_IMG_20250418_153809_TIMEBURST17_3736_gamma_iter5.jpg,JPG,1179x1179,24,Xiaomi,2312DRAABI,72,f/0.0,85,Daylight,16,29-05-2025 10:06
Black Round Rotten,black_round_rotten_IMG_20250418_153809_TIMEBURST18_3972_gamma_iter4.jpg,JPG,1249x1249,24,Xiaomi,2312DRAABI,72,f/0.0,89,Daylight,16,29-05-2025 10:06
Black Round Rotten,black_round_rotten_IMG_20250418_153809_TIMEBURST19_3883_rgb_shift_iter2.jpg,JPG,1112x1112,24,Xiaomi,2312DRAABI,72,f/0.0,85,Daylight,16,29-05-2025 10:06
Black Round Rotten,black_round_rotten_IMG_20250418_153809_TIMEBURST18_3972_rgb_shift_iter4.jpg,JPG,1249x1249,24,Xiaomi,2312DRAABI,72,f/0.0,89,Daylight,16,29-05-2025 10:06
Black Round Rotten,black_round_rotten_IMG_20250418_153809_TIMEBURST19_3883_rotate_iter3.jpg,JPG,1112x1112,24,Xiaomi,2312DRAABI,72,f/0.0,89,Daylight,16,29-05-2025 10:06
Black Round Rotten,black_round_rotten_IMG_20250418_153809_TIMEBURST17_3736_rgb_shift_iter5.jpg,JPG,1179x1179,24,Xiaomi,2312DRAABI,72,f/0.0,86,Daylight,16,29-05-2025 10:06
Black Round Rotten,black_round_rotten_IMG_20250418_153809_TIMEBURST19_3883_brightness_contrast_iter3.jpg,JPG,1112x1112,24,Xiaomi,2312DRAABI,72,f/0.0,94,Daylight,16,29-05-2025 10:06
Black Round Rotten,black_round_rotten_IMG_20250418_153809_TIMEBURST18_3972_rotate_iter5.jpg,JPG,1249x1249,24,Xiaomi,2312DRAABI,72,f/0.0,86,Daylight,16,29-05-2025 10:06
Black Round Rotten,black_round_rotten_IMG_20250418_153809_TIMEBURST19_3883_horizontal_flip_iter3.jpg,JPG,1112x1112,24,Xiaomi,2312DRAABI,72,f/0.0,150,Daylight,16,29-05-2025 10:06
Black Round Rotten,black_round_rotten_IMG_20250418_153809_TIMEBURST18_3972_horizontal_flip_iter5.jpg,JPG,1249x1249,24,Xiaomi,2312DRAABI,72,f/0.0,86,Daylight,16,29-05-2025 10:06
Black Round Rotten,black_round_rotten_IMG_20250418_153809_TIMEBURST19_3883_gamma_iter3.jpg,JPG,1112x1112,24,Xiaomi,2312DRAABI,72,f/0.0,150,Daylight,16,29-05-2025 10:06
Black Round Rotten,black_round_rotten_IMG_20250418_153809_TIMEBURST18_3972_brightness_contrast_iter5.jpg,JPG,1249x1249,24,Xiaomi,2312DRAABI,72,f/0.0,86,Daylight,16,29-05-2025 10:06
Black Round Rotten,black_round_rotten_IMG_20250418_153809_TIMEBURST19_3883_rgb_shift_iter3.jpg,JPG,1112x1112,24,Xiaomi,2312DRAABI,72,f/0.0,150,Daylight,16,29-05-2025 10:06
Black Round Rotten,black_round_rotten_IMG_20250418_153809_TIMEBURST20_3956_rotate_iter1.jpg,JPG,1246x1246,24,Xiaomi,2312DRAABI,72,f/0.0,79,Daylight,16,29-05-2025 10:06
Black Round Rotten,black_round_rotten_IMG_20250418_153809_TIMEBURST18_3972_gamma_iter5.jpg,JPG,1249x1249,24,Xiaomi,2312DRAABI,72,f/0.0,79,Daylight,16,29-05-2025 10:06
Black Round Rotten,black_round_rotten_IMG_20250418_153809_TIMEBURST19_3883_rotate_iter4.jpg,JPG,1112x1112,24,Xiaomi,2312DRAABI,72,f/0.0,79,Daylight,16,29-05-2025 10:06
Black Round Rotten,black_round_rotten_IMG_20250418_153809_TIMEBURST18_3972_rgb_shift_iter5.jpg,JPG,1249x1249,24,Xiaomi,2312DRAABI,72,f/0.0,150,Daylight,16,29-05-2025 10:06
Black Round Rotten,black_round_rotten_IMG_20250418_153809_TIMEBURST20_3956_horizontal_flip_iter1.jpg,JPG,1246x1246,24,Xiaomi,2312DRAABI,72,f/0.0,79,Daylight,16,29-05-2025 10:06
Black Round Rotten,black_round_rotten_IMG_20250418_153809_TIMEBURST19_3883_horizontal_flip_iter4.jpg,JPG,1112x1112,24,Xiaomi,2312DRAABI,72,f/0.0,79,Daylight,16,29-05-2025 10:06
Black Round Rotten,black_round_rotten_IMG_20250418_153809_TIMEBURST20_3956_brightness_contrast_iter1.jpg,JPG,1246x1246,24,Xiaomi,2312DRAABI,72,f/0.0,79,Daylight,16,29-05-2025 10:06
Black Round Rotten,black_round_rotten_IMG_20250418_153809_TIMEBURST19_3883_brightness_contrast_iter4.jpg,JPG,1112x1112,24,Xiaomi,2312DRAABI,72,f/0.0,88,Daylight,16,29-05-2025 10:06
Black Round Rotten,black_round_rotten_IMG_20250418_153809_TIMEBURST20_3956_gamma_iter1.jpg,JPG,1246x1246,24,Xiaomi,2312DRAABI,72,f/0.0,85,Daylight,16,29-05-2025 10:06
Black Round Rotten,black_round_rotten_IMG_20250418_153809_TIMEBURST19_3883_gamma_iter4.jpg,JPG,1112x1112,24,Xiaomi,2312DRAABI,72,f/0.0,87,Daylight,16,29-05-2025 10:06
Black Round Rotten,black_round_rotten_IMG_20250418_153809_TIMEBURST19_3883_rgb_shift_iter4.jpg,JPG,1112x1112,24,Xiaomi,2312DRAABI,72,f/0.0,88,Daylight,16,29-05-2025 10:06
Black Round Rotten,black_round_rotten_IMG_20250418_153809_TIMEBURST20_3956_rgb_shift_iter1.jpg,JPG,1246x1246,24,Xiaomi,2312DRAABI,72,f/0.0,79,Daylight,16,29-05-2025 10:06
Black Round Rotten,black_round_rotten_IMG_20250418_153809_TIMEBURST19_3883_rotate_iter5.jpg,JPG,1112x1112,24,Xiaomi,2312DRAABI,72,f/0.0,81,Daylight,16,29-05-2025 10:06
Black Round Rotten,black_round_rotten_IMG_20250418_153809_TIMEBURST19_3883_horizontal_flip_iter5.jpg,JPG,1112x1112,24,Xiaomi,2312DRAABI,72,f/0.0,81,Daylight,16,29-05-2025 10:06
Black Round Rotten,black_round_rotten_IMG_20250418_153809_TIMEBURST20_3956_horizontal_flip_iter2.jpg,JPG,1246x1246,24,Xiaomi,2312DRAABI,72,f/0.0,96,Daylight,16,29-05-2025 10:06
Black Round Rotten,black_round_rotten_IMG_20250418_153809_TIMEBURST19_3883_brightness_contrast_iter5.jpg,JPG,1112x1112,24,Xiaomi,2312DRAABI,72,f/0.0,81,Daylight,16,29-05-2025 10:06
Black Round Rotten,black_round_rotten_IMG_20250418_153809_TIMEBURST20_3956_rotate_iter2.jpg,JPG,1246x1246,24,Xiaomi,2312DRAABI,72,f/0.0,132,Daylight,16,29-05-2025 10:06
Black Round Rotten,black_round_rotten_IMG_20250418_153809_TIMEBURST19_3883_rgb_shift_iter5.jpg,JPG,1112x1112,24,Xiaomi,2312DRAABI,72,f/0.0,116,Daylight,16,29-05-2025 10:06
Black Round Rotten,black_round_rotten_IMG_20250418_153809_TIMEBURST19_3883_gamma_iter5.jpg,JPG,1112x1112,24,Xiaomi,2312DRAABI,72,f/0.0,116,Daylight,16,29-05-2025 10:06
Black Round Rotten,black_round_rotten_IMG_20250418_153809_TIMEBURST20_3956_brightness_contrast_iter2.jpg,JPG,1246x1246,24,Xiaomi,2312DRAABI,72,f/0.0,116,Daylight,16,29-05-2025 10:06
Black Round Rotten,black_round_rotten_IMG_20250418_153809_TIMEBURST20_3956_gamma_iter2.jpg,JPG,1246x1246,24,Xiaomi,2312DRAABI,72,f/0.0,81,Daylight,16,29-05-2025 10:06
Black Round Rotten,black_round_rotten_IMG_20250418_153846_TIMEBURST1_3877_rotate_iter1.jpg,JPG,1374x1374,24,Xiaomi,2312DRAABI,72,f/0.0,116,Daylight,16,29-05-2025 10:06
Black Round Rotten,black_round_rotten_IMG_20250418_153846_TIMEBURST1_3877_horizontal_flip_iter1.jpg,JPG,1374x1374,24,Xiaomi,2312DRAABI,72,f/0.0,116,Daylight,16,29-05-2025 10:06
Black Round Rotten,black_round_rotten_IMG_20250418_153809_TIMEBURST20_3956_rgb_shift_iter2.jpg,JPG,1246x1246,24,Xiaomi,2312DRAABI,72,f/0.0,116,Daylight,16,29-05-2025 10:06
Black Round Rotten,black_round_rotten_IMG_20250418_153846_TIMEBURST1_3877_brightness_contrast_iter1.jpg,JPG,1374x1374,24,Xiaomi,2312DRAABI,72,f/0.0,116,Daylight,16,29-05-2025 10:06
Black Round Rotten,black_round_rotten_IMG_20250418_153809_TIMEBURST20_3956_rotate_iter3.jpg,JPG,1246x1246,24,Xiaomi,2312DRAABI,72,f/0.0,116,Daylight,16,29-05-2025 10:06
Black Round Rotten,black_round_rotten_IMG_20250418_153846_TIMEBURST1_3877_gamma_iter1.jpg,JPG,1374x1374,24,Xiaomi,2312DRAABI,72,f/0.0,116,Daylight,16,29-05-2025 10:06
Black Round Rotten,black_round_rotten_IMG_20250418_153809_TIMEBURST20_3956_horizontal_flip_iter3.jpg,JPG,1246x1246,24,Xiaomi,2312DRAABI,72,f/0.0,116,Daylight,16,29-05-2025 10:06
Black Round Rotten,black_round_rotten_IMG_20250418_153809_TIMEBURST20_3956_brightness_contrast_iter3.jpg,JPG,1246x1246,24,Xiaomi,2312DRAABI,72,f/0.0,116,Daylight,16,29-05-2025 10:06
Black Round Rotten,black_round_rotten_IMG_20250418_153846_TIMEBURST1_3877_rgb_shift_iter1.jpg,JPG,1374x1374,24,Xiaomi,2312DRAABI,72,f/0.0,89,Daylight,16,29-05-2025 10:06
Black Round Rotten,black_round_rotten_IMG_20250418_153809_TIMEBURST20_3956_gamma_iter3.jpg,JPG,1246x1246,24,Xiaomi,2312DRAABI,72,f/0.0,116,Daylight,16,29-05-2025 10:06
Black Round Rotten,black_round_rotten_IMG_20250418_153846_TIMEBURST1_3877_rotate_iter2.jpg,JPG,1374x1374,24,Xiaomi,2312DRAABI,72,f/0.0,116,Daylight,16,29-05-2025 10:06
Black Round Rotten,black_round_rotten_IMG_20250418_153809_TIMEBURST20_3956_rgb_shift_iter3.jpg,JPG,1246x1246,24,Xiaomi,2312DRAABI,72,f/0.0,143,Daylight,16,29-05-2025 10:06
Black Round Rotten,black_round_rotten_IMG_20250418_153846_TIMEBURST1_3877_horizontal_flip_iter2.jpg,JPG,1374x1374,24,Xiaomi,2312DRAABI,72,f/0.0,85,Daylight,16,29-05-2025 10:06
Black Round Rotten,black_round_rotten_IMG_20250418_153809_TIMEBURST20_3956_rotate_iter4.jpg,JPG,1246x1246,24,Xiaomi,2312DRAABI,72,f/0.0,81,Daylight,16,29-05-2025 10:06
Black Round Rotten,black_round_rotten_IMG_20250418_153846_TIMEBURST1_3877_brightness_contrast_iter2.jpg,JPG,1374x1374,24,Xiaomi,2312DRAABI,72,f/0.0,81,Daylight,16,29-05-2025 10:06
Black Round Rotten,black_round_rotten_IMG_20250418_153809_TIMEBURST20_3956_horizontal_flip_iter4.jpg,JPG,1246x1246,24,Xiaomi,2312DRAABI,72,f/0.0,85,Daylight,16,29-05-2025 10:06
