Grape Category,Image File Name,Type of File,Resolution,Bit Depth,Camera Maker,Camera Model,DPI,Max Aperture,ISO Speed,Light Source,Flash Mode,Date Created
Black Round Fresh,black_round_fresh_IMG_20250412_115739_TIMEBURST19_3322_brightness_contrast_iter1.jpg,JPG,1122x1122,24,Xiaomi,2312DRAABI,72,f/0.0,53,Daylight,16,29-05-2025 09:40
Black Round Fresh,black_round_fresh_IMG_20250412_115826_TIMEBURST1_3953_horizontal_flip_iter1.jpg,JPG,1066x1066,24,Xiaomi,2312DRAABI,72,f/0.0,51,Daylight,16,29-05-2025 09:40
Black Round Fresh,black_round_fresh_IMG_20250412_115739_TIMEBURST19_3322_rgb_shift_iter1.jpg,JPG,1122x1122,24,Xiaomi,2312DRAABI,72,f/0.0,51,Daylight,16,29-05-2025 09:40
Black Round Fresh,black_round_fresh_IMG_20250412_115739_TIMEBURST19_3322_rotate_iter1.jpg,JPG,1122x1122,24,Xiaomi,2312DRAABI,72,f/0.0,50,Daylight,16,29-05-2025 09:40
Black Round Fresh,black_round_fresh_IMG_20250412_115739_TIMEBURST19_3322_horizontal_flip_iter1.jpg,JPG,1122x1122,24,Xiaomi,2312DRAABI,72,f/0.0,52,Daylight,16,29-05-2025 09:40
Black Round Fresh,black_round_fresh_IMG_20250412_115739_TIMEBURST19_3322_gamma_iter1.jpg,JPG,1122x1122,24,Xiaomi,2312DRAABI,72,f/0.0,52,Daylight,16,29-05-2025 09:40
Black Round Fresh,black_round_fresh_IMG_20250412_115826_TIMEBURST1_3953_rotate_iter1.jpg,JPG,1066x1066,24,Xiaomi,2312DRAABI,72,f/0.0,52,Daylight,16,29-05-2025 09:40
Black Round Fresh,black_round_fresh_IMG_20250412_115826_TIMEBURST1_3953_brightness_contrast_iter1.jpg,JPG,1066x1066,24,Xiaomi,2312DRAABI,72,f/0.0,52,Daylight,16,29-05-2025 09:40
Black Round Fresh,black_round_fresh_IMG_20250412_115739_TIMEBURST19_3322_horizontal_flip_iter2.jpg,JPG,1122x1122,24,Xiaomi,2312DRAABI,72,f/0.0,51,Daylight,16,29-05-2025 09:40
Black Round Fresh,black_round_fresh_IMG_20250412_115826_TIMEBURST1_3953_rgb_shift_iter1.jpg,JPG,1066x1066,24,Xiaomi,2312DRAABI,72,f/0.0,53,Daylight,16,29-05-2025 09:40
Black Round Fresh,black_round_fresh_IMG_20250412_115826_TIMEBURST1_3953_rotate_iter2.jpg,JPG,1066x1066,24,Xiaomi,2312DRAABI,72,f/0.0,53,Daylight,16,29-05-2025 09:40
Black Round Fresh,black_round_fresh_IMG_20250412_115826_TIMEBURST1_3953_gamma_iter1.jpg,JPG,1066x1066,24,Xiaomi,2312DRAABI,72,f/0.0,51,Daylight,16,29-05-2025 09:40
Black Round Fresh,black_round_fresh_IMG_20250412_115826_TIMEBURST1_3953_horizontal_flip_iter2.jpg,JPG,1066x1066,24,Xiaomi,2312DRAABI,72,f/0.0,53,Daylight,16,29-05-2025 09:40
Black Round Fresh,black_round_fresh_IMG_20250412_115826_TIMEBURST2_3420_rotate_iter1.jpg,JPG,1378x1378,24,Xiaomi,2312DRAABI,72,f/0.0,54,Daylight,16,29-05-2025 09:40
Black Round Fresh,black_round_fresh_IMG_20250412_115739_TIMEBURST19_3322_rotate_iter2.jpg,JPG,1122x1122,24,Xiaomi,2312DRAABI,72,f/0.0,53,Daylight,16,29-05-2025 09:40
Black Round Fresh,black_round_fresh_IMG_20250412_115739_TIMEBURST19_3322_brightness_contrast_iter2.jpg,JPG,1122x1122,24,Xiaomi,2312DRAABI,72,f/0.0,51,Daylight,16,29-05-2025 09:40
Black Round Fresh,black_round_fresh_IMG_20250412_115739_TIMEBURST19_3322_gamma_iter2.jpg,JPG,1122x1122,24,Xiaomi,2312DRAABI,72,f/0.0,53,Daylight,16,29-05-2025 09:40
Black Round Fresh,black_round_fresh_IMG_20250412_115826_TIMEBURST1_3953_brightness_contrast_iter2.jpg,JPG,1066x1066,24,Xiaomi,2312DRAABI,72,f/0.0,52,Daylight,16,29-05-2025 09:40
Black Round Fresh,black_round_fresh_IMG_20250412_115826_TIMEBURST2_3420_brightness_contrast_iter1.jpg,JPG,1378x1378,24,Xiaomi,2312DRAABI,72,f/0.0,50,Daylight,16,29-05-2025 09:40
Black Round Fresh,black_round_fresh_IMG_20250412_115739_TIMEBURST19_3322_rgb_shift_iter2.jpg,JPG,1122x1122,24,Xiaomi,2312DRAABI,72,f/0.0,52,Daylight,16,29-05-2025 09:40
Black Round Fresh,black_round_fresh_IMG_20250412_115826_TIMEBURST1_3953_gamma_iter2.jpg,JPG,1066x1066,24,Xiaomi,2312DRAABI,72,f/0.0,52,Daylight,16,29-05-2025 09:40
Black Round Fresh,black_round_fresh_IMG_20250412_115826_TIMEBURST2_3420_horizontal_flip_iter1.jpg,JPG,1378x1378,24,Xiaomi,2312DRAABI,72,f/0.0,51,Daylight,16,29-05-2025 09:40
Black Round Fresh,black_round_fresh_IMG_20250412_115826_TIMEBURST3_3905_rotate_iter1.jpg,JPG,1377x1377,24,Xiaomi,2312DRAABI,72,f/0.0,51,Daylight,16,29-05-2025 09:40
Black Round Fresh,black_round_fresh_IMG_20250412_115826_TIMEBURST2_3420_gamma_iter1.jpg,JPG,1378x1378,24,Xiaomi,2312DRAABI,72,f/0.0,51,Daylight,16,29-05-2025 09:40
Black Round Fresh,black_round_fresh_IMG_20250412_115826_TIMEBURST1_3953_rgb_shift_iter2.jpg,JPG,1066x1066,24,Xiaomi,2312DRAABI,72,f/0.0,53,Daylight,16,29-05-2025 09:40
Black Round Fresh,black_round_fresh_IMG_20250412_115739_TIMEBURST19_3322_rotate_iter3.jpg,JPG,1122x1122,24,Xiaomi,2312DRAABI,72,f/0.0,51,Daylight,16,29-05-2025 09:40
Black Round Fresh,black_round_fresh_IMG_20250412_115826_TIMEBURST1_3953_horizontal_flip_iter3.jpg,JPG,1066x1066,24,Xiaomi,2312DRAABI,72,f/0.0,50,Daylight,16,29-05-2025 09:40
Black Round Fresh,black_round_fresh_IMG_20250412_115826_TIMEBURST3_3905_brightness_contrast_iter1.jpg,JPG,1377x1377,24,Xiaomi,2312DRAABI,72,f/0.0,51,Daylight,16,29-05-2025 09:40
Black Round Fresh,black_round_fresh_IMG_20250412_115739_TIMEBURST19_3322_brightness_contrast_iter3.jpg,JPG,1122x1122,24,Xiaomi,2312DRAABI,72,f/0.0,51,Daylight,16,29-05-2025 09:40
Black Round Fresh,black_round_fresh_IMG_20250412_115739_TIMEBURST19_3322_horizontal_flip_iter3.jpg,JPG,1122x1122,24,Xiaomi,2312DRAABI,72,f/0.0,52,Daylight,16,29-05-2025 09:40
Black Round Fresh,black_round_fresh_IMG_20250412_115826_TIMEBURST1_3953_rotate_iter3.jpg,JPG,1066x1066,24,Xiaomi,2312DRAABI,72,f/0.0,51,Daylight,16,29-05-2025 09:40
Black Round Fresh,black_round_fresh_IMG_20250412_115826_TIMEBURST2_3420_rgb_shift_iter1.jpg,JPG,1378x1378,24,Xiaomi,2312DRAABI,72,f/0.0,52,Daylight,16,29-05-2025 09:40
Black Round Fresh,black_round_fresh_IMG_20250412_115826_TIMEBURST3_3905_horizontal_flip_iter1.jpg,JPG,1377x1377,24,Xiaomi,2312DRAABI,72,f/0.0,50,Daylight,16,29-05-2025 09:40
Black Round Fresh,black_round_fresh_IMG_20250412_115739_TIMEBURST19_3322_gamma_iter3.jpg,JPG,1122x1122,24,Xiaomi,2312DRAABI,72,f/0.0,53,Daylight,16,29-05-2025 09:40
Black Round Fresh,black_round_fresh_IMG_20250412_115826_TIMEBURST1_3953_brightness_contrast_iter3.jpg,JPG,1066x1066,24,Xiaomi,2312DRAABI,72,f/0.0,52,Daylight,16,29-05-2025 09:40
Black Round Fresh,black_round_fresh_IMG_20250412_115826_TIMEBURST3_3905_gamma_iter1.jpg,JPG,1377x1377,24,Xiaomi,2312DRAABI,72,f/0.0,52,Daylight,16,29-05-2025 09:40
Black Round Fresh,black_round_fresh_IMG_20250412_115826_TIMEBURST2_3420_rotate_iter2.jpg,JPG,1378x1378,24,Xiaomi,2312DRAABI,72,f/0.0,54,Daylight,16,29-05-2025 09:40
Black Round Fresh,black_round_fresh_IMG_20250412_115826_TIMEBURST1_3953_gamma_iter3.jpg,JPG,1066x1066,24,Xiaomi,2312DRAABI,72,f/0.0,50,Daylight,16,29-05-2025 09:40
Black Round Fresh,black_round_fresh_IMG_20250412_115739_TIMEBURST19_3322_rgb_shift_iter3.jpg,JPG,1122x1122,24,Xiaomi,2312DRAABI,72,f/0.0,54,Daylight,16,29-05-2025 09:40
Black Round Fresh,black_round_fresh_IMG_20250412_115826_TIMEBURST1_3953_rgb_shift_iter3.jpg,JPG,1066x1066,24,Xiaomi,2312DRAABI,72,f/0.0,54,Daylight,16,29-05-2025 09:40
Black Round Fresh,black_round_fresh_IMG_20250412_115739_TIMEBURST19_3322_rotate_iter4.jpg,JPG,1122x1122,24,Xiaomi,2312DRAABI,72,f/0.0,54,Daylight,16,29-05-2025 09:40
Black Round Fresh,black_round_fresh_IMG_20250412_115739_TIMEBURST19_3322_horizontal_flip_iter4.jpg,JPG,1122x1122,24,Xiaomi,2312DRAABI,72,f/0.0,52,Daylight,16,29-05-2025 09:40
Black Round Fresh,black_round_fresh_IMG_20250412_115826_TIMEBURST2_3420_horizontal_flip_iter2.jpg,JPG,1378x1378,24,Xiaomi,2312DRAABI,72,f/0.0,53,Daylight,16,29-05-2025 09:40
Black Round Fresh,black_round_fresh_IMG_20250412_115739_TIMEBURST19_3322_brightness_contrast_iter4.jpg,JPG,1122x1122,24,Xiaomi,2312DRAABI,72,f/0.0,53,Daylight,16,29-05-2025 09:40
Black Round Fresh,black_round_fresh_IMG_20250412_115826_TIMEBURST3_3905_rgb_shift_iter1.jpg,JPG,1377x1377,24,Xiaomi,2312DRAABI,72,f/0.0,51,Daylight,16,29-05-2025 09:40
Black Round Fresh,black_round_fresh_IMG_20250412_115826_TIMEBURST1_3953_horizontal_flip_iter4.jpg,JPG,1066x1066,24,Xiaomi,2312DRAABI,72,f/0.0,52,Daylight,16,29-05-2025 09:40
Black Round Fresh,black_round_fresh_IMG_20250412_115826_TIMEBURST3_3905_rotate_iter2.jpg,JPG,1377x1377,24,Xiaomi,2312DRAABI,72,f/0.0,50,Daylight,16,29-05-2025 09:40
Black Round Fresh,black_round_fresh_IMG_20250412_115826_TIMEBURST2_3420_brightness_contrast_iter2.jpg,JPG,1378x1378,24,Xiaomi,2312DRAABI,72,f/0.0,50,Daylight,16,29-05-2025 09:40
Black Round Fresh,black_round_fresh_IMG_20250412_115826_TIMEBURST1_3953_rotate_iter4.jpg,JPG,1066x1066,24,Xiaomi,2312DRAABI,72,f/0.0,53,Daylight,16,29-05-2025 09:40
Black Round Fresh,black_round_fresh_IMG_20250412_115826_TIMEBURST3_3905_brightness_contrast_iter2.jpg,JPG,1377x1377,24,Xiaomi,2312DRAABI,72,f/0.0,52,Daylight,16,29-05-2025 09:40
Black Round Fresh,black_round_fresh_IMG_20250412_115826_TIMEBURST1_3953_brightness_contrast_iter4.jpg,JPG,1066x1066,24,Xiaomi,2312DRAABI,72,f/0.0,54,Daylight,16,29-05-2025 09:40
Black Round Fresh,black_round_fresh_IMG_20250412_115739_TIMEBURST19_3322_gamma_iter4.jpg,JPG,1122x1122,24,Xiaomi,2312DRAABI,72,f/0.0,51,Daylight,16,29-05-2025 09:40
Black Round Fresh,black_round_fresh_IMG_20250412_115826_TIMEBURST1_3953_gamma_iter4.jpg,JPG,1066x1066,24,Xiaomi,2312DRAABI,72,f/0.0,53,Daylight,16,29-05-2025 09:40
Black Round Fresh,black_round_fresh_IMG_20250412_115826_TIMEBURST2_3420_gamma_iter2.jpg,JPG,1378x1378,24,Xiaomi,2312DRAABI,72,f/0.0,52,Daylight,16,29-05-2025 09:40
Black Round Fresh,black_round_fresh_IMG_20250412_115739_TIMEBURST19_3322_rgb_shift_iter4.jpg,JPG,1122x1122,24,Xiaomi,2312DRAABI,72,f/0.0,54,Daylight,16,29-05-2025 09:40
Black Round Fresh,black_round_fresh_IMG_20250412_115826_TIMEBURST3_3905_horizontal_flip_iter2.jpg,JPG,1377x1377,24,Xiaomi,2312DRAABI,72,f/0.0,51,Daylight,16,29-05-2025 09:40
Black Round Fresh,black_round_fresh_IMG_20250412_115739_TIMEBURST19_3322_rotate_iter5.jpg,JPG,1122x1122,24,Xiaomi,2312DRAABI,72,f/0.0,51,Daylight,16,29-05-2025 09:40
Black Round Fresh,black_round_fresh_IMG_20250412_115739_TIMEBURST19_3322_horizontal_flip_iter5.jpg,JPG,1122x1122,24,Xiaomi,2312DRAABI,72,f/0.0,52,Daylight,16,29-05-2025 09:40
Black Round Fresh,black_round_fresh_IMG_20250412_115739_TIMEBURST19_3322_brightness_contrast_iter5.jpg,JPG,1122x1122,24,Xiaomi,2312DRAABI,72,f/0.0,52,Daylight,16,29-05-2025 09:40
Black Round Fresh,black_round_fresh_IMG_20250412_115826_TIMEBURST1_3953_rgb_shift_iter4.jpg,JPG,1066x1066,24,Xiaomi,2312DRAABI,72,f/0.0,52,Daylight,16,29-05-2025 09:40
Black Round Fresh,black_round_fresh_IMG_20250412_115826_TIMEBURST2_3420_rgb_shift_iter2.jpg,JPG,1378x1378,24,Xiaomi,2312DRAABI,72,f/0.0,52,Daylight,16,29-05-2025 09:40
Black Round Fresh,black_round_fresh_IMG_20250412_115826_TIMEBURST1_3953_rotate_iter5.jpg,JPG,1066x1066,24,Xiaomi,2312DRAABI,72,f/0.0,50,Daylight,16,29-05-2025 09:40
Black Round Fresh,black_round_fresh_IMG_20250412_115826_TIMEBURST2_3420_rotate_iter3.jpg,JPG,1378x1378,24,Xiaomi,2312DRAABI,72,f/0.0,52,Daylight,16,29-05-2025 09:40
Black Round Fresh,black_round_fresh_IMG_20250412_115826_TIMEBURST3_3905_rgb_shift_iter2.jpg,JPG,1377x1377,24,Xiaomi,2312DRAABI,72,f/0.0,53,Daylight,16,29-05-2025 09:40
Black Round Fresh,black_round_fresh_IMG_20250412_115826_TIMEBURST1_3953_horizontal_flip_iter5.jpg,JPG,1066x1066,24,Xiaomi,2312DRAABI,72,f/0.0,51,Daylight,16,29-05-2025 09:40
Black Round Fresh,black_round_fresh_IMG_20250412_115826_TIMEBURST2_3420_horizontal_flip_iter3.jpg,JPG,1378x1378,24,Xiaomi,2312DRAABI,72,f/0.0,51,Daylight,16,29-05-2025 09:40
Black Round Fresh,black_round_fresh_IMG_20250412_115739_TIMEBURST19_3322_gamma_iter5.jpg,JPG,1122x1122,24,Xiaomi,2312DRAABI,72,f/0.0,51,Daylight,16,29-05-2025 09:40
Black Round Fresh,black_round_fresh_IMG_20250412_115826_TIMEBURST3_3905_gamma_iter2.jpg,JPG,1377x1377,24,Xiaomi,2312DRAABI,72,f/0.0,51,Daylight,16,29-05-2025 09:40
Black Round Fresh,black_round_fresh_IMG_20250412_115739_TIMEBURST19_3322_rgb_shift_iter5.jpg,JPG,1122x1122,24,Xiaomi,2312DRAABI,72,f/0.0,51,Daylight,16,29-05-2025 09:40
Black Round Fresh,black_round_fresh_IMG_20250412_115826_TIMEBURST1_3953_brightness_contrast_iter5.jpg,JPG,1066x1066,24,Xiaomi,2312DRAABI,72,f/0.0,50,Daylight,16,29-05-2025 09:40
Black Round Fresh,black_round_fresh_IMG_20250412_115826_TIMEBURST3_3905_rotate_iter3.jpg,JPG,1377x1377,24,Xiaomi,2312DRAABI,72,f/0.0,53,Daylight,16,29-05-2025 09:40
Black Round Fresh,black_round_fresh_IMG_20250412_115826_TIMEBURST3_3905_horizontal_flip_iter3.jpg,JPG,1377x1377,24,Xiaomi,2312DRAABI,72,f/0.0,52,Daylight,16,29-05-2025 09:40
Black Round Fresh,black_round_fresh_IMG_20250412_115826_TIMEBURST3_3905_brightness_contrast_iter3.jpg,JPG,1377x1377,24,Xiaomi,2312DRAABI,72,f/0.0,53,Daylight,16,29-05-2025 09:40
Black Round Fresh,black_round_fresh_IMG_20250412_115826_TIMEBURST2_3420_brightness_contrast_iter3.jpg,JPG,1378x1378,24,Xiaomi,2312DRAABI,72,f/0.0,52,Daylight,16,29-05-2025 09:40
Black Round Fresh,black_round_fresh_IMG_20250412_115826_TIMEBURST1_3953_rgb_shift_iter5.jpg,JPG,1066x1066,24,Xiaomi,2312DRAABI,72,f/0.0,51,Daylight,16,29-05-2025 09:40
Black Round Fresh,black_round_fresh_IMG_20250412_115826_TIMEBURST2_3420_gamma_iter3.jpg,JPG,1378x1378,24,Xiaomi,2312DRAABI,72,f/0.0,53,Daylight,16,29-05-2025 09:40
Black Round Fresh,black_round_fresh_IMG_20250412_115826_TIMEBURST2_3420_rgb_shift_iter3.jpg,JPG,1378x1378,24,Xiaomi,2312DRAABI,72,f/0.0,51,Daylight,16,29-05-2025 09:40
Black Round Fresh,black_round_fresh_IMG_20250412_115826_TIMEBURST1_3953_gamma_iter5.jpg,JPG,1066x1066,24,Xiaomi,2312DRAABI,72,f/0.0,51,Daylight,16,29-05-2025 09:40
Black Round Fresh,black_round_fresh_IMG_20250412_115826_TIMEBURST3_3905_gamma_iter3.jpg,JPG,1377x1377,24,Xiaomi,2312DRAABI,72,f/0.0,52,Daylight,16,29-05-2025 09:40
Black Round Fresh,black_round_fresh_IMG_20250412_115826_TIMEBURST2_3420_horizontal_flip_iter4.jpg,JPG,1378x1378,24,Xiaomi,2312DRAABI,72,f/0.0,51,Daylight,16,29-05-2025 09:40
Black Round Fresh,black_round_fresh_IMG_20250412_115826_TIMEBURST3_3905_rgb_shift_iter3.jpg,JPG,1377x1377,24,Xiaomi,2312DRAABI,72,f/0.0,51,Daylight,16,29-05-2025 09:40
Black Round Fresh,black_round_fresh_IMG_20250412_115826_TIMEBURST3_3905_horizontal_flip_iter4.jpg,JPG,1377x1377,24,Xiaomi,2312DRAABI,72,f/0.0,51,Daylight,16,29-05-2025 09:40
Black Round Fresh,black_round_fresh_IMG_20250412_115826_TIMEBURST3_3905_rotate_iter4.jpg,JPG,1377x1377,24,Xiaomi,2312DRAABI,72,f/0.0,51,Daylight,16,29-05-2025 09:40
Black Round Fresh,black_round_fresh_IMG_20250412_115826_TIMEBURST2_3420_brightness_contrast_iter4.jpg,JPG,1378x1378,24,Xiaomi,2312DRAABI,72,f/0.0,50,Daylight,16,29-05-2025 09:40
Black Round Fresh,black_round_fresh_IMG_20250412_115826_TIMEBURST2_3420_rotate_iter4.jpg,JPG,1378x1378,24,Xiaomi,2312DRAABI,72,f/0.0,52,Daylight,16,29-05-2025 09:40
Black Round Fresh,black_round_fresh_IMG_20250412_115826_TIMEBURST3_3905_brightness_contrast_iter4.jpg,JPG,1377x1377,24,Xiaomi,2312DRAABI,72,f/0.0,54,Daylight,16,29-05-2025 09:40
Black Round Fresh,black_round_fresh_IMG_20250412_115826_TIMEBURST3_3905_gamma_iter4.jpg,JPG,1377x1377,24,Xiaomi,2312DRAABI,72,f/0.0,52,Daylight,16,29-05-2025 09:40
Black Round Fresh,black_round_fresh_IMG_20250412_115826_TIMEBURST2_3420_rgb_shift_iter4.jpg,JPG,1378x1378,24,Xiaomi,2312DRAABI,72,f/0.0,52,Daylight,16,29-05-2025 09:40
Black Round Fresh,black_round_fresh_IMG_20250412_115826_TIMEBURST3_3905_rotate_iter5.jpg,JPG,1377x1377,24,Xiaomi,2312DRAABI,72,f/0.0,52,Daylight,16,29-05-2025 09:40
Black Round Fresh,black_round_fresh_IMG_20250412_115826_TIMEBURST3_3905_horizontal_flip_iter5.jpg,JPG,1377x1377,24,Xiaomi,2312DRAABI,72,f/0.0,50,Daylight,16,29-05-2025 09:40
Black Round Fresh,black_round_fresh_IMG_20250412_115826_TIMEBURST2_3420_horizontal_flip_iter5.jpg,JPG,1378x1378,24,Xiaomi,2312DRAABI,72,f/0.0,51,Daylight,16,29-05-2025 09:40
Black Round Fresh,black_round_fresh_IMG_20250412_115826_TIMEBURST3_3905_rgb_shift_iter4.jpg,JPG,1377x1377,24,Xiaomi,2312DRAABI,72,f/0.0,53,Daylight,16,29-05-2025 09:40
Black Round Fresh,black_round_fresh_IMG_20250412_115826_TIMEBURST3_3905_brightness_contrast_iter5.jpg,JPG,1377x1377,24,Xiaomi,2312DRAABI,72,f/0.0,53,Daylight,16,29-05-2025 09:40
Black Round Fresh,black_round_fresh_IMG_20250412_115826_TIMEBURST2_3420_rotate_iter5.jpg,JPG,1378x1378,24,Xiaomi,2312DRAABI,72,f/0.0,52,Daylight,16,29-05-2025 09:40
Black Round Fresh,black_round_fresh_IMG_20250412_115826_TIMEBURST3_3905_gamma_iter5.jpg,JPG,1377x1377,24,Xiaomi,2312DRAABI,72,f/0.0,52,Daylight,16,29-05-2025 09:40
Black Round Fresh,black_round_fresh_IMG_20250412_115826_TIMEBURST2_3420_rgb_shift_iter5.jpg,JPG,1378x1378,24,Xiaomi,2312DRAABI,72,f/0.0,51,Daylight,16,29-05-2025 09:40
Black Round Fresh,black_round_fresh_IMG_20250412_115826_TIMEBURST2_3420_brightness_contrast_iter5.jpg,JPG,1378x1378,24,Xiaomi,2312DRAABI,72,f/0.0,54,Daylight,16,29-05-2025 09:40
Black Round Fresh,black_round_fresh_IMG_20250412_115826_TIMEBURST2_3420_gamma_iter4.jpg,JPG,1378x1378,24,Xiaomi,2312DRAABI,72,f/0.0,53,Daylight,16,29-05-2025 09:40
Black Round Fresh,black_round_fresh_IMG_20250412_115826_TIMEBURST4_3969_horizontal_flip_iter1.jpg,JPG,1505x1505,24,Xiaomi,2312DRAABI,72,f/0.0,50,Daylight,16,29-05-2025 09:40
Black Round Fresh,black_round_fresh_IMG_20250412_115826_TIMEBURST3_3905_rgb_shift_iter5.jpg,JPG,1377x1377,24,Xiaomi,2312DRAABI,72,f/0.0,52,Daylight,16,29-05-2025 09:40
Black Round Fresh,black_round_fresh_IMG_20250412_115826_TIMEBURST2_3420_gamma_iter5.jpg,JPG,1378x1378,24,Xiaomi,2312DRAABI,72,f/0.0,51,Daylight,16,29-05-2025 09:40
Black Round Fresh,black_round_fresh_IMG_20250412_115826_TIMEBURST4_3969_rgb_shift_iter1.jpg,JPG,1505x1505,24,Xiaomi,2312DRAABI,72,f/0.0,50,Daylight,16,29-05-2025 09:40
Black Round Fresh,black_round_fresh_IMG_20250412_115826_TIMEBURST4_3969_gamma_iter1.jpg,JPG,1505x1505,24,Xiaomi,2312DRAABI,72,f/0.0,51,Daylight,16,29-05-2025 09:40
Black Round Fresh,black_round_fresh_IMG_20250412_115826_TIMEBURST4_3969_rotate_iter1.jpg,JPG,1505x1505,24,Xiaomi,2312DRAABI,72,f/0.0,53,Daylight,16,29-05-2025 09:40
Black Round Fresh,black_round_fresh_IMG_20250412_115826_TIMEBURST4_3969_rotate_iter2.jpg,JPG,1505x1505,24,Xiaomi,2312DRAABI,72,f/0.0,53,Daylight,16,29-05-2025 09:40
Black Round Fresh,black_round_fresh_IMG_20250412_115826_TIMEBURST5_3793_horizontal_flip_iter1.jpg,JPG,1315x1315,24,Xiaomi,2312DRAABI,72,f/0.0,53,Daylight,16,29-05-2025 09:40
Black Round Fresh,black_round_fresh_IMG_20250412_115826_TIMEBURST4_3969_brightness_contrast_iter1.jpg,JPG,1505x1505,24,Xiaomi,2312DRAABI,72,f/0.0,53,Daylight,16,29-05-2025 09:40
Black Round Fresh,black_round_fresh_IMG_20250412_115826_TIMEBURST5_3793_rotate_iter1.jpg,JPG,1315x1315,24,Xiaomi,2312DRAABI,72,f/0.0,53,Daylight,16,29-05-2025 09:40
Black Round Fresh,black_round_fresh_IMG_20250412_115826_TIMEBURST4_3969_horizontal_flip_iter2.jpg,JPG,1505x1505,24,Xiaomi,2312DRAABI,72,f/0.0,51,Daylight,16,29-05-2025 09:40
Black Round Fresh,black_round_fresh_IMG_20250412_115826_TIMEBURST5_3793_brightness_contrast_iter1.jpg,JPG,1315x1315,24,Xiaomi,2312DRAABI,72,f/0.0,53,Daylight,16,29-05-2025 09:40
Black Round Fresh,black_round_fresh_IMG_20250412_115826_TIMEBURST5_3793_gamma_iter1.jpg,JPG,1315x1315,24,Xiaomi,2312DRAABI,72,f/0.0,51,Daylight,16,29-05-2025 09:40
Black Round Fresh,black_round_fresh_IMG_20250412_115826_TIMEBURST4_3969_brightness_contrast_iter2.jpg,JPG,1505x1505,24,Xiaomi,2312DRAABI,72,f/0.0,51,Daylight,16,29-05-2025 09:40
Black Round Fresh,black_round_fresh_IMG_20250412_115826_TIMEBURST4_3969_gamma_iter2.jpg,JPG,1505x1505,24,Xiaomi,2312DRAABI,72,f/0.0,53,Daylight,16,29-05-2025 09:40
Black Round Fresh,black_round_fresh_IMG_20250412_115826_TIMEBURST5_3793_rgb_shift_iter1.jpg,JPG,1315x1315,24,Xiaomi,2312DRAABI,72,f/0.0,52,Daylight,16,29-05-2025 09:40
Black Round Fresh,black_round_fresh_IMG_20250412_115826_TIMEBURST5_3793_rotate_iter2.jpg,JPG,1315x1315,24,Xiaomi,2312DRAABI,72,f/0.0,53,Daylight,16,29-05-2025 09:40
Black Round Fresh,black_round_fresh_IMG_20250412_115826_TIMEBURST4_3969_rgb_shift_iter2.jpg,JPG,1505x1505,24,Xiaomi,2312DRAABI,72,f/0.0,53,Daylight,16,29-05-2025 09:40
Black Round Fresh,black_round_fresh_IMG_20250412_115826_TIMEBURST5_3793_horizontal_flip_iter2.jpg,JPG,1315x1315,24,Xiaomi,2312DRAABI,72,f/0.0,53,Daylight,16,29-05-2025 09:40
Black Round Fresh,black_round_fresh_IMG_20250412_115826_TIMEBURST4_3969_rotate_iter3.jpg,JPG,1505x1505,24,Xiaomi,2312DRAABI,72,f/0.0,51,Daylight,16,29-05-2025 09:40
Black Round Fresh,black_round_fresh_IMG_20250412_115826_TIMEBURST5_3793_brightness_contrast_iter2.jpg,JPG,1315x1315,24,Xiaomi,2312DRAABI,72,f/0.0,51,Daylight,16,29-05-2025 09:40
Black Round Fresh,black_round_fresh_IMG_20250412_115826_TIMEBURST4_3969_horizontal_flip_iter3.jpg,JPG,1505x1505,24,Xiaomi,2312DRAABI,72,f/0.0,50,Daylight,16,29-05-2025 09:40
Black Round Fresh,black_round_fresh_IMG_20250412_115826_TIMEBURST7_3865_rotate_iter1.jpg,JPG,1305x1305,24,Xiaomi,2312DRAABI,72,f/0.0,52,Daylight,16,29-05-2025 09:40
Black Round Fresh,black_round_fresh_IMG_20250412_115826_TIMEBURST4_3969_brightness_contrast_iter3.jpg,JPG,1505x1505,24,Xiaomi,2312DRAABI,72,f/0.0,52,Daylight,16,29-05-2025 09:40
Black Round Fresh,black_round_fresh_IMG_20250412_115826_TIMEBURST4_3969_gamma_iter3.jpg,JPG,1505x1505,24,Xiaomi,2312DRAABI,72,f/0.0,52,Daylight,16,29-05-2025 09:40
Black Round Fresh,black_round_fresh_IMG_20250412_115826_TIMEBURST6_3692_horizontal_flip_iter1.jpg,JPG,1446x1446,24,Xiaomi,2312DRAABI,72,f/0.0,52,Daylight,16,29-05-2025 09:40
Black Round Fresh,black_round_fresh_IMG_20250412_115826_TIMEBURST5_3793_gamma_iter2.jpg,JPG,1315x1315,24,Xiaomi,2312DRAABI,72,f/0.0,51,Daylight,16,29-05-2025 09:40
Black Round Fresh,black_round_fresh_IMG_20250412_115826_TIMEBURST5_3793_rgb_shift_iter2.jpg,JPG,1315x1315,24,Xiaomi,2312DRAABI,72,f/0.0,53,Daylight,16,29-05-2025 09:40
Black Round Fresh,black_round_fresh_IMG_20250412_115826_TIMEBURST6_3692_rotate_iter1.jpg,JPG,1446x1446,24,Xiaomi,2312DRAABI,72,f/0.0,53,Daylight,16,29-05-2025 09:40
Black Round Fresh,black_round_fresh_IMG_20250412_115826_TIMEBURST7_3865_horizontal_flip_iter1.jpg,JPG,1305x1305,24,Xiaomi,2312DRAABI,72,f/0.0,51,Daylight,16,29-05-2025 09:40
Black Round Fresh,black_round_fresh_IMG_20250412_115826_TIMEBURST5_3793_horizontal_flip_iter3.jpg,JPG,1315x1315,24,Xiaomi,2312DRAABI,72,f/0.0,53,Daylight,16,29-05-2025 09:40
Black Round Fresh,black_round_fresh_IMG_20250412_115826_TIMEBURST6_3692_gamma_iter1.jpg,JPG,1446x1446,24,Xiaomi,2312DRAABI,72,f/0.0,54,Daylight,16,29-05-2025 09:40
Black Round Fresh,black_round_fresh_IMG_20250412_115826_TIMEBURST6_3692_brightness_contrast_iter1.jpg,JPG,1446x1446,24,Xiaomi,2312DRAABI,72,f/0.0,53,Daylight,16,29-05-2025 09:40
Black Round Fresh,black_round_fresh_IMG_20250412_115826_TIMEBURST4_3969_rgb_shift_iter3.jpg,JPG,1505x1505,24,Xiaomi,2312DRAABI,72,f/0.0,51,Daylight,16,29-05-2025 09:40
Black Round Fresh,black_round_fresh_IMG_20250412_115826_TIMEBURST5_3793_rotate_iter3.jpg,JPG,1315x1315,24,Xiaomi,2312DRAABI,72,f/0.0,53,Daylight,16,29-05-2025 09:40
Black Round Fresh,black_round_fresh_IMG_20250412_115826_TIMEBURST5_3793_brightness_contrast_iter3.jpg,JPG,1315x1315,24,Xiaomi,2312DRAABI,72,f/0.0,52,Daylight,16,29-05-2025 09:40
Black Round Fresh,black_round_fresh_IMG_20250412_115826_TIMEBURST7_3865_brightness_contrast_iter1.jpg,JPG,1305x1305,24,Xiaomi,2312DRAABI,72,f/0.0,50,Daylight,16,29-05-2025 09:40
Black Round Fresh,black_round_fresh_IMG_20250412_115826_TIMEBURST6_3692_rgb_shift_iter1.jpg,JPG,1446x1446,24,Xiaomi,2312DRAABI,72,f/0.0,52,Daylight,16,29-05-2025 09:40
Black Round Fresh,black_round_fresh_IMG_20250412_115826_TIMEBURST4_3969_horizontal_flip_iter4.jpg,JPG,1505x1505,24,Xiaomi,2312DRAABI,72,f/0.0,52,Daylight,16,29-05-2025 09:40
Black Round Fresh,black_round_fresh_IMG_20250412_115826_TIMEBURST5_3793_gamma_iter3.jpg,JPG,1315x1315,24,Xiaomi,2312DRAABI,72,f/0.0,51,Daylight,16,29-05-2025 09:40
Black Round Fresh,black_round_fresh_IMG_20250412_115826_TIMEBURST7_3865_rgb_shift_iter1.jpg,JPG,1305x1305,24,Xiaomi,2312DRAABI,72,f/0.0,51,Daylight,16,29-05-2025 09:40
Black Round Fresh,black_round_fresh_IMG_20250412_115826_TIMEBURST7_3865_gamma_iter1.jpg,JPG,1305x1305,24,Xiaomi,2312DRAABI,72,f/0.0,51,Daylight,16,29-05-2025 09:40
Black Round Fresh,black_round_fresh_IMG_20250412_115826_TIMEBURST5_3793_rgb_shift_iter3.jpg,JPG,1315x1315,24,Xiaomi,2312DRAABI,72,f/0.0,53,Daylight,16,29-05-2025 09:40
Black Round Fresh,black_round_fresh_IMG_20250412_115826_TIMEBURST6_3692_rotate_iter2.jpg,JPG,1446x1446,24,Xiaomi,2312DRAABI,72,f/0.0,51,Daylight,16,29-05-2025 09:40
Black Round Fresh,black_round_fresh_IMG_20250412_115826_TIMEBURST4_3969_rotate_iter4.jpg,JPG,1505x1505,24,Xiaomi,2312DRAABI,72,f/0.0,50,Daylight,16,29-05-2025 09:40
Black Round Fresh,black_round_fresh_IMG_20250412_115826_TIMEBURST4_3969_brightness_contrast_iter4.jpg,JPG,1505x1505,24,Xiaomi,2312DRAABI,72,f/0.0,51,Daylight,16,29-05-2025 09:40
Black Round Fresh,black_round_fresh_IMG_20250412_115826_TIMEBURST7_3865_horizontal_flip_iter2.jpg,JPG,1305x1305,24,Xiaomi,2312DRAABI,72,f/0.0,51,Daylight,16,29-05-2025 09:40
Black Round Fresh,black_round_fresh_IMG_20250412_115826_TIMEBURST7_3865_rotate_iter2.jpg,JPG,1305x1305,24,Xiaomi,2312DRAABI,72,f/0.0,52,Daylight,16,29-05-2025 09:40
Black Round Fresh,black_round_fresh_IMG_20250412_115826_TIMEBURST5_3793_rotate_iter4.jpg,JPG,1315x1315,24,Xiaomi,2312DRAABI,72,f/0.0,51,Daylight,16,29-05-2025 09:40
Black Round Fresh,black_round_fresh_IMG_20250412_115826_TIMEBURST6_3692_horizontal_flip_iter2.jpg,JPG,1446x1446,24,Xiaomi,2312DRAABI,72,f/0.0,52,Daylight,16,29-05-2025 09:40
Black Round Fresh,black_round_fresh_IMG_20250412_115826_TIMEBURST5_3793_horizontal_flip_iter4.jpg,JPG,1315x1315,24,Xiaomi,2312DRAABI,72,f/0.0,50,Daylight,16,29-05-2025 09:40
Black Round Fresh,black_round_fresh_IMG_20250412_115826_TIMEBURST7_3865_brightness_contrast_iter2.jpg,JPG,1305x1305,24,Xiaomi,2312DRAABI,72,f/0.0,53,Daylight,16,29-05-2025 09:40
Black Round Fresh,black_round_fresh_IMG_20250412_115826_TIMEBURST4_3969_gamma_iter4.jpg,JPG,1505x1505,24,Xiaomi,2312DRAABI,72,f/0.0,52,Daylight,16,29-05-2025 09:40
Black Round Fresh,black_round_fresh_IMG_20250412_115826_TIMEBURST5_3793_brightness_contrast_iter4.jpg,JPG,1315x1315,24,Xiaomi,2312DRAABI,72,f/0.0,52,Daylight,16,29-05-2025 09:40
Black Round Fresh,black_round_fresh_IMG_20250412_115826_TIMEBURST4_3969_rgb_shift_iter4.jpg,JPG,1505x1505,24,Xiaomi,2312DRAABI,72,f/0.0,54,Daylight,16,29-05-2025 09:40
Black Round Fresh,black_round_fresh_IMG_20250412_115826_TIMEBURST7_3865_gamma_iter2.jpg,JPG,1305x1305,24,Xiaomi,2312DRAABI,72,f/0.0,50,Daylight,16,29-05-2025 09:40
Black Round Fresh,black_round_fresh_IMG_20250412_115826_TIMEBURST6_3692_brightness_contrast_iter2.jpg,JPG,1446x1446,24,Xiaomi,2312DRAABI,72,f/0.0,54,Daylight,16,29-05-2025 09:40
Black Round Fresh,black_round_fresh_IMG_20250412_115826_TIMEBURST5_3793_gamma_iter4.jpg,JPG,1315x1315,24,Xiaomi,2312DRAABI,72,f/0.0,54,Daylight,16,29-05-2025 09:40
Black Round Fresh,black_round_fresh_IMG_20250412_115826_TIMEBURST6_3692_gamma_iter2.jpg,JPG,1446x1446,24,Xiaomi,2312DRAABI,72,f/0.0,54,Daylight,16,29-05-2025 09:40
Black Round Fresh,black_round_fresh_IMG_20250412_115826_TIMEBURST4_3969_horizontal_flip_iter5.jpg,JPG,1505x1505,24,Xiaomi,2312DRAABI,72,f/0.0,52,Daylight,16,29-05-2025 09:40
Black Round Fresh,black_round_fresh_IMG_20250412_115826_TIMEBURST7_3865_rotate_iter3.jpg,JPG,1305x1305,24,Xiaomi,2312DRAABI,72,f/0.0,53,Daylight,16,29-05-2025 09:40
Black Round Fresh,black_round_fresh_IMG_20250412_115826_TIMEBURST6_3692_rgb_shift_iter2.jpg,JPG,1446x1446,24,Xiaomi,2312DRAABI,72,f/0.0,53,Daylight,16,29-05-2025 09:40
Black Round Fresh,black_round_fresh_IMG_20250412_115826_TIMEBURST7_3865_rgb_shift_iter2.jpg,JPG,1305x1305,24,Xiaomi,2312DRAABI,72,f/0.0,51,Daylight,16,29-05-2025 09:40
Black Round Fresh,black_round_fresh_IMG_20250412_115826_TIMEBURST7_3865_horizontal_flip_iter3.jpg,JPG,1305x1305,24,Xiaomi,2312DRAABI,72,f/0.0,52,Daylight,16,29-05-2025 09:40
Black Round Fresh,black_round_fresh_IMG_20250412_115826_TIMEBURST5_3793_rgb_shift_iter4.jpg,JPG,1315x1315,24,Xiaomi,2312DRAABI,72,f/0.0,50,Daylight,16,29-05-2025 09:40
Black Round Fresh,black_round_fresh_IMG_20250412_115826_TIMEBURST4_3969_rotate_iter5.jpg,JPG,1505x1505,24,Xiaomi,2312DRAABI,72,f/0.0,50,Daylight,16,29-05-2025 09:40
Black Round Fresh,black_round_fresh_IMG_20250412_115826_TIMEBURST6_3692_rotate_iter3.jpg,JPG,1446x1446,24,Xiaomi,2312DRAABI,72,f/0.0,53,Daylight,16,29-05-2025 09:40
Black Round Fresh,black_round_fresh_IMG_20250412_115826_TIMEBURST6_3692_horizontal_flip_iter3.jpg,JPG,1446x1446,24,Xiaomi,2312DRAABI,72,f/0.0,52,Daylight,16,29-05-2025 09:40
Black Round Fresh,black_round_fresh_IMG_20250412_115826_TIMEBURST7_3865_brightness_contrast_iter3.jpg,JPG,1305x1305,24,Xiaomi,2312DRAABI,72,f/0.0,54,Daylight,16,29-05-2025 09:40
Black Round Fresh,black_round_fresh_IMG_20250412_115826_TIMEBURST4_3969_gamma_iter5.jpg,JPG,1505x1505,24,Xiaomi,2312DRAABI,72,f/0.0,51,Daylight,16,29-05-2025 09:40
Black Round Fresh,black_round_fresh_IMG_20250412_115826_TIMEBURST5_3793_horizontal_flip_iter5.jpg,JPG,1315x1315,24,Xiaomi,2312DRAABI,72,f/0.0,53,Daylight,16,29-05-2025 09:40
Black Round Fresh,black_round_fresh_IMG_20250412_115826_TIMEBURST5_3793_rotate_iter5.jpg,JPG,1315x1315,24,Xiaomi,2312DRAABI,72,f/0.0,52,Daylight,16,29-05-2025 09:40
Black Round Fresh,black_round_fresh_IMG_20250412_115826_TIMEBURST6_3692_brightness_contrast_iter3.jpg,JPG,1446x1446,24,Xiaomi,2312DRAABI,72,f/0.0,54,Daylight,16,29-05-2025 09:40
Black Round Fresh,black_round_fresh_IMG_20250412_115826_TIMEBURST4_3969_brightness_contrast_iter5.jpg,JPG,1505x1505,24,Xiaomi,2312DRAABI,72,f/0.0,51,Daylight,16,29-05-2025 09:40
Black Round Fresh,black_round_fresh_IMG_20250412_115826_TIMEBURST4_3969_rgb_shift_iter5.jpg,JPG,1505x1505,24,Xiaomi,2312DRAABI,72,f/0.0,51,Daylight,16,29-05-2025 09:40
Black Round Fresh,black_round_fresh_IMG_20250412_115826_TIMEBURST7_3865_gamma_iter3.jpg,JPG,1305x1305,24,Xiaomi,2312DRAABI,72,f/0.0,52,Daylight,16,29-05-2025 09:40
Black Round Fresh,black_round_fresh_IMG_20250412_115826_TIMEBURST5_3793_gamma_iter5.jpg,JPG,1315x1315,24,Xiaomi,2312DRAABI,72,f/0.0,52,Daylight,16,29-05-2025 09:40
Black Round Fresh,black_round_fresh_IMG_20250412_115826_TIMEBURST7_3865_rgb_shift_iter3.jpg,JPG,1305x1305,24,Xiaomi,2312DRAABI,72,f/0.0,52,Daylight,16,29-05-2025 09:40
Black Round Fresh,black_round_fresh_IMG_20250412_115826_TIMEBURST5_3793_brightness_contrast_iter5.jpg,JPG,1315x1315,24,Xiaomi,2312DRAABI,72,f/0.0,52,Daylight,16,29-05-2025 09:40
Black Round Fresh,black_round_fresh_IMG_20250412_115826_TIMEBURST6_3692_gamma_iter3.jpg,JPG,1446x1446,24,Xiaomi,2312DRAABI,72,f/0.0,50,Daylight,16,29-05-2025 09:40
Black Round Fresh,black_round_fresh_IMG_20250412_115826_TIMEBURST6_3692_rgb_shift_iter3.jpg,JPG,1446x1446,24,Xiaomi,2312DRAABI,72,f/0.0,52,Daylight,16,29-05-2025 09:40
Black Round Fresh,black_round_fresh_IMG_20250412_115826_TIMEBURST7_3865_rotate_iter4.jpg,JPG,1305x1305,24,Xiaomi,2312DRAABI,72,f/0.0,53,Daylight,16,29-05-2025 09:40
Black Round Fresh,black_round_fresh_IMG_20250412_115826_TIMEBURST7_3865_horizontal_flip_iter4.jpg,JPG,1305x1305,24,Xiaomi,2312DRAABI,72,f/0.0,51,Daylight,16,29-05-2025 09:41
Black Round Fresh,black_round_fresh_IMG_20250412_115826_TIMEBURST5_3793_rgb_shift_iter5.jpg,JPG,1315x1315,24,Xiaomi,2312DRAABI,72,f/0.0,51,Daylight,16,29-05-2025 09:40
Black Round Fresh,black_round_fresh_IMG_20250412_115826_TIMEBURST7_3865_brightness_contrast_iter4.jpg,JPG,1305x1305,24,Xiaomi,2312DRAABI,72,f/0.0,51,Daylight,16,29-05-2025 09:41
Black Round Fresh,black_round_fresh_IMG_20250412_115826_TIMEBURST6_3692_rotate_iter4.jpg,JPG,1446x1446,24,Xiaomi,2312DRAABI,72,f/0.0,51,Daylight,16,29-05-2025 09:40
Black Round Fresh,black_round_fresh_IMG_20250412_115826_TIMEBURST6_3692_brightness_contrast_iter4.jpg,JPG,1446x1446,24,Xiaomi,2312DRAABI,72,f/0.0,51,Daylight,16,29-05-2025 09:41
Black Round Fresh,black_round_fresh_IMG_20250412_115826_TIMEBURST6_3692_gamma_iter4.jpg,JPG,1446x1446,24,Xiaomi,2312DRAABI,72,f/0.0,50,Daylight,16,29-05-2025 09:41
Black Round Fresh,black_round_fresh_IMG_20250412_115826_TIMEBURST7_3865_rotate_iter5.jpg,JPG,1305x1305,24,Xiaomi,2312DRAABI,72,f/0.0,53,Daylight,16,29-05-2025 09:41
Black Round Fresh,black_round_fresh_IMG_20250412_115826_TIMEBURST7_3865_gamma_iter4.jpg,JPG,1305x1305,24,Xiaomi,2312DRAABI,72,f/0.0,52,Daylight,16,29-05-2025 09:41
Black Round Fresh,black_round_fresh_IMG_20250412_115826_TIMEBURST7_3865_rgb_shift_iter4.jpg,JPG,1305x1305,24,Xiaomi,2312DRAABI,72,f/0.0,53,Daylight,16,29-05-2025 09:41
Black Round Fresh,black_round_fresh_IMG_20250412_115826_TIMEBURST6_3692_horizontal_flip_iter4.jpg,JPG,1446x1446,24,Xiaomi,2312DRAABI,72,f/0.0,52,Daylight,16,29-05-2025 09:41
Black Round Fresh,black_round_fresh_IMG_20250412_115826_TIMEBURST7_3865_horizontal_flip_iter5.jpg,JPG,1305x1305,24,Xiaomi,2312DRAABI,72,f/0.0,51,Daylight,16,29-05-2025 09:41
Black Round Fresh,black_round_fresh_IMG_20250412_115826_TIMEBURST6_3692_rgb_shift_iter4.jpg,JPG,1446x1446,24,Xiaomi,2312DRAABI,72,f/0.0,53,Daylight,16,29-05-2025 09:41
Black Round Fresh,black_round_fresh_IMG_20250412_115826_TIMEBURST7_3865_brightness_contrast_iter5.jpg,JPG,1305x1305,24,Xiaomi,2312DRAABI,72,f/0.0,51,Daylight,16,29-05-2025 09:41
Black Round Fresh,black_round_fresh_IMG_20250412_115826_TIMEBURST6_3692_rotate_iter5.jpg,JPG,1446x1446,24,Xiaomi,2312DRAABI,72,f/0.0,51,Daylight,16,29-05-2025 09:41
Black Round Fresh,black_round_fresh_IMG_20250412_115826_TIMEBURST7_3865_rgb_shift_iter5.jpg,JPG,1305x1305,24,Xiaomi,2312DRAABI,72,f/0.0,52,Daylight,16,29-05-2025 09:41
Black Round Fresh,black_round_fresh_IMG_20250412_115826_TIMEBURST6_3692_brightness_contrast_iter5.jpg,JPG,1446x1446,24,Xiaomi,2312DRAABI,72,f/0.0,51,Daylight,16,29-05-2025 09:41
Black Round Fresh,black_round_fresh_IMG_20250412_115826_TIMEBURST6_3692_gamma_iter5.jpg,JPG,1446x1446,24,Xiaomi,2312DRAABI,72,f/0.0,51,Daylight,16,29-05-2025 09:41
Black Round Fresh,black_round_fresh_IMG_20250412_115826_TIMEBURST6_3692_horizontal_flip_iter5.jpg,JPG,1446x1446,24,Xiaomi,2312DRAABI,72,f/0.0,51,Daylight,16,29-05-2025 09:41
Black Round Fresh,black_round_fresh_IMG_20250412_115826_TIMEBURST9_3613_rotate_iter1.jpg,JPG,1616x1616,24,Xiaomi,2312DRAABI,72,f/0.0,51,Daylight,16,29-05-2025 09:41
Black Round Fresh,black_round_fresh_IMG_20250412_115826_TIMEBURST8_4156_rotate_iter1.jpg,JPG,1180x1180,24,Xiaomi,2312DRAABI,72,f/0.0,50,Daylight,16,29-05-2025 09:41
Black Round Fresh,black_round_fresh_IMG_20250412_115826_TIMEBURST6_3692_rgb_shift_iter5.jpg,JPG,1446x1446,24,Xiaomi,2312DRAABI,72,f/0.0,52,Daylight,16,29-05-2025 09:41
Black Round Fresh,black_round_fresh_IMG_20250412_115826_TIMEBURST7_3865_gamma_iter5.jpg,JPG,1305x1305,24,Xiaomi,2312DRAABI,72,f/0.0,54,Daylight,16,29-05-2025 09:41
Black Round Fresh,black_round_fresh_IMG_20250412_115826_TIMEBURST8_4156_horizontal_flip_iter1.jpg,JPG,1180x1180,24,Xiaomi,2312DRAABI,72,f/0.0,52,Daylight,16,29-05-2025 09:41
Black Round Fresh,black_round_fresh_IMG_20250412_115826_TIMEBURST8_4156_brightness_contrast_iter1.jpg,JPG,1180x1180,24,Xiaomi,2312DRAABI,72,f/0.0,52,Daylight,16,29-05-2025 09:41
Black Round Fresh,black_round_fresh_IMG_20250412_115826_TIMEBURST9_3613_horizontal_flip_iter1.jpg,JPG,1616x1616,24,Xiaomi,2312DRAABI,72,f/0.0,52,Daylight,16,29-05-2025 09:41
Black Round Fresh,black_round_fresh_IMG_20250412_115826_TIMEBURST8_4156_gamma_iter1.jpg,JPG,1180x1180,24,Xiaomi,2312DRAABI,72,f/0.0,50,Daylight,16,29-05-2025 09:41
Black Round Fresh,black_round_fresh_IMG_20250412_115826_TIMEBURST8_4156_rgb_shift_iter1.jpg,JPG,1180x1180,24,Xiaomi,2312DRAABI,72,f/0.0,51,Daylight,16,29-05-2025 09:41
Black Round Fresh,black_round_fresh_IMG_20250412_115826_TIMEBURST9_3613_gamma_iter1.jpg,JPG,1616x1616,24,Xiaomi,2312DRAABI,72,f/0.0,53,Daylight,16,29-05-2025 09:41
Black Round Fresh,black_round_fresh_IMG_20250412_115826_TIMEBURST8_4156_rotate_iter2.jpg,JPG,1180x1180,24,Xiaomi,2312DRAABI,72,f/0.0,53,Daylight,16,29-05-2025 09:41
Black Round Fresh,black_round_fresh_IMG_20250412_115826_TIMEBURST9_3613_brightness_contrast_iter1.jpg,JPG,1616x1616,24,Xiaomi,2312DRAABI,72,f/0.0,52,Daylight,16,29-05-2025 09:41
Black Round Fresh,black_round_fresh_IMG_20250412_115826_TIMEBURST8_4156_horizontal_flip_iter2.jpg,JPG,1180x1180,24,Xiaomi,2312DRAABI,72,f/0.0,52,Daylight,16,29-05-2025 09:41
Black Round Fresh,black_round_fresh_IMG_20250412_115826_TIMEBURST9_3613_rgb_shift_iter1.jpg,JPG,1616x1616,24,Xiaomi,2312DRAABI,72,f/0.0,51,Daylight,16,29-05-2025 09:41
Black Round Fresh,black_round_fresh_IMG_20250412_115826_TIMEBURST8_4156_brightness_contrast_iter2.jpg,JPG,1180x1180,24,Xiaomi,2312DRAABI,72,f/0.0,54,Daylight,16,29-05-2025 09:41
Black Round Fresh,black_round_fresh_IMG_20250412_115826_TIMEBURST8_4156_gamma_iter2.jpg,JPG,1180x1180,24,Xiaomi,2312DRAABI,72,f/0.0,53,Daylight,16,29-05-2025 09:41
Black Round Fresh,black_round_fresh_IMG_20250412_115826_TIMEBURST8_4156_rgb_shift_iter2.jpg,JPG,1180x1180,24,Xiaomi,2312DRAABI,72,f/0.0,50,Daylight,16,29-05-2025 09:41
Black Round Fresh,black_round_fresh_IMG_20250412_115826_TIMEBURST9_3613_rotate_iter2.jpg,JPG,1616x1616,24,Xiaomi,2312DRAABI,72,f/0.0,52,Daylight,16,29-05-2025 09:41
Black Round Fresh,black_round_fresh_IMG_20250412_115826_TIMEBURST8_4156_rotate_iter3.jpg,JPG,1180x1180,24,Xiaomi,2312DRAABI,72,f/0.0,51,Daylight,16,29-05-2025 09:41
Black Round Fresh,black_round_fresh_IMG_20250412_115826_TIMEBURST9_3613_brightness_contrast_iter2.jpg,JPG,1616x1616,24,Xiaomi,2312DRAABI,72,f/0.0,50,Daylight,16,29-05-2025 09:41
Black Round Fresh,black_round_fresh_IMG_20250412_115826_TIMEBURST9_3613_horizontal_flip_iter2.jpg,JPG,1616x1616,24,Xiaomi,2312DRAABI,72,f/0.0,51,Daylight,16,29-05-2025 09:41
Black Round Fresh,black_round_fresh_IMG_20250412_115826_TIMEBURST8_4156_horizontal_flip_iter3.jpg,JPG,1180x1180,24,Xiaomi,2312DRAABI,72,f/0.0,53,Daylight,16,29-05-2025 09:41
Black Round Fresh,black_round_fresh_IMG_20250412_115826_TIMEBURST8_4156_brightness_contrast_iter3.jpg,JPG,1180x1180,24,Xiaomi,2312DRAABI,72,f/0.0,53,Daylight,16,29-05-2025 09:41
Black Round Fresh,black_round_fresh_IMG_20250412_115826_TIMEBURST9_3613_gamma_iter2.jpg,JPG,1616x1616,24,Xiaomi,2312DRAABI,72,f/0.0,53,Daylight,16,29-05-2025 09:41
Black Round Fresh,black_round_fresh_IMG_20250412_115826_TIMEBURST8_4156_gamma_iter3.jpg,JPG,1180x1180,24,Xiaomi,2312DRAABI,72,f/0.0,53,Daylight,16,29-05-2025 09:41
Black Round Fresh,black_round_fresh_IMG_20250412_115826_TIMEBURST8_4156_rgb_shift_iter3.jpg,JPG,1180x1180,24,Xiaomi,2312DRAABI,72,f/0.0,53,Daylight,16,29-05-2025 09:41
Black Round Fresh,black_round_fresh_IMG_20250412_115826_TIMEBURST9_3613_rgb_shift_iter2.jpg,JPG,1616x1616,24,Xiaomi,2312DRAABI,72,f/0.0,51,Daylight,16,29-05-2025 09:41
Black Round Fresh,black_round_fresh_IMG_20250412_115826_TIMEBURST8_4156_rotate_iter4.jpg,JPG,1180x1180,24,Xiaomi,2312DRAABI,72,f/0.0,53,Daylight,16,29-05-2025 09:41
Black Round Fresh,black_round_fresh_IMG_20250412_115826_TIMEBURST8_4156_horizontal_flip_iter4.jpg,JPG,1180x1180,24,Xiaomi,2312DRAABI,72,f/0.0,51,Daylight,16,29-05-2025 09:41
Black Round Fresh,black_round_fresh_IMG_20250412_115826_TIMEBURST8_4156_brightness_contrast_iter4.jpg,JPG,1180x1180,24,Xiaomi,2312DRAABI,72,f/0.0,51,Daylight,16,29-05-2025 09:41
Black Round Fresh,black_round_fresh_IMG_20250412_115826_TIMEBURST9_3613_rotate_iter3.jpg,JPG,1616x1616,24,Xiaomi,2312DRAABI,72,f/0.0,53,Daylight,16,29-05-2025 09:41
Black Round Fresh,black_round_fresh_IMG_20250412_115826_TIMEBURST11_3940_rotate_iter1.jpg,JPG,1378x1378,24,Xiaomi,2312DRAABI,72,f/0.0,52,Daylight,16,29-05-2025 09:41
Black Round Fresh,black_round_fresh_IMG_20250412_115826_TIMEBURST8_4156_gamma_iter4.jpg,JPG,1180x1180,24,Xiaomi,2312DRAABI,72,f/0.0,53,Daylight,16,29-05-2025 09:41
Black Round Fresh,black_round_fresh_IMG_20250412_115826_TIMEBURST11_3940_horizontal_flip_iter1.jpg,JPG,1378x1378,24,Xiaomi,2312DRAABI,72,f/0.0,53,Daylight,16,29-05-2025 09:41
Black Round Fresh,black_round_fresh_IMG_20250412_115826_TIMEBURST9_3613_horizontal_flip_iter3.jpg,JPG,1616x1616,24,Xiaomi,2312DRAABI,72,f/0.0,53,Daylight,16,29-05-2025 09:41
Black Round Fresh,black_round_fresh_IMG_20250412_115826_TIMEBURST8_4156_rgb_shift_iter4.jpg,JPG,1180x1180,24,Xiaomi,2312DRAABI,72,f/0.0,51,Daylight,16,29-05-2025 09:41
Black Round Fresh,black_round_fresh_IMG_20250412_115826_TIMEBURST11_3940_brightness_contrast_iter1.jpg,JPG,1378x1378,24,Xiaomi,2312DRAABI,72,f/0.0,51,Daylight,16,29-05-2025 09:41
Black Round Fresh,black_round_fresh_IMG_20250412_115826_TIMEBURST9_3613_brightness_contrast_iter3.jpg,JPG,1616x1616,24,Xiaomi,2312DRAABI,72,f/0.0,50,Daylight,16,29-05-2025 09:41
Black Round Fresh,black_round_fresh_IMG_20250412_115826_TIMEBURST11_3940_gamma_iter1.jpg,JPG,1378x1378,24,Xiaomi,2312DRAABI,72,f/0.0,52,Daylight,16,29-05-2025 09:41
Black Round Fresh,black_round_fresh_IMG_20250412_115826_TIMEBURST8_4156_rotate_iter5.jpg,JPG,1180x1180,24,Xiaomi,2312DRAABI,72,f/0.0,52,Daylight,16,29-05-2025 09:41
Black Round Fresh,black_round_fresh_IMG_20250412_115826_TIMEBURST9_3613_gamma_iter3.jpg,JPG,1616x1616,24,Xiaomi,2312DRAABI,72,f/0.0,52,Daylight,16,29-05-2025 09:41
Black Round Fresh,black_round_fresh_IMG_20250412_115826_TIMEBURST8_4156_horizontal_flip_iter5.jpg,JPG,1180x1180,24,Xiaomi,2312DRAABI,72,f/0.0,52,Daylight,16,29-05-2025 09:41
Black Round Fresh,black_round_fresh_IMG_20250412_115826_TIMEBURST11_3940_rgb_shift_iter1.jpg,JPG,1378x1378,24,Xiaomi,2312DRAABI,72,f/0.0,51,Daylight,16,29-05-2025 09:41
Black Round Fresh,black_round_fresh_IMG_20250412_115826_TIMEBURST8_4156_brightness_contrast_iter5.jpg,JPG,1180x1180,24,Xiaomi,2312DRAABI,72,f/0.0,53,Daylight,16,29-05-2025 09:41
Black Round Fresh,black_round_fresh_IMG_20250412_115826_TIMEBURST8_4156_gamma_iter5.jpg,JPG,1180x1180,24,Xiaomi,2312DRAABI,72,f/0.0,53,Daylight,16,29-05-2025 09:41
Black Round Fresh,black_round_fresh_IMG_20250412_115826_TIMEBURST9_3613_rgb_shift_iter3.jpg,JPG,1616x1616,24,Xiaomi,2312DRAABI,72,f/0.0,51,Daylight,16,29-05-2025 09:41
Black Round Fresh,black_round_fresh_IMG_20250412_115826_TIMEBURST11_3940_rotate_iter2.jpg,JPG,1378x1378,24,Xiaomi,2312DRAABI,72,f/0.0,53,Daylight,16,29-05-2025 09:41
Black Round Fresh,black_round_fresh_IMG_20250412_115826_TIMEBURST8_4156_rgb_shift_iter5.jpg,JPG,1180x1180,24,Xiaomi,2312DRAABI,72,f/0.0,54,Daylight,16,29-05-2025 09:41
Black Round Fresh,black_round_fresh_IMG_20250412_115826_TIMEBURST11_3940_horizontal_flip_iter2.jpg,JPG,1378x1378,24,Xiaomi,2312DRAABI,72,f/0.0,53,Daylight,16,29-05-2025 09:41
Black Round Fresh,black_round_fresh_IMG_20250412_115826_TIMEBURST9_3613_rotate_iter4.jpg,JPG,1616x1616,24,Xiaomi,2312DRAABI,72,f/0.0,51,Daylight,16,29-05-2025 09:41
Black Round Fresh,black_round_fresh_IMG_20250412_115826_TIMEBURST11_3940_brightness_contrast_iter2.jpg,JPG,1378x1378,24,Xiaomi,2312DRAABI,72,f/0.0,53,Daylight,16,29-05-2025 09:41
Black Round Fresh,black_round_fresh_IMG_20250412_115826_TIMEBURST9_3613_horizontal_flip_iter4.jpg,JPG,1616x1616,24,Xiaomi,2312DRAABI,72,f/0.0,52,Daylight,16,29-05-2025 09:41
Black Round Fresh,black_round_fresh_IMG_20250412_115826_TIMEBURST11_3940_gamma_iter2.jpg,JPG,1378x1378,24,Xiaomi,2312DRAABI,72,f/0.0,50,Daylight,16,29-05-2025 09:41
Black Round Fresh,black_round_fresh_IMG_20250412_115826_TIMEBURST9_3613_brightness_contrast_iter4.jpg,JPG,1616x1616,24,Xiaomi,2312DRAABI,72,f/0.0,52,Daylight,16,29-05-2025 09:41
Black Round Fresh,black_round_fresh_IMG_20250412_115826_TIMEBURST11_3940_rgb_shift_iter2.jpg,JPG,1378x1378,24,Xiaomi,2312DRAABI,72,f/0.0,52,Daylight,16,29-05-2025 09:41
Black Round Fresh,black_round_fresh_IMG_20250412_115826_TIMEBURST9_3613_gamma_iter4.jpg,JPG,1616x1616,24,Xiaomi,2312DRAABI,72,f/0.0,51,Daylight,16,29-05-2025 09:41
Black Round Fresh,black_round_fresh_IMG_20250412_115826_TIMEBURST11_3940_rotate_iter3.jpg,JPG,1378x1378,24,Xiaomi,2312DRAABI,72,f/0.0,51,Daylight,16,29-05-2025 09:41
Black Round Fresh,black_round_fresh_IMG_20250412_115826_TIMEBURST11_3940_horizontal_flip_iter3.jpg,JPG,1378x1378,24,Xiaomi,2312DRAABI,72,f/0.0,51,Daylight,16,29-05-2025 09:41
Black Round Fresh,black_round_fresh_IMG_20250412_115826_TIMEBURST9_3613_rgb_shift_iter4.jpg,JPG,1616x1616,24,Xiaomi,2312DRAABI,72,f/0.0,53,Daylight,16,29-05-2025 09:41
Black Round Fresh,black_round_fresh_IMG_20250412_115826_TIMEBURST11_3940_brightness_contrast_iter3.jpg,JPG,1378x1378,24,Xiaomi,2312DRAABI,72,f/0.0,51,Daylight,16,29-05-2025 09:41
Black Round Fresh,black_round_fresh_IMG_20250412_115826_TIMEBURST9_3613_rotate_iter5.jpg,JPG,1616x1616,24,Xiaomi,2312DRAABI,72,f/0.0,50,Daylight,16,29-05-2025 09:41
Black Round Fresh,black_round_fresh_IMG_20250412_115826_TIMEBURST11_3940_gamma_iter3.jpg,JPG,1378x1378,24,Xiaomi,2312DRAABI,72,f/0.0,51,Daylight,16,29-05-2025 09:41
Black Round Fresh,black_round_fresh_IMG_20250412_115826_TIMEBURST12_3809_rotate_iter1.jpg,JPG,1455x1455,24,Xiaomi,2312DRAABI,72,f/0.0,51,Daylight,16,29-05-2025 09:41
Black Round Fresh,black_round_fresh_IMG_20250412_115826_TIMEBURST12_3809_horizontal_flip_iter1.jpg,JPG,1455x1455,24,Xiaomi,2312DRAABI,72,f/0.0,52,Daylight,16,29-05-2025 09:41
Black Round Fresh,black_round_fresh_IMG_20250412_115826_TIMEBURST10_3339_rotate_iter1.jpg,JPG,1246x1246,24,Xiaomi,2312DRAABI,72,f/0.0,51,Daylight,16,29-05-2025 09:41
Black Round Fresh,black_round_fresh_IMG_20250412_115826_TIMEBURST11_3940_rgb_shift_iter3.jpg,JPG,1378x1378,24,Xiaomi,2312DRAABI,72,f/0.0,52,Daylight,16,29-05-2025 09:41
Black Round Fresh,black_round_fresh_IMG_20250412_115826_TIMEBURST9_3613_horizontal_flip_iter5.jpg,JPG,1616x1616,24,Xiaomi,2312DRAABI,72,f/0.0,50,Daylight,16,29-05-2025 09:41
Black Round Fresh,black_round_fresh_IMG_20250412_115826_TIMEBURST10_3339_horizontal_flip_iter1.jpg,JPG,1246x1246,24,Xiaomi,2312DRAABI,72,f/0.0,53,Daylight,16,29-05-2025 09:41
Black Round Fresh,black_round_fresh_IMG_20250412_115826_TIMEBURST9_3613_brightness_contrast_iter5.jpg,JPG,1616x1616,24,Xiaomi,2312DRAABI,72,f/0.0,52,Daylight,16,29-05-2025 09:41
Black Round Fresh,black_round_fresh_IMG_20250412_115826_TIMEBURST12_3809_brightness_contrast_iter1.jpg,JPG,1455x1455,24,Xiaomi,2312DRAABI,72,f/0.0,52,Daylight,16,29-05-2025 09:41
Black Round Fresh,black_round_fresh_IMG_20250412_115826_TIMEBURST10_3339_brightness_contrast_iter1.jpg,JPG,1246x1246,24,Xiaomi,2312DRAABI,72,f/0.0,54,Daylight,16,29-05-2025 09:41
Black Round Fresh,black_round_fresh_IMG_20250412_115826_TIMEBURST9_3613_gamma_iter5.jpg,JPG,1616x1616,24,Xiaomi,2312DRAABI,72,f/0.0,50,Daylight,16,29-05-2025 09:41
Black Round Fresh,black_round_fresh_IMG_20250412_115826_TIMEBURST11_3940_rotate_iter4.jpg,JPG,1378x1378,24,Xiaomi,2312DRAABI,72,f/0.0,54,Daylight,16,29-05-2025 09:41
Black Round Fresh,black_round_fresh_IMG_20250412_115826_TIMEBURST12_3809_gamma_iter1.jpg,JPG,1455x1455,24,Xiaomi,2312DRAABI,72,f/0.0,54,Daylight,16,29-05-2025 09:41
Black Round Fresh,black_round_fresh_IMG_20250412_115826_TIMEBURST10_3339_gamma_iter1.jpg,JPG,1246x1246,24,Xiaomi,2312DRAABI,72,f/0.0,54,Daylight,16,29-05-2025 09:41
Black Round Fresh,black_round_fresh_IMG_20250412_115826_TIMEBURST11_3940_horizontal_flip_iter4.jpg,JPG,1378x1378,24,Xiaomi,2312DRAABI,72,f/0.0,52,Daylight,16,29-05-2025 09:41
Black Round Fresh,black_round_fresh_IMG_20250412_115826_TIMEBURST9_3613_rgb_shift_iter5.jpg,JPG,1616x1616,24,Xiaomi,2312DRAABI,72,f/0.0,53,Daylight,16,29-05-2025 09:41
Black Round Fresh,black_round_fresh_IMG_20250412_115826_TIMEBURST11_3940_brightness_contrast_iter4.jpg,JPG,1378x1378,24,Xiaomi,2312DRAABI,72,f/0.0,53,Daylight,16,29-05-2025 09:41
Black Round Fresh,black_round_fresh_IMG_20250412_115826_TIMEBURST10_3339_rgb_shift_iter1.jpg,JPG,1246x1246,24,Xiaomi,2312DRAABI,72,f/0.0,51,Daylight,16,29-05-2025 09:41
Black Round Fresh,black_round_fresh_IMG_20250412_115826_TIMEBURST12_3809_rgb_shift_iter1.jpg,JPG,1455x1455,24,Xiaomi,2312DRAABI,72,f/0.0,52,Daylight,16,29-05-2025 09:41
Black Round Fresh,black_round_fresh_IMG_20250412_115826_TIMEBURST11_3940_gamma_iter4.jpg,JPG,1378x1378,24,Xiaomi,2312DRAABI,72,f/0.0,50,Daylight,16,29-05-2025 09:41
Black Round Fresh,black_round_fresh_IMG_20250412_115826_TIMEBURST10_3339_rotate_iter2.jpg,JPG,1246x1246,24,Xiaomi,2312DRAABI,72,f/0.0,50,Daylight,16,29-05-2025 09:41
Black Round Fresh,black_round_fresh_IMG_20250412_115826_TIMEBURST10_3339_horizontal_flip_iter2.jpg,JPG,1246x1246,24,Xiaomi,2312DRAABI,72,f/0.0,53,Daylight,16,29-05-2025 09:41
Black Round Fresh,black_round_fresh_IMG_20250412_115826_TIMEBURST11_3940_rgb_shift_iter4.jpg,JPG,1378x1378,24,Xiaomi,2312DRAABI,72,f/0.0,52,Daylight,16,29-05-2025 09:41
Black Round Fresh,black_round_fresh_IMG_20250412_115826_TIMEBURST10_3339_brightness_contrast_iter2.jpg,JPG,1246x1246,24,Xiaomi,2312DRAABI,72,f/0.0,54,Daylight,16,29-05-2025 09:41
Black Round Fresh,black_round_fresh_IMG_20250412_115826_TIMEBURST12_3809_rotate_iter2.jpg,JPG,1455x1455,24,Xiaomi,2312DRAABI,72,f/0.0,51,Daylight,16,29-05-2025 09:41
Black Round Fresh,black_round_fresh_IMG_20250412_115826_TIMEBURST10_3339_gamma_iter2.jpg,JPG,1246x1246,24,Xiaomi,2312DRAABI,72,f/0.0,53,Daylight,16,29-05-2025 09:41
Black Round Fresh,black_round_fresh_IMG_20250412_115826_TIMEBURST11_3940_rotate_iter5.jpg,JPG,1378x1378,24,Xiaomi,2312DRAABI,72,f/0.0,52,Daylight,16,29-05-2025 09:41
Black Round Fresh,black_round_fresh_IMG_20250412_115826_TIMEBURST12_3809_horizontal_flip_iter2.jpg,JPG,1455x1455,24,Xiaomi,2312DRAABI,72,f/0.0,54,Daylight,16,29-05-2025 09:41
Black Round Fresh,black_round_fresh_IMG_20250412_115826_TIMEBURST11_3940_horizontal_flip_iter5.jpg,JPG,1378x1378,24,Xiaomi,2312DRAABI,72,f/0.0,51,Daylight,16,29-05-2025 09:41
Black Round Fresh,black_round_fresh_IMG_20250412_115826_TIMEBURST12_3809_brightness_contrast_iter2.jpg,JPG,1455x1455,24,Xiaomi,2312DRAABI,72,f/0.0,51,Daylight,16,29-05-2025 09:41
Black Round Fresh,black_round_fresh_IMG_20250412_115826_TIMEBURST10_3339_rgb_shift_iter2.jpg,JPG,1246x1246,24,Xiaomi,2312DRAABI,72,f/0.0,52,Daylight,16,29-05-2025 09:41
Black Round Fresh,black_round_fresh_IMG_20250412_115826_TIMEBURST11_3940_brightness_contrast_iter5.jpg,JPG,1378x1378,24,Xiaomi,2312DRAABI,72,f/0.0,52,Daylight,16,29-05-2025 09:41
Black Round Fresh,black_round_fresh_IMG_20250412_115826_TIMEBURST12_3809_gamma_iter2.jpg,JPG,1455x1455,24,Xiaomi,2312DRAABI,72,f/0.0,52,Daylight,16,29-05-2025 09:41
Black Round Fresh,black_round_fresh_IMG_20250412_115826_TIMEBURST10_3339_rotate_iter3.jpg,JPG,1246x1246,24,Xiaomi,2312DRAABI,72,f/0.0,52,Daylight,16,29-05-2025 09:41
Black Round Fresh,black_round_fresh_IMG_20250412_115826_TIMEBURST11_3940_gamma_iter5.jpg,JPG,1378x1378,24,Xiaomi,2312DRAABI,72,f/0.0,50,Daylight,16,29-05-2025 09:41
Black Round Fresh,black_round_fresh_IMG_20250412_115826_TIMEBURST12_3809_rgb_shift_iter2.jpg,JPG,1455x1455,24,Xiaomi,2312DRAABI,72,f/0.0,52,Daylight,16,29-05-2025 09:41
Black Round Fresh,black_round_fresh_IMG_20250412_115826_TIMEBURST10_3339_horizontal_flip_iter3.jpg,JPG,1246x1246,24,Xiaomi,2312DRAABI,72,f/0.0,53,Daylight,16,29-05-2025 09:41
Black Round Fresh,black_round_fresh_IMG_20250412_115826_TIMEBURST11_3940_rgb_shift_iter5.jpg,JPG,1378x1378,24,Xiaomi,2312DRAABI,72,f/0.0,51,Daylight,16,29-05-2025 09:41
Black Round Fresh,black_round_fresh_IMG_20250412_115826_TIMEBURST10_3339_brightness_contrast_iter3.jpg,JPG,1246x1246,24,Xiaomi,2312DRAABI,72,f/0.0,51,Daylight,16,29-05-2025 09:41
Black Round Fresh,black_round_fresh_IMG_20250412_115826_TIMEBURST12_3809_rotate_iter3.jpg,JPG,1455x1455,24,Xiaomi,2312DRAABI,72,f/0.0,51,Daylight,16,29-05-2025 09:41
Black Round Fresh,black_round_fresh_IMG_20250412_115826_TIMEBURST10_3339_gamma_iter3.jpg,JPG,1246x1246,24,Xiaomi,2312DRAABI,72,f/0.0,51,Daylight,16,29-05-2025 09:41
Black Round Fresh,black_round_fresh_IMG_20250412_115826_TIMEBURST12_3809_horizontal_flip_iter3.jpg,JPG,1455x1455,24,Xiaomi,2312DRAABI,72,f/0.0,51,Daylight,16,29-05-2025 09:41
Black Round Fresh,black_round_fresh_IMG_20250412_115826_TIMEBURST12_3809_brightness_contrast_iter3.jpg,JPG,1455x1455,24,Xiaomi,2312DRAABI,72,f/0.0,50,Daylight,16,29-05-2025 09:41
Black Round Fresh,black_round_fresh_IMG_20250412_115826_TIMEBURST10_3339_rgb_shift_iter3.jpg,JPG,1246x1246,24,Xiaomi,2312DRAABI,72,f/0.0,53,Daylight,16,29-05-2025 09:41
Black Round Fresh,black_round_fresh_IMG_20250412_115826_TIMEBURST12_3809_gamma_iter3.jpg,JPG,1455x1455,24,Xiaomi,2312DRAABI,72,f/0.0,52,Daylight,16,29-05-2025 09:41
Black Round Fresh,black_round_fresh_IMG_20250412_115826_TIMEBURST10_3339_rotate_iter4.jpg,JPG,1246x1246,24,Xiaomi,2312DRAABI,72,f/0.0,53,Daylight,16,29-05-2025 09:41
Black Round Fresh,black_round_fresh_IMG_20250412_115826_TIMEBURST10_3339_horizontal_flip_iter4.jpg,JPG,1246x1246,24,Xiaomi,2312DRAABI,72,f/0.0,52,Daylight,16,29-05-2025 09:41
Black Round Fresh,black_round_fresh_IMG_20250412_115826_TIMEBURST12_3809_rgb_shift_iter3.jpg,JPG,1455x1455,24,Xiaomi,2312DRAABI,72,f/0.0,51,Daylight,16,29-05-2025 09:41
Black Round Fresh,black_round_fresh_IMG_20250412_115826_TIMEBURST10_3339_brightness_contrast_iter4.jpg,JPG,1246x1246,24,Xiaomi,2312DRAABI,72,f/0.0,53,Daylight,16,29-05-2025 09:41
Black Round Fresh,black_round_fresh_IMG_20250412_115826_TIMEBURST10_3339_gamma_iter4.jpg,JPG,1246x1246,24,Xiaomi,2312DRAABI,72,f/0.0,51,Daylight,16,29-05-2025 09:41
Black Round Fresh,black_round_fresh_IMG_20250412_115826_TIMEBURST12_3809_rotate_iter4.jpg,JPG,1455x1455,24,Xiaomi,2312DRAABI,72,f/0.0,51,Daylight,16,29-05-2025 09:41
Black Round Fresh,black_round_fresh_IMG_20250412_115826_TIMEBURST12_3809_horizontal_flip_iter4.jpg,JPG,1455x1455,24,Xiaomi,2312DRAABI,72,f/0.0,52,Daylight,16,29-05-2025 09:41
Black Round Fresh,black_round_fresh_IMG_20250412_115826_TIMEBURST10_3339_rgb_shift_iter4.jpg,JPG,1246x1246,24,Xiaomi,2312DRAABI,72,f/0.0,51,Daylight,16,29-05-2025 09:41
Black Round Fresh,black_round_fresh_IMG_20250412_115826_TIMEBURST12_3809_brightness_contrast_iter4.jpg,JPG,1455x1455,24,Xiaomi,2312DRAABI,72,f/0.0,51,Daylight,16,29-05-2025 09:41
Black Round Fresh,black_round_fresh_IMG_20250412_115826_TIMEBURST10_3339_rotate_iter5.jpg,JPG,1246x1246,24,Xiaomi,2312DRAABI,72,f/0.0,51,Daylight,16,29-05-2025 09:41
Black Round Fresh,black_round_fresh_IMG_20250412_115826_TIMEBURST12_3809_gamma_iter4.jpg,JPG,1455x1455,24,Xiaomi,2312DRAABI,72,f/0.0,51,Daylight,16,29-05-2025 09:41
Black Round Fresh,black_round_fresh_IMG_20250412_115826_TIMEBURST10_3339_horizontal_flip_iter5.jpg,JPG,1246x1246,24,Xiaomi,2312DRAABI,72,f/0.0,50,Daylight,16,29-05-2025 09:41
Black Round Fresh,black_round_fresh_IMG_20250412_115826_TIMEBURST10_3339_brightness_contrast_iter5.jpg,JPG,1246x1246,24,Xiaomi,2312DRAABI,72,f/0.0,52,Daylight,16,29-05-2025 09:41
Black Round Fresh,black_round_fresh_IMG_20250412_115826_TIMEBURST12_3809_rgb_shift_iter4.jpg,JPG,1455x1455,24,Xiaomi,2312DRAABI,72,f/0.0,54,Daylight,16,29-05-2025 09:41
Black Round Fresh,black_round_fresh_IMG_20250412_115826_TIMEBURST10_3339_gamma_iter5.jpg,JPG,1246x1246,24,Xiaomi,2312DRAABI,72,f/0.0,52,Daylight,16,29-05-2025 09:41
Black Round Fresh,black_round_fresh_IMG_20250412_115826_TIMEBURST12_3809_rotate_iter5.jpg,JPG,1455x1455,24,Xiaomi,2312DRAABI,72,f/0.0,52,Daylight,16,29-05-2025 09:41
Black Round Fresh,black_round_fresh_IMG_20250412_115826_TIMEBURST10_3339_rgb_shift_iter5.jpg,JPG,1246x1246,24,Xiaomi,2312DRAABI,72,f/0.0,52,Daylight,16,29-05-2025 09:41
Black Round Fresh,black_round_fresh_IMG_20250412_115826_TIMEBURST12_3809_horizontal_flip_iter5.jpg,JPG,1455x1455,24,Xiaomi,2312DRAABI,72,f/0.0,50,Daylight,16,29-05-2025 09:41
Black Round Fresh,black_round_fresh_IMG_20250412_115826_TIMEBURST12_3809_brightness_contrast_iter5.jpg,JPG,1455x1455,24,Xiaomi,2312DRAABI,72,f/0.0,51,Daylight,16,29-05-2025 09:41
Black Round Fresh,black_round_fresh_IMG_20250412_115826_TIMEBURST14_4154_rotate_iter1.jpg,JPG,958x958,24,Xiaomi,2312DRAABI,72,f/0.0,53,Daylight,16,29-05-2025 09:41
Black Round Fresh,black_round_fresh_IMG_20250412_115826_TIMEBURST12_3809_gamma_iter5.jpg,JPG,1455x1455,24,Xiaomi,2312DRAABI,72,f/0.0,53,Daylight,16,29-05-2025 09:41
Black Round Fresh,black_round_fresh_IMG_20250412_115826_TIMEBURST14_4154_horizontal_flip_iter1.jpg,JPG,958x958,24,Xiaomi,2312DRAABI,72,f/0.0,52,Daylight,16,29-05-2025 09:41
Black Round Fresh,black_round_fresh_IMG_20250412_115826_TIMEBURST14_4154_brightness_contrast_iter1.jpg,JPG,958x958,24,Xiaomi,2312DRAABI,72,f/0.0,52,Daylight,16,29-05-2025 09:41
Black Round Fresh,black_round_fresh_IMG_20250412_115826_TIMEBURST12_3809_rgb_shift_iter5.jpg,JPG,1455x1455,24,Xiaomi,2312DRAABI,72,f/0.0,51,Daylight,16,29-05-2025 09:41
Black Round Fresh,black_round_fresh_IMG_20250412_115826_TIMEBURST14_4154_gamma_iter1.jpg,JPG,958x958,24,Xiaomi,2312DRAABI,72,f/0.0,54,Daylight,16,29-05-2025 09:41
Black Round Fresh,black_round_fresh_IMG_20250412_115826_TIMEBURST14_4154_rgb_shift_iter1.jpg,JPG,958x958,24,Xiaomi,2312DRAABI,72,f/0.0,53,Daylight,16,29-05-2025 09:41
Black Round Fresh,black_round_fresh_IMG_20250412_115826_TIMEBURST14_4154_rotate_iter2.jpg,JPG,958x958,24,Xiaomi,2312DRAABI,72,f/0.0,50,Daylight,16,29-05-2025 09:41
Black Round Fresh,black_round_fresh_IMG_20250412_115826_TIMEBURST14_4154_horizontal_flip_iter2.jpg,JPG,958x958,24,Xiaomi,2312DRAABI,72,f/0.0,52,Daylight,16,29-05-2025 09:41
Black Round Fresh,black_round_fresh_IMG_20250412_115826_TIMEBURST14_4154_brightness_contrast_iter2.jpg,JPG,958x958,24,Xiaomi,2312DRAABI,72,f/0.0,51,Daylight,16,29-05-2025 09:41
Black Round Fresh,black_round_fresh_IMG_20250412_115826_TIMEBURST14_4154_gamma_iter2.jpg,JPG,958x958,24,Xiaomi,2312DRAABI,72,f/0.0,50,Daylight,16,29-05-2025 09:41
Black Round Fresh,black_round_fresh_IMG_20250412_115826_TIMEBURST14_4154_rgb_shift_iter2.jpg,JPG,958x958,24,Xiaomi,2312DRAABI,72,f/0.0,51,Daylight,16,29-05-2025 09:41
Black Round Fresh,black_round_fresh_IMG_20250412_115826_TIMEBURST14_4154_rotate_iter3.jpg,JPG,958x958,24,Xiaomi,2312DRAABI,72,f/0.0,53,Daylight,16,29-05-2025 09:41
Black Round Fresh,black_round_fresh_IMG_20250412_115826_TIMEBURST14_4154_horizontal_flip_iter3.jpg,JPG,958x958,24,Xiaomi,2312DRAABI,72,f/0.0,53,Daylight,16,29-05-2025 09:41
Black Round Fresh,black_round_fresh_IMG_20250412_115826_TIMEBURST14_4154_brightness_contrast_iter3.jpg,JPG,958x958,24,Xiaomi,2312DRAABI,72,f/0.0,53,Daylight,16,29-05-2025 09:41
Black Round Fresh,black_round_fresh_IMG_20250412_115826_TIMEBURST14_4154_gamma_iter3.jpg,JPG,958x958,24,Xiaomi,2312DRAABI,72,f/0.0,53,Daylight,16,29-05-2025 09:41
Black Round Fresh,black_round_fresh_IMG_20250412_115826_TIMEBURST14_4154_rgb_shift_iter3.jpg,JPG,958x958,24,Xiaomi,2312DRAABI,72,f/0.0,53,Daylight,16,29-05-2025 09:41
Black Round Fresh,black_round_fresh_IMG_20250412_115826_TIMEBURST14_4154_rotate_iter4.jpg,JPG,958x958,24,Xiaomi,2312DRAABI,72,f/0.0,51,Daylight,16,29-05-2025 09:41
Black Round Fresh,black_round_fresh_IMG_20250412_115826_TIMEBURST14_4154_horizontal_flip_iter4.jpg,JPG,958x958,24,Xiaomi,2312DRAABI,72,f/0.0,53,Daylight,16,29-05-2025 09:41
Black Round Fresh,black_round_fresh_IMG_20250412_115826_TIMEBURST14_4154_brightness_contrast_iter4.jpg,JPG,958x958,24,Xiaomi,2312DRAABI,72,f/0.0,51,Daylight,16,29-05-2025 09:41
Black Round Fresh,black_round_fresh_IMG_20250412_115826_TIMEBURST14_4154_gamma_iter4.jpg,JPG,958x958,24,Xiaomi,2312DRAABI,72,f/0.0,51,Daylight,16,29-05-2025 09:41
Black Round Fresh,black_round_fresh_IMG_20250412_115826_TIMEBURST14_4154_rgb_shift_iter4.jpg,JPG,958x958,24,Xiaomi,2312DRAABI,72,f/0.0,53,Daylight,16,29-05-2025 09:41
Black Round Fresh,black_round_fresh_IMG_20250412_115826_TIMEBURST14_4154_rotate_iter5.jpg,JPG,958x958,24,Xiaomi,2312DRAABI,72,f/0.0,52,Daylight,16,29-05-2025 09:41
Black Round Fresh,black_round_fresh_IMG_20250412_115826_TIMEBURST14_4154_horizontal_flip_iter5.jpg,JPG,958x958,24,Xiaomi,2312DRAABI,72,f/0.0,53,Daylight,16,29-05-2025 09:41
Black Round Fresh,black_round_fresh_IMG_20250412_115826_TIMEBURST14_4154_brightness_contrast_iter5.jpg,JPG,958x958,24,Xiaomi,2312DRAABI,72,f/0.0,53,Daylight,16,29-05-2025 09:41
Black Round Fresh,black_round_fresh_IMG_20250412_115826_TIMEBURST14_4154_rgb_shift_iter5.jpg,JPG,958x958,24,Xiaomi,2312DRAABI,72,f/0.0,53,Daylight,16,29-05-2025 09:41
Black Round Fresh,black_round_fresh_IMG_20250412_115826_TIMEBURST14_4154_gamma_iter5.jpg,JPG,958x958,24,Xiaomi,2312DRAABI,72,f/0.0,51,Daylight,16,29-05-2025 09:41
Black Round Fresh,black_round_fresh_IMG_20250412_115826_TIMEBURST15_3594_rotate_iter1.jpg,JPG,1245x1245,24,Xiaomi,2312DRAABI,72,f/0.0,51,Daylight,16,29-05-2025 09:41
Black Round Fresh,black_round_fresh_IMG_20250412_115826_TIMEBURST15_3594_horizontal_flip_iter1.jpg,JPG,1245x1245,24,Xiaomi,2312DRAABI,72,f/0.0,50,Daylight,16,29-05-2025 09:41
Black Round Fresh,black_round_fresh_IMG_20250412_115826_TIMEBURST15_3594_brightness_contrast_iter1.jpg,JPG,1245x1245,24,Xiaomi,2312DRAABI,72,f/0.0,52,Daylight,16,29-05-2025 09:41
Black Round Fresh,black_round_fresh_IMG_20250412_115826_TIMEBURST15_3594_gamma_iter1.jpg,JPG,1245x1245,24,Xiaomi,2312DRAABI,72,f/0.0,52,Daylight,16,29-05-2025 09:41
Black Round Fresh,black_round_fresh_IMG_20250412_115826_TIMEBURST15_3594_rgb_shift_iter1.jpg,JPG,1245x1245,24,Xiaomi,2312DRAABI,72,f/0.0,52,Daylight,16,29-05-2025 09:41
Black Round Fresh,black_round_fresh_IMG_20250412_115826_TIMEBURST13_3963_rotate_iter1.jpg,JPG,1373x1373,24,Xiaomi,2312DRAABI,72,f/0.0,52,Daylight,16,29-05-2025 09:41
Black Round Fresh,black_round_fresh_IMG_20250412_115826_TIMEBURST15_3594_rotate_iter2.jpg,JPG,1245x1245,24,Xiaomi,2312DRAABI,72,f/0.0,51,Daylight,16,29-05-2025 09:41
Black Round Fresh,black_round_fresh_IMG_20250412_115826_TIMEBURST15_3594_horizontal_flip_iter2.jpg,JPG,1245x1245,24,Xiaomi,2312DRAABI,72,f/0.0,53,Daylight,16,29-05-2025 09:41
Black Round Fresh,black_round_fresh_IMG_20250412_115826_TIMEBURST13_3963_horizontal_flip_iter1.jpg,JPG,1373x1373,24,Xiaomi,2312DRAABI,72,f/0.0,53,Daylight,16,29-05-2025 09:41
Black Round Fresh,black_round_fresh_IMG_20250412_115826_TIMEBURST13_3963_brightness_contrast_iter1.jpg,JPG,1373x1373,24,Xiaomi,2312DRAABI,72,f/0.0,51,Daylight,16,29-05-2025 09:41
Black Round Fresh,black_round_fresh_IMG_20250412_115826_TIMEBURST15_3594_brightness_contrast_iter2.jpg,JPG,1245x1245,24,Xiaomi,2312DRAABI,72,f/0.0,53,Daylight,16,29-05-2025 09:41
Black Round Fresh,black_round_fresh_IMG_20250412_115826_TIMEBURST15_3594_gamma_iter2.jpg,JPG,1245x1245,24,Xiaomi,2312DRAABI,72,f/0.0,54,Daylight,16,29-05-2025 09:41
Black Round Fresh,black_round_fresh_IMG_20250412_115826_TIMEBURST13_3963_gamma_iter1.jpg,JPG,1373x1373,24,Xiaomi,2312DRAABI,72,f/0.0,53,Daylight,16,29-05-2025 09:41
Black Round Fresh,black_round_fresh_IMG_20250412_115826_TIMEBURST15_3594_rgb_shift_iter2.jpg,JPG,1245x1245,24,Xiaomi,2312DRAABI,72,f/0.0,51,Daylight,16,29-05-2025 09:41
Black Round Fresh,black_round_fresh_IMG_20250412_115826_TIMEBURST16_3765_rotate_iter1.jpg,JPG,1524x1524,24,Xiaomi,2312DRAABI,72,f/0.0,53,Daylight,16,29-05-2025 09:41
Black Round Fresh,black_round_fresh_IMG_20250412_115826_TIMEBURST13_3963_rgb_shift_iter1.jpg,JPG,1373x1373,24,Xiaomi,2312DRAABI,72,f/0.0,52,Daylight,16,29-05-2025 09:41
Black Round Fresh,black_round_fresh_IMG_20250412_115826_TIMEBURST15_3594_rotate_iter3.jpg,JPG,1245x1245,24,Xiaomi,2312DRAABI,72,f/0.0,50,Daylight,16,29-05-2025 09:41
Black Round Fresh,black_round_fresh_IMG_20250412_115826_TIMEBURST16_3765_horizontal_flip_iter1.jpg,JPG,1524x1524,24,Xiaomi,2312DRAABI,72,f/0.0,52,Daylight,16,29-05-2025 09:41
Black Round Fresh,black_round_fresh_IMG_20250412_115826_TIMEBURST15_3594_horizontal_flip_iter3.jpg,JPG,1245x1245,24,Xiaomi,2312DRAABI,72,f/0.0,52,Daylight,16,29-05-2025 09:41
Black Round Fresh,black_round_fresh_IMG_20250412_115826_TIMEBURST16_3765_brightness_contrast_iter1.jpg,JPG,1524x1524,24,Xiaomi,2312DRAABI,72,f/0.0,51,Daylight,16,29-05-2025 09:41
Black Round Fresh,black_round_fresh_IMG_20250412_115826_TIMEBURST13_3963_rotate_iter2.jpg,JPG,1373x1373,24,Xiaomi,2312DRAABI,72,f/0.0,51,Daylight,16,29-05-2025 09:41
Black Round Fresh,black_round_fresh_IMG_20250412_115826_TIMEBURST15_3594_brightness_contrast_iter3.jpg,JPG,1245x1245,24,Xiaomi,2312DRAABI,72,f/0.0,51,Daylight,16,29-05-2025 09:41
Black Round Fresh,black_round_fresh_IMG_20250412_115826_TIMEBURST16_3765_gamma_iter1.jpg,JPG,1524x1524,24,Xiaomi,2312DRAABI,72,f/0.0,53,Daylight,16,29-05-2025 09:41
Black Round Fresh,black_round_fresh_IMG_20250412_115826_TIMEBURST13_3963_horizontal_flip_iter2.jpg,JPG,1373x1373,24,Xiaomi,2312DRAABI,72,f/0.0,51,Daylight,16,29-05-2025 09:41
Black Round Fresh,black_round_fresh_IMG_20250412_115826_TIMEBURST15_3594_gamma_iter3.jpg,JPG,1245x1245,24,Xiaomi,2312DRAABI,72,f/0.0,50,Daylight,16,29-05-2025 09:41
Black Round Fresh,black_round_fresh_IMG_20250412_115826_TIMEBURST13_3963_brightness_contrast_iter2.jpg,JPG,1373x1373,24,Xiaomi,2312DRAABI,72,f/0.0,51,Daylight,16,29-05-2025 09:41
Black Round Fresh,black_round_fresh_IMG_20250412_115826_TIMEBURST16_3765_rgb_shift_iter1.jpg,JPG,1524x1524,24,Xiaomi,2312DRAABI,72,f/0.0,51,Daylight,16,29-05-2025 09:41
Black Round Fresh,black_round_fresh_IMG_20250412_115826_TIMEBURST15_3594_rgb_shift_iter3.jpg,JPG,1245x1245,24,Xiaomi,2312DRAABI,72,f/0.0,52,Daylight,16,29-05-2025 09:41
Black Round Fresh,black_round_fresh_IMG_20250412_115826_TIMEBURST13_3963_gamma_iter2.jpg,JPG,1373x1373,24,Xiaomi,2312DRAABI,72,f/0.0,51,Daylight,16,29-05-2025 09:41
Black Round Fresh,black_round_fresh_IMG_20250412_115826_TIMEBURST16_3765_rotate_iter2.jpg,JPG,1524x1524,24,Xiaomi,2312DRAABI,72,f/0.0,52,Daylight,16,29-05-2025 09:41
Black Round Fresh,black_round_fresh_IMG_20250412_115826_TIMEBURST13_3963_rgb_shift_iter2.jpg,JPG,1373x1373,24,Xiaomi,2312DRAABI,72,f/0.0,50,Daylight,16,29-05-2025 09:41
Black Round Fresh,black_round_fresh_IMG_20250412_115826_TIMEBURST15_3594_horizontal_flip_iter4.jpg,JPG,1245x1245,24,Xiaomi,2312DRAABI,72,f/0.0,53,Daylight,16,29-05-2025 09:41
Black Round Fresh,black_round_fresh_IMG_20250412_115826_TIMEBURST15_3594_rotate_iter4.jpg,JPG,1245x1245,24,Xiaomi,2312DRAABI,72,f/0.0,52,Daylight,16,29-05-2025 09:41
Black Round Fresh,black_round_fresh_IMG_20250412_115826_TIMEBURST16_3765_horizontal_flip_iter2.jpg,JPG,1524x1524,24,Xiaomi,2312DRAABI,72,f/0.0,52,Daylight,16,29-05-2025 09:41
Black Round Fresh,black_round_fresh_IMG_20250412_115826_TIMEBURST13_3963_rotate_iter3.jpg,JPG,1373x1373,24,Xiaomi,2312DRAABI,72,f/0.0,54,Daylight,16,29-05-2025 09:41
Black Round Fresh,black_round_fresh_IMG_20250412_115826_TIMEBURST15_3594_brightness_contrast_iter4.jpg,JPG,1245x1245,24,Xiaomi,2312DRAABI,72,f/0.0,50,Daylight,16,29-05-2025 09:41
Black Round Fresh,black_round_fresh_IMG_20250412_115826_TIMEBURST16_3765_brightness_contrast_iter2.jpg,JPG,1524x1524,24,Xiaomi,2312DRAABI,72,f/0.0,54,Daylight,16,29-05-2025 09:41
Black Round Fresh,black_round_fresh_IMG_20250412_115826_TIMEBURST13_3963_horizontal_flip_iter3.jpg,JPG,1373x1373,24,Xiaomi,2312DRAABI,72,f/0.0,54,Daylight,16,29-05-2025 09:41
Black Round Fresh,black_round_fresh_IMG_20250412_115826_TIMEBURST15_3594_gamma_iter4.jpg,JPG,1245x1245,24,Xiaomi,2312DRAABI,72,f/0.0,54,Daylight,16,29-05-2025 09:41
Black Round Fresh,black_round_fresh_IMG_20250412_115826_TIMEBURST16_3765_gamma_iter2.jpg,JPG,1524x1524,24,Xiaomi,2312DRAABI,72,f/0.0,52,Daylight,16,29-05-2025 09:41
Black Round Fresh,black_round_fresh_IMG_20250412_115826_TIMEBURST13_3963_brightness_contrast_iter3.jpg,JPG,1373x1373,24,Xiaomi,2312DRAABI,72,f/0.0,53,Daylight,16,29-05-2025 09:41
Black Round Fresh,black_round_fresh_IMG_20250412_115826_TIMEBURST17_4048_rotate_iter1.jpg,JPG,1385x1385,24,Xiaomi,2312DRAABI,72,f/0.0,53,Daylight,16,29-05-2025 09:41
Black Round Fresh,black_round_fresh_IMG_20250412_115826_TIMEBURST15_3594_rgb_shift_iter4.jpg,JPG,1245x1245,24,Xiaomi,2312DRAABI,72,f/0.0,51,Daylight,16,29-05-2025 09:41
Black Round Fresh,black_round_fresh_IMG_20250412_115826_TIMEBURST13_3963_gamma_iter3.jpg,JPG,1373x1373,24,Xiaomi,2312DRAABI,72,f/0.0,52,Daylight,16,29-05-2025 09:41
Black Round Fresh,black_round_fresh_IMG_20250412_115826_TIMEBURST16_3765_rgb_shift_iter2.jpg,JPG,1524x1524,24,Xiaomi,2312DRAABI,72,f/0.0,50,Daylight,16,29-05-2025 09:41
Black Round Fresh,black_round_fresh_IMG_20250412_115826_TIMEBURST17_4048_horizontal_flip_iter1.jpg,JPG,1385x1385,24,Xiaomi,2312DRAABI,72,f/0.0,50,Daylight,16,29-05-2025 09:41
Black Round Fresh,black_round_fresh_IMG_20250412_115826_TIMEBURST15_3594_rotate_iter5.jpg,JPG,1245x1245,24,Xiaomi,2312DRAABI,72,f/0.0,53,Daylight,16,29-05-2025 09:41
Black Round Fresh,black_round_fresh_IMG_20250412_115826_TIMEBURST16_3765_rotate_iter3.jpg,JPG,1524x1524,24,Xiaomi,2312DRAABI,72,f/0.0,52,Daylight,16,29-05-2025 09:41
Black Round Fresh,black_round_fresh_IMG_20250412_115826_TIMEBURST13_3963_rgb_shift_iter3.jpg,JPG,1373x1373,24,Xiaomi,2312DRAABI,72,f/0.0,54,Daylight,16,29-05-2025 09:41
Black Round Fresh,black_round_fresh_IMG_20250412_115826_TIMEBURST15_3594_horizontal_flip_iter5.jpg,JPG,1245x1245,24,Xiaomi,2312DRAABI,72,f/0.0,51,Daylight,16,29-05-2025 09:41
Black Round Fresh,black_round_fresh_IMG_20250412_115826_TIMEBURST17_4048_brightness_contrast_iter1.jpg,JPG,1385x1385,24,Xiaomi,2312DRAABI,72,f/0.0,53,Daylight,16,29-05-2025 09:41
Black Round Fresh,black_round_fresh_IMG_20250412_115826_TIMEBURST16_3765_horizontal_flip_iter3.jpg,JPG,1524x1524,24,Xiaomi,2312DRAABI,72,f/0.0,52,Daylight,16,29-05-2025 09:41
Black Round Fresh,black_round_fresh_IMG_20250412_115826_TIMEBURST13_3963_rotate_iter4.jpg,JPG,1373x1373,24,Xiaomi,2312DRAABI,72,f/0.0,54,Daylight,16,29-05-2025 09:41
Black Round Fresh,black_round_fresh_IMG_20250412_115826_TIMEBURST15_3594_brightness_contrast_iter5.jpg,JPG,1245x1245,24,Xiaomi,2312DRAABI,72,f/0.0,51,Daylight,16,29-05-2025 09:41
Black Round Fresh,black_round_fresh_IMG_20250412_115826_TIMEBURST17_4048_gamma_iter1.jpg,JPG,1385x1385,24,Xiaomi,2312DRAABI,72,f/0.0,51,Daylight,16,29-05-2025 09:41
Black Round Fresh,black_round_fresh_IMG_20250412_115826_TIMEBURST16_3765_brightness_contrast_iter3.jpg,JPG,1524x1524,24,Xiaomi,2312DRAABI,72,f/0.0,52,Daylight,16,29-05-2025 09:41
Black Round Fresh,black_round_fresh_IMG_20250412_115826_TIMEBURST13_3963_horizontal_flip_iter4.jpg,JPG,1373x1373,24,Xiaomi,2312DRAABI,72,f/0.0,52,Daylight,16,29-05-2025 09:41
Black Round Fresh,black_round_fresh_IMG_20250412_115826_TIMEBURST15_3594_gamma_iter5.jpg,JPG,1245x1245,24,Xiaomi,2312DRAABI,72,f/0.0,52,Daylight,16,29-05-2025 09:41
Black Round Fresh,black_round_fresh_IMG_20250412_115826_TIMEBURST16_3765_gamma_iter3.jpg,JPG,1524x1524,24,Xiaomi,2312DRAABI,72,f/0.0,52,Daylight,16,29-05-2025 09:41
Black Round Fresh,black_round_fresh_IMG_20250412_115826_TIMEBURST13_3963_brightness_contrast_iter4.jpg,JPG,1373x1373,24,Xiaomi,2312DRAABI,72,f/0.0,50,Daylight,16,29-05-2025 09:41
Black Round Fresh,black_round_fresh_IMG_20250412_115826_TIMEBURST17_4048_rgb_shift_iter1.jpg,JPG,1385x1385,24,Xiaomi,2312DRAABI,72,f/0.0,52,Daylight,16,29-05-2025 09:41
Black Round Fresh,black_round_fresh_IMG_20250412_115826_TIMEBURST15_3594_rgb_shift_iter5.jpg,JPG,1245x1245,24,Xiaomi,2312DRAABI,72,f/0.0,53,Daylight,16,29-05-2025 09:41
Black Round Fresh,black_round_fresh_IMG_20250412_115826_TIMEBURST13_3963_gamma_iter4.jpg,JPG,1373x1373,24,Xiaomi,2312DRAABI,72,f/0.0,51,Daylight,16,29-05-2025 09:41
Black Round Fresh,black_round_fresh_IMG_20250412_115826_TIMEBURST17_4048_rotate_iter2.jpg,JPG,1385x1385,24,Xiaomi,2312DRAABI,72,f/0.0,51,Daylight,16,29-05-2025 09:41
Black Round Fresh,black_round_fresh_IMG_20250412_115826_TIMEBURST17_4048_horizontal_flip_iter2.jpg,JPG,1385x1385,24,Xiaomi,2312DRAABI,72,f/0.0,51,Daylight,16,29-05-2025 09:41
Black Round Fresh,black_round_fresh_IMG_20250412_115826_TIMEBURST16_3765_rgb_shift_iter3.jpg,JPG,1524x1524,24,Xiaomi,2312DRAABI,72,f/0.0,51,Daylight,16,29-05-2025 09:41
Black Round Fresh,black_round_fresh_IMG_20250412_115826_TIMEBURST13_3963_rgb_shift_iter4.jpg,JPG,1373x1373,24,Xiaomi,2312DRAABI,72,f/0.0,51,Daylight,16,29-05-2025 09:41
Black Round Fresh,black_round_fresh_IMG_20250412_115826_TIMEBURST16_3765_rotate_iter4.jpg,JPG,1524x1524,24,Xiaomi,2312DRAABI,72,f/0.0,50,Daylight,16,29-05-2025 09:41
Black Round Fresh,black_round_fresh_IMG_20250412_115826_TIMEBURST17_4048_brightness_contrast_iter2.jpg,JPG,1385x1385,24,Xiaomi,2312DRAABI,72,f/0.0,53,Daylight,16,29-05-2025 09:41
Black Round Fresh,black_round_fresh_IMG_20250412_115826_TIMEBURST13_3963_rotate_iter5.jpg,JPG,1373x1373,24,Xiaomi,2312DRAABI,72,f/0.0,52,Daylight,16,29-05-2025 09:41
Black Round Fresh,black_round_fresh_IMG_20250412_115826_TIMEBURST16_3765_horizontal_flip_iter4.jpg,JPG,1524x1524,24,Xiaomi,2312DRAABI,72,f/0.0,53,Daylight,16,29-05-2025 09:41
Black Round Fresh,black_round_fresh_IMG_20250412_115826_TIMEBURST17_4048_gamma_iter2.jpg,JPG,1385x1385,24,Xiaomi,2312DRAABI,72,f/0.0,52,Daylight,16,29-05-2025 09:41
Black Round Fresh,black_round_fresh_IMG_20250412_115826_TIMEBURST13_3963_horizontal_flip_iter5.jpg,JPG,1373x1373,24,Xiaomi,2312DRAABI,72,f/0.0,51,Daylight,16,29-05-2025 09:41
Black Round Fresh,black_round_fresh_IMG_20250412_115826_TIMEBURST16_3765_brightness_contrast_iter4.jpg,JPG,1524x1524,24,Xiaomi,2312DRAABI,72,f/0.0,53,Daylight,16,29-05-2025 09:41
Black Round Fresh,black_round_fresh_IMG_20250412_115826_TIMEBURST13_3963_brightness_contrast_iter5.jpg,JPG,1373x1373,24,Xiaomi,2312DRAABI,72,f/0.0,51,Daylight,16,29-05-2025 09:41
Black Round Fresh,black_round_fresh_IMG_20250412_115826_TIMEBURST17_4048_rgb_shift_iter2.jpg,JPG,1385x1385,24,Xiaomi,2312DRAABI,72,f/0.0,51,Daylight,16,29-05-2025 09:41
Black Round Fresh,black_round_fresh_IMG_20250412_115826_TIMEBURST16_3765_gamma_iter4.jpg,JPG,1524x1524,24,Xiaomi,2312DRAABI,72,f/0.0,52,Daylight,16,29-05-2025 09:41
Black Round Fresh,black_round_fresh_IMG_20250412_115826_TIMEBURST13_3963_gamma_iter5.jpg,JPG,1373x1373,24,Xiaomi,2312DRAABI,72,f/0.0,51,Daylight,16,29-05-2025 09:41
Black Round Fresh,black_round_fresh_IMG_20250412_115826_TIMEBURST17_4048_rotate_iter3.jpg,JPG,1385x1385,24,Xiaomi,2312DRAABI,72,f/0.0,51,Daylight,16,29-05-2025 09:41
Black Round Fresh,black_round_fresh_IMG_20250412_115826_TIMEBURST17_4048_horizontal_flip_iter3.jpg,JPG,1385x1385,24,Xiaomi,2312DRAABI,72,f/0.0,51,Daylight,16,29-05-2025 09:41
Black Round Fresh,black_round_fresh_IMG_20250412_115826_TIMEBURST13_3963_rgb_shift_iter5.jpg,JPG,1373x1373,24,Xiaomi,2312DRAABI,72,f/0.0,51,Daylight,16,29-05-2025 09:41
Black Round Fresh,black_round_fresh_IMG_20250412_115826_TIMEBURST16_3765_rgb_shift_iter4.jpg,JPG,1524x1524,24,Xiaomi,2312DRAABI,72,f/0.0,50,Daylight,16,29-05-2025 09:41
Black Round Fresh,black_round_fresh_IMG_20250412_115826_TIMEBURST17_4048_brightness_contrast_iter3.jpg,JPG,1385x1385,24,Xiaomi,2312DRAABI,72,f/0.0,52,Daylight,16,29-05-2025 09:41
Black Round Fresh,black_round_fresh_IMG_20250412_115826_TIMEBURST16_3765_rotate_iter5.jpg,JPG,1524x1524,24,Xiaomi,2312DRAABI,72,f/0.0,54,Daylight,16,29-05-2025 09:41
Black Round Fresh,black_round_fresh_IMG_20250412_115826_TIMEBURST17_4048_gamma_iter3.jpg,JPG,1385x1385,24,Xiaomi,2312DRAABI,72,f/0.0,52,Daylight,16,29-05-2025 09:41
Black Round Fresh,black_round_fresh_IMG_20250412_115826_TIMEBURST16_3765_horizontal_flip_iter5.jpg,JPG,1524x1524,24,Xiaomi,2312DRAABI,72,f/0.0,52,Daylight,16,29-05-2025 09:41
Black Round Fresh,black_round_fresh_IMG_20250412_115826_TIMEBURST16_3765_brightness_contrast_iter5.jpg,JPG,1524x1524,24,Xiaomi,2312DRAABI,72,f/0.0,52,Daylight,16,29-05-2025 09:41
Black Round Fresh,black_round_fresh_IMG_20250412_115826_TIMEBURST17_4048_rgb_shift_iter3.jpg,JPG,1385x1385,24,Xiaomi,2312DRAABI,72,f/0.0,50,Daylight,16,29-05-2025 09:41
Black Round Fresh,black_round_fresh_IMG_20250412_115826_TIMEBURST16_3765_gamma_iter5.jpg,JPG,1524x1524,24,Xiaomi,2312DRAABI,72,f/0.0,51,Daylight,16,29-05-2025 09:41
Black Round Fresh,black_round_fresh_IMG_20250412_115826_TIMEBURST17_4048_rotate_iter4.jpg,JPG,1385x1385,24,Xiaomi,2312DRAABI,72,f/0.0,53,Daylight,16,29-05-2025 09:41
Black Round Fresh,black_round_fresh_IMG_20250412_115826_TIMEBURST17_4048_horizontal_flip_iter4.jpg,JPG,1385x1385,24,Xiaomi,2312DRAABI,72,f/0.0,53,Daylight,16,29-05-2025 09:41
Black Round Fresh,black_round_fresh_IMG_20250412_115826_TIMEBURST16_3765_rgb_shift_iter5.jpg,JPG,1524x1524,24,Xiaomi,2312DRAABI,72,f/0.0,52,Daylight,16,29-05-2025 09:41
Black Round Fresh,black_round_fresh_IMG_20250412_115826_TIMEBURST17_4048_brightness_contrast_iter4.jpg,JPG,1385x1385,24,Xiaomi,2312DRAABI,72,f/0.0,52,Daylight,16,29-05-2025 09:41
Black Round Fresh,black_round_fresh_IMG_20250412_115826_TIMEBURST17_4048_gamma_iter4.jpg,JPG,1385x1385,24,Xiaomi,2312DRAABI,72,f/0.0,51,Daylight,16,29-05-2025 09:41
Black Round Fresh,black_round_fresh_IMG_20250412_115826_TIMEBURST17_4048_rgb_shift_iter4.jpg,JPG,1385x1385,24,Xiaomi,2312DRAABI,72,f/0.0,54,Daylight,16,29-05-2025 09:41
Black Round Fresh,black_round_fresh_IMG_20250412_115826_TIMEBURST18_4227_rotate_iter1.jpg,JPG,1114x1114,24,Xiaomi,2312DRAABI,72,f/0.0,53,Daylight,16,29-05-2025 09:41
Black Round Fresh,black_round_fresh_IMG_20250412_115826_TIMEBURST18_4227_horizontal_flip_iter1.jpg,JPG,1114x1114,24,Xiaomi,2312DRAABI,72,f/0.0,50,Daylight,16,29-05-2025 09:41
Black Round Fresh,black_round_fresh_IMG_20250412_115826_TIMEBURST17_4048_rotate_iter5.jpg,JPG,1385x1385,24,Xiaomi,2312DRAABI,72,f/0.0,52,Daylight,16,29-05-2025 09:41
Black Round Fresh,black_round_fresh_IMG_20250412_115826_TIMEBURST18_4227_brightness_contrast_iter1.jpg,JPG,1114x1114,24,Xiaomi,2312DRAABI,72,f/0.0,51,Daylight,16,29-05-2025 09:41
Black Round Fresh,black_round_fresh_IMG_20250412_115826_TIMEBURST17_4048_horizontal_flip_iter5.jpg,JPG,1385x1385,24,Xiaomi,2312DRAABI,72,f/0.0,50,Daylight,16,29-05-2025 09:41
Black Round Fresh,black_round_fresh_IMG_20250412_115826_TIMEBURST18_4227_gamma_iter1.jpg,JPG,1114x1114,24,Xiaomi,2312DRAABI,72,f/0.0,51,Daylight,16,29-05-2025 09:41
Black Round Fresh,black_round_fresh_IMG_20250412_115826_TIMEBURST17_4048_brightness_contrast_iter5.jpg,JPG,1385x1385,24,Xiaomi,2312DRAABI,72,f/0.0,53,Daylight,16,29-05-2025 09:41
Black Round Fresh,black_round_fresh_IMG_20250412_115826_TIMEBURST18_4227_rgb_shift_iter1.jpg,JPG,1114x1114,24,Xiaomi,2312DRAABI,72,f/0.0,53,Daylight,16,29-05-2025 09:41
Black Round Fresh,black_round_fresh_IMG_20250412_115826_TIMEBURST17_4048_gamma_iter5.jpg,JPG,1385x1385,24,Xiaomi,2312DRAABI,72,f/0.0,53,Daylight,16,29-05-2025 09:41
Black Round Fresh,black_round_fresh_IMG_20250412_115826_TIMEBURST18_4227_rotate_iter2.jpg,JPG,1114x1114,24,Xiaomi,2312DRAABI,72,f/0.0,53,Daylight,16,29-05-2025 09:42
Black Round Fresh,black_round_fresh_IMG_20250412_115826_TIMEBURST17_4048_rgb_shift_iter5.jpg,JPG,1385x1385,24,Xiaomi,2312DRAABI,72,f/0.0,53,Daylight,16,29-05-2025 09:42
Black Round Fresh,black_round_fresh_IMG_20250412_115826_TIMEBURST18_4227_horizontal_flip_iter2.jpg,JPG,1114x1114,24,Xiaomi,2312DRAABI,72,f/0.0,51,Daylight,16,29-05-2025 09:42
Black Round Fresh,black_round_fresh_IMG_20250412_115826_TIMEBURST18_4227_brightness_contrast_iter2.jpg,JPG,1114x1114,24,Xiaomi,2312DRAABI,72,f/0.0,53,Daylight,16,29-05-2025 09:42
Black Round Fresh,black_round_fresh_IMG_20250412_115826_TIMEBURST18_4227_gamma_iter2.jpg,JPG,1114x1114,24,Xiaomi,2312DRAABI,72,f/0.0,51,Daylight,16,29-05-2025 09:42
Black Round Fresh,black_round_fresh_IMG_20250412_115826_TIMEBURST18_4227_rgb_shift_iter2.jpg,JPG,1114x1114,24,Xiaomi,2312DRAABI,72,f/0.0,51,Daylight,16,29-05-2025 09:42
Black Round Fresh,black_round_fresh_IMG_20250412_115826_TIMEBURST18_4227_rotate_iter3.jpg,JPG,1114x1114,24,Xiaomi,2312DRAABI,72,f/0.0,53,Daylight,16,29-05-2025 09:42
Black Round Fresh,black_round_fresh_IMG_20250412_115826_TIMEBURST18_4227_horizontal_flip_iter3.jpg,JPG,1114x1114,24,Xiaomi,2312DRAABI,72,f/0.0,52,Daylight,16,29-05-2025 09:42
Black Round Fresh,black_round_fresh_IMG_20250412_115826_TIMEBURST20_3887_rotate_iter1.jpg,JPG,1604x1604,24,Xiaomi,2312DRAABI,72,f/0.0,53,Daylight,16,29-05-2025 09:42
Black Round Fresh,black_round_fresh_IMG_20250412_115826_TIMEBURST18_4227_brightness_contrast_iter3.jpg,JPG,1114x1114,24,Xiaomi,2312DRAABI,72,f/0.0,53,Daylight,16,29-05-2025 09:42
Black Round Fresh,black_round_fresh_IMG_20250412_115826_TIMEBURST18_4227_gamma_iter3.jpg,JPG,1114x1114,24,Xiaomi,2312DRAABI,72,f/0.0,53,Daylight,16,29-05-2025 09:42
Black Round Fresh,black_round_fresh_IMG_20250412_115826_TIMEBURST20_3887_horizontal_flip_iter1.jpg,JPG,1604x1604,24,Xiaomi,2312DRAABI,72,f/0.0,51,Daylight,16,29-05-2025 09:42
Black Round Fresh,black_round_fresh_IMG_20250412_115826_TIMEBURST18_4227_rgb_shift_iter3.jpg,JPG,1114x1114,24,Xiaomi,2312DRAABI,72,f/0.0,51,Daylight,16,29-05-2025 09:42
Black Round Fresh,black_round_fresh_IMG_20250412_115826_TIMEBURST20_3887_brightness_contrast_iter1.jpg,JPG,1604x1604,24,Xiaomi,2312DRAABI,72,f/0.0,50,Daylight,16,29-05-2025 09:42
Black Round Fresh,black_round_fresh_IMG_20250412_115826_TIMEBURST18_4227_rotate_iter4.jpg,JPG,1114x1114,24,Xiaomi,2312DRAABI,72,f/0.0,52,Daylight,16,29-05-2025 09:42
Black Round Fresh,black_round_fresh_IMG_20250412_115826_TIMEBURST20_3887_gamma_iter1.jpg,JPG,1604x1604,24,Xiaomi,2312DRAABI,72,f/0.0,52,Daylight,16,29-05-2025 09:42
Black Round Fresh,black_round_fresh_IMG_20250412_115826_TIMEBURST18_4227_horizontal_flip_iter4.jpg,JPG,1114x1114,24,Xiaomi,2312DRAABI,72,f/0.0,52,Daylight,16,29-05-2025 09:42
Black Round Fresh,black_round_fresh_IMG_20250412_115826_TIMEBURST18_4227_brightness_contrast_iter4.jpg,JPG,1114x1114,24,Xiaomi,2312DRAABI,72,f/0.0,52,Daylight,16,29-05-2025 09:42
Black Round Fresh,black_round_fresh_IMG_20250412_115826_TIMEBURST19_3810_rotate_iter1.jpg,JPG,1312x1312,24,Xiaomi,2312DRAABI,72,f/0.0,51,Daylight,16,29-05-2025 09:42
Black Round Fresh,black_round_fresh_IMG_20250412_115826_TIMEBURST20_3887_rgb_shift_iter1.jpg,JPG,1604x1604,24,Xiaomi,2312DRAABI,72,f/0.0,53,Daylight,16,29-05-2025 09:42
Black Round Fresh,black_round_fresh_IMG_20250412_115826_TIMEBURST18_4227_gamma_iter4.jpg,JPG,1114x1114,24,Xiaomi,2312DRAABI,72,f/0.0,53,Daylight,16,29-05-2025 09:42
Black Round Fresh,black_round_fresh_IMG_20250412_115826_TIMEBURST20_3887_rotate_iter2.jpg,JPG,1604x1604,24,Xiaomi,2312DRAABI,72,f/0.0,51,Daylight,16,29-05-2025 09:42
Black Round Fresh,black_round_fresh_IMG_20250412_115826_TIMEBURST19_3810_horizontal_flip_iter1.jpg,JPG,1312x1312,24,Xiaomi,2312DRAABI,72,f/0.0,53,Daylight,16,29-05-2025 09:42
Black Round Fresh,black_round_fresh_IMG_20250412_115826_TIMEBURST19_3810_brightness_contrast_iter1.jpg,JPG,1312x1312,24,Xiaomi,2312DRAABI,72,f/0.0,54,Daylight,16,29-05-2025 09:42
Black Round Fresh,black_round_fresh_IMG_20250412_115826_TIMEBURST18_4227_rgb_shift_iter4.jpg,JPG,1114x1114,24,Xiaomi,2312DRAABI,72,f/0.0,53,Daylight,16,29-05-2025 09:42
Black Round Fresh,black_round_fresh_IMG_20250412_115826_TIMEBURST19_3810_gamma_iter1.jpg,JPG,1312x1312,24,Xiaomi,2312DRAABI,72,f/0.0,51,Daylight,16,29-05-2025 09:42
Black Round Fresh,black_round_fresh_IMG_20250412_115826_TIMEBURST20_3887_horizontal_flip_iter2.jpg,JPG,1604x1604,24,Xiaomi,2312DRAABI,72,f/0.0,53,Daylight,16,29-05-2025 09:42
Black Round Fresh,black_round_fresh_IMG_20250412_115917_TIMEBURST1_4002_rotate_iter1.jpg,JPG,1694x1694,24,Xiaomi,2312DRAABI,72,f/0.0,52,Daylight,16,29-05-2025 09:42
Black Round Fresh,black_round_fresh_IMG_20250412_115826_TIMEBURST18_4227_rotate_iter5.jpg,JPG,1114x1114,24,Xiaomi,2312DRAABI,72,f/0.0,50,Daylight,16,29-05-2025 09:42
Black Round Fresh,black_round_fresh_IMG_20250412_115826_TIMEBURST20_3887_brightness_contrast_iter2.jpg,JPG,1604x1604,24,Xiaomi,2312DRAABI,72,f/0.0,52,Daylight,16,29-05-2025 09:42
Black Round Fresh,black_round_fresh_IMG_20250412_115826_TIMEBURST19_3810_rgb_shift_iter1.jpg,JPG,1312x1312,24,Xiaomi,2312DRAABI,72,f/0.0,52,Daylight,16,29-05-2025 09:42
Black Round Fresh,black_round_fresh_IMG_20250412_115917_TIMEBURST1_4002_horizontal_flip_iter1.jpg,JPG,1694x1694,24,Xiaomi,2312DRAABI,72,f/0.0,51,Daylight,16,29-05-2025 09:42
Black Round Fresh,black_round_fresh_IMG_20250412_115826_TIMEBURST18_4227_horizontal_flip_iter5.jpg,JPG,1114x1114,24,Xiaomi,2312DRAABI,72,f/0.0,51,Daylight,16,29-05-2025 09:42
Black Round Fresh,black_round_fresh_IMG_20250412_115826_TIMEBURST20_3887_gamma_iter2.jpg,JPG,1604x1604,24,Xiaomi,2312DRAABI,72,f/0.0,51,Daylight,16,29-05-2025 09:42
Black Round Fresh,black_round_fresh_IMG_20250412_115826_TIMEBURST19_3810_rotate_iter2.jpg,JPG,1312x1312,24,Xiaomi,2312DRAABI,72,f/0.0,53,Daylight,16,29-05-2025 09:42
Black Round Fresh,black_round_fresh_IMG_20250412_115917_TIMEBURST1_4002_brightness_contrast_iter1.jpg,JPG,1694x1694,24,Xiaomi,2312DRAABI,72,f/0.0,51,Daylight,16,29-05-2025 09:42
Black Round Fresh,black_round_fresh_IMG_20250412_115826_TIMEBURST18_4227_brightness_contrast_iter5.jpg,JPG,1114x1114,24,Xiaomi,2312DRAABI,72,f/0.0,50,Daylight,16,29-05-2025 09:42
Black Round Fresh,black_round_fresh_IMG_20250412_115826_TIMEBURST19_3810_horizontal_flip_iter2.jpg,JPG,1312x1312,24,Xiaomi,2312DRAABI,72,f/0.0,51,Daylight,16,29-05-2025 09:42
Black Round Fresh,black_round_fresh_IMG_20250412_115826_TIMEBURST18_4227_gamma_iter5.jpg,JPG,1114x1114,24,Xiaomi,2312DRAABI,72,f/0.0,51,Daylight,16,29-05-2025 09:42
Black Round Fresh,black_round_fresh_IMG_20250412_115917_TIMEBURST1_4002_gamma_iter1.jpg,JPG,1694x1694,24,Xiaomi,2312DRAABI,72,f/0.0,52,Daylight,16,29-05-2025 09:42
Black Round Fresh,black_round_fresh_IMG_20250412_115826_TIMEBURST19_3810_brightness_contrast_iter2.jpg,JPG,1312x1312,24,Xiaomi,2312DRAABI,72,f/0.0,51,Daylight,16,29-05-2025 09:42
Black Round Fresh,black_round_fresh_IMG_20250412_115826_TIMEBURST20_3887_rgb_shift_iter2.jpg,JPG,1604x1604,24,Xiaomi,2312DRAABI,72,f/0.0,52,Daylight,16,29-05-2025 09:42
Black Round Fresh,black_round_fresh_IMG_20250412_115826_TIMEBURST18_4227_rgb_shift_iter5.jpg,JPG,1114x1114,24,Xiaomi,2312DRAABI,72,f/0.0,50,Daylight,16,29-05-2025 09:42
Black Round Fresh,black_round_fresh_IMG_20250412_115826_TIMEBURST19_3810_gamma_iter2.jpg,JPG,1312x1312,24,Xiaomi,2312DRAABI,72,f/0.0,53,Daylight,16,29-05-2025 09:42
Black Round Fresh,black_round_fresh_IMG_20250412_115826_TIMEBURST19_3810_rgb_shift_iter2.jpg,JPG,1312x1312,24,Xiaomi,2312DRAABI,72,f/0.0,52,Daylight,16,29-05-2025 09:42
Black Round Fresh,black_round_fresh_IMG_20250412_115826_TIMEBURST20_3887_rotate_iter3.jpg,JPG,1604x1604,24,Xiaomi,2312DRAABI,72,f/0.0,52,Daylight,16,29-05-2025 09:42
Black Round Fresh,black_round_fresh_IMG_20250412_115917_TIMEBURST1_4002_rgb_shift_iter1.jpg,JPG,1694x1694,24,Xiaomi,2312DRAABI,72,f/0.0,54,Daylight,16,29-05-2025 09:42
Black Round Fresh,black_round_fresh_IMG_20250412_115826_TIMEBURST19_3810_rotate_iter3.jpg,JPG,1312x1312,24,Xiaomi,2312DRAABI,72,f/0.0,50,Daylight,16,29-05-2025 09:42
Black Round Fresh,black_round_fresh_IMG_20250412_115826_TIMEBURST20_3887_horizontal_flip_iter3.jpg,JPG,1604x1604,24,Xiaomi,2312DRAABI,72,f/0.0,54,Daylight,16,29-05-2025 09:42
Black Round Fresh,black_round_fresh_IMG_20250412_115826_TIMEBURST19_3810_horizontal_flip_iter3.jpg,JPG,1312x1312,24,Xiaomi,2312DRAABI,72,f/0.0,54,Daylight,16,29-05-2025 09:42
Black Round Fresh,black_round_fresh_IMG_20250412_115826_TIMEBURST20_3887_brightness_contrast_iter3.jpg,JPG,1604x1604,24,Xiaomi,2312DRAABI,72,f/0.0,54,Daylight,16,29-05-2025 09:42
Black Round Fresh,black_round_fresh_IMG_20250412_115826_TIMEBURST19_3810_brightness_contrast_iter3.jpg,JPG,1312x1312,24,Xiaomi,2312DRAABI,72,f/0.0,52,Daylight,16,29-05-2025 09:42
Black Round Fresh,black_round_fresh_IMG_20250412_115826_TIMEBURST19_3810_gamma_iter3.jpg,JPG,1312x1312,24,Xiaomi,2312DRAABI,72,f/0.0,53,Daylight,16,29-05-2025 09:42
Black Round Fresh,black_round_fresh_IMG_20250412_115826_TIMEBURST20_3887_gamma_iter3.jpg,JPG,1604x1604,24,Xiaomi,2312DRAABI,72,f/0.0,53,Daylight,16,29-05-2025 09:42
Black Round Fresh,black_round_fresh_IMG_20250412_115917_TIMEBURST1_4002_rotate_iter2.jpg,JPG,1694x1694,24,Xiaomi,2312DRAABI,72,f/0.0,51,Daylight,16,29-05-2025 09:42
Black Round Fresh,black_round_fresh_IMG_20250412_115826_TIMEBURST19_3810_rgb_shift_iter3.jpg,JPG,1312x1312,24,Xiaomi,2312DRAABI,72,f/0.0,52,Daylight,16,29-05-2025 09:42
Black Round Fresh,black_round_fresh_IMG_20250412_115917_TIMEBURST1_4002_horizontal_flip_iter2.jpg,JPG,1694x1694,24,Xiaomi,2312DRAABI,72,f/0.0,50,Daylight,16,29-05-2025 09:42
Black Round Fresh,black_round_fresh_IMG_20250412_115826_TIMEBURST20_3887_rgb_shift_iter3.jpg,JPG,1604x1604,24,Xiaomi,2312DRAABI,72,f/0.0,50,Daylight,16,29-05-2025 09:42
Black Round Fresh,black_round_fresh_IMG_20250412_115826_TIMEBURST19_3810_rotate_iter4.jpg,JPG,1312x1312,24,Xiaomi,2312DRAABI,72,f/0.0,53,Daylight,16,29-05-2025 09:42
Black Round Fresh,black_round_fresh_IMG_20250412_115917_TIMEBURST1_4002_brightness_contrast_iter2.jpg,JPG,1694x1694,24,Xiaomi,2312DRAABI,72,f/0.0,52,Daylight,16,29-05-2025 09:42
Black Round Fresh,black_round_fresh_IMG_20250412_115826_TIMEBURST20_3887_rotate_iter4.jpg,JPG,1604x1604,24,Xiaomi,2312DRAABI,72,f/0.0,54,Daylight,16,29-05-2025 09:42
Black Round Fresh,black_round_fresh_IMG_20250412_115826_TIMEBURST19_3810_horizontal_flip_iter4.jpg,JPG,1312x1312,24,Xiaomi,2312DRAABI,72,f/0.0,51,Daylight,16,29-05-2025 09:42
Black Round Fresh,black_round_fresh_IMG_20250412_115826_TIMEBURST19_3810_brightness_contrast_iter4.jpg,JPG,1312x1312,24,Xiaomi,2312DRAABI,72,f/0.0,53,Daylight,16,29-05-2025 09:42
Black Round Fresh,black_round_fresh_IMG_20250412_115917_TIMEBURST1_4002_gamma_iter2.jpg,JPG,1694x1694,24,Xiaomi,2312DRAABI,72,f/0.0,52,Daylight,16,29-05-2025 09:42
Black Round Fresh,black_round_fresh_IMG_20250412_115826_TIMEBURST19_3810_gamma_iter4.jpg,JPG,1312x1312,24,Xiaomi,2312DRAABI,72,f/0.0,54,Daylight,16,29-05-2025 09:42
Black Round Fresh,black_round_fresh_IMG_20250412_115826_TIMEBURST20_3887_horizontal_flip_iter4.jpg,JPG,1604x1604,24,Xiaomi,2312DRAABI,72,f/0.0,51,Daylight,16,29-05-2025 09:42
Black Round Fresh,black_round_fresh_IMG_20250412_115826_TIMEBURST20_3887_brightness_contrast_iter4.jpg,JPG,1604x1604,24,Xiaomi,2312DRAABI,72,f/0.0,51,Daylight,16,29-05-2025 09:42
Black Round Fresh,black_round_fresh_IMG_20250412_115917_TIMEBURST1_4002_rgb_shift_iter2.jpg,JPG,1694x1694,24,Xiaomi,2312DRAABI,72,f/0.0,52,Daylight,16,29-05-2025 09:42
Black Round Fresh,black_round_fresh_IMG_20250412_115826_TIMEBURST19_3810_rgb_shift_iter4.jpg,JPG,1312x1312,24,Xiaomi,2312DRAABI,72,f/0.0,52,Daylight,16,29-05-2025 09:42
Black Round Fresh,black_round_fresh_IMG_20250412_115826_TIMEBURST20_3887_gamma_iter4.jpg,JPG,1604x1604,24,Xiaomi,2312DRAABI,72,f/0.0,52,Daylight,16,29-05-2025 09:42
Black Round Fresh,black_round_fresh_IMG_20250412_115917_TIMEBURST1_4002_rotate_iter3.jpg,JPG,1694x1694,24,Xiaomi,2312DRAABI,72,f/0.0,52,Daylight,16,29-05-2025 09:42
Black Round Fresh,black_round_fresh_IMG_20250412_115826_TIMEBURST19_3810_rotate_iter5.jpg,JPG,1312x1312,24,Xiaomi,2312DRAABI,72,f/0.0,50,Daylight,16,29-05-2025 09:42
Black Round Fresh,black_round_fresh_IMG_20250412_115826_TIMEBURST20_3887_rgb_shift_iter4.jpg,JPG,1604x1604,24,Xiaomi,2312DRAABI,72,f/0.0,52,Daylight,16,29-05-2025 09:42
Black Round Fresh,black_round_fresh_IMG_20250412_115826_TIMEBURST20_3887_rotate_iter5.jpg,JPG,1604x1604,24,Xiaomi,2312DRAABI,72,f/0.0,53,Daylight,16,29-05-2025 09:42
Black Round Fresh,black_round_fresh_IMG_20250412_115826_TIMEBURST19_3810_horizontal_flip_iter5.jpg,JPG,1312x1312,24,Xiaomi,2312DRAABI,72,f/0.0,51,Daylight,16,29-05-2025 09:42
Black Round Fresh,black_round_fresh_IMG_20250412_115826_TIMEBURST19_3810_brightness_contrast_iter5.jpg,JPG,1312x1312,24,Xiaomi,2312DRAABI,72,f/0.0,51,Daylight,16,29-05-2025 09:42
Black Round Fresh,black_round_fresh_IMG_20250412_115917_TIMEBURST1_4002_horizontal_flip_iter3.jpg,JPG,1694x1694,24,Xiaomi,2312DRAABI,72,f/0.0,51,Daylight,16,29-05-2025 09:42
Black Round Fresh,black_round_fresh_IMG_20250412_115917_TIMEBURST1_4002_brightness_contrast_iter3.jpg,JPG,1694x1694,24,Xiaomi,2312DRAABI,72,f/0.0,51,Daylight,16,29-05-2025 09:42
Black Round Fresh,black_round_fresh_IMG_20250412_115826_TIMEBURST19_3810_gamma_iter5.jpg,JPG,1312x1312,24,Xiaomi,2312DRAABI,72,f/0.0,51,Daylight,16,29-05-2025 09:42
Black Round Fresh,black_round_fresh_IMG_20250412_115826_TIMEBURST20_3887_horizontal_flip_iter5.jpg,JPG,1604x1604,24,Xiaomi,2312DRAABI,72,f/0.0,50,Daylight,16,29-05-2025 09:42
Black Round Fresh,black_round_fresh_IMG_20250412_115917_TIMEBURST2_3640_rotate_iter1.jpg,JPG,2319x2319,24,Xiaomi,2312DRAABI,72,f/0.0,53,Daylight,16,29-05-2025 09:42
Black Round Fresh,black_round_fresh_IMG_20250412_115917_TIMEBURST1_4002_gamma_iter3.jpg,JPG,1694x1694,24,Xiaomi,2312DRAABI,72,f/0.0,52,Daylight,16,29-05-2025 09:42
Black Round Fresh,black_round_fresh_IMG_20250412_115826_TIMEBURST19_3810_rgb_shift_iter5.jpg,JPG,1312x1312,24,Xiaomi,2312DRAABI,72,f/0.0,53,Daylight,16,29-05-2025 09:42
Black Round Fresh,black_round_fresh_IMG_20250412_115826_TIMEBURST20_3887_brightness_contrast_iter5.jpg,JPG,1604x1604,24,Xiaomi,2312DRAABI,72,f/0.0,52,Daylight,16,29-05-2025 09:42
Black Round Fresh,black_round_fresh_IMG_20250412_115826_TIMEBURST20_3887_gamma_iter5.jpg,JPG,1604x1604,24,Xiaomi,2312DRAABI,72,f/0.0,51,Daylight,16,29-05-2025 09:42
Black Round Fresh,black_round_fresh_IMG_20250412_115917_TIMEBURST1_4002_rgb_shift_iter3.jpg,JPG,1694x1694,24,Xiaomi,2312DRAABI,72,f/0.0,53,Daylight,16,29-05-2025 09:42
Black Round Fresh,black_round_fresh_IMG_20250412_115917_TIMEBURST2_3640_horizontal_flip_iter1.jpg,JPG,2319x2319,24,Xiaomi,2312DRAABI,72,f/0.0,51,Daylight,16,29-05-2025 09:42
Black Round Fresh,black_round_fresh_IMG_20250412_115826_TIMEBURST20_3887_rgb_shift_iter5.jpg,JPG,1604x1604,24,Xiaomi,2312DRAABI,72,f/0.0,51,Daylight,16,29-05-2025 09:42
Black Round Fresh,black_round_fresh_IMG_20250412_115917_TIMEBURST1_4002_rotate_iter4.jpg,JPG,1694x1694,24,Xiaomi,2312DRAABI,72,f/0.0,52,Daylight,16,29-05-2025 09:42
Black Round Fresh,black_round_fresh_IMG_20250412_115917_TIMEBURST2_3640_brightness_contrast_iter1.jpg,JPG,2319x2319,24,Xiaomi,2312DRAABI,72,f/0.0,51,Daylight,16,29-05-2025 09:42
Black Round Fresh,black_round_fresh_IMG_20250412_115917_TIMEBURST1_4002_horizontal_flip_iter4.jpg,JPG,1694x1694,24,Xiaomi,2312DRAABI,72,f/0.0,51,Daylight,16,29-05-2025 09:42
Black Round Fresh,black_round_fresh_IMG_20250412_115917_TIMEBURST1_4002_brightness_contrast_iter4.jpg,JPG,1694x1694,24,Xiaomi,2312DRAABI,72,f/0.0,51,Daylight,16,29-05-2025 09:42
Black Round Fresh,black_round_fresh_IMG_20250412_115917_TIMEBURST2_3640_gamma_iter1.jpg,JPG,2319x2319,24,Xiaomi,2312DRAABI,72,f/0.0,51,Daylight,16,29-05-2025 09:42
Black Round Fresh,black_round_fresh_IMG_20250412_115917_TIMEBURST1_4002_gamma_iter4.jpg,JPG,1694x1694,24,Xiaomi,2312DRAABI,72,f/0.0,50,Daylight,16,29-05-2025 09:42
Black Round Fresh,black_round_fresh_IMG_20250412_115917_TIMEBURST1_4002_rgb_shift_iter4.jpg,JPG,1694x1694,24,Xiaomi,2312DRAABI,72,f/0.0,52,Daylight,16,29-05-2025 09:42
Black Round Fresh,black_round_fresh_IMG_20250412_115917_TIMEBURST2_3640_rgb_shift_iter1.jpg,JPG,2319x2319,24,Xiaomi,2312DRAABI,72,f/0.0,54,Daylight,16,29-05-2025 09:42
Black Round Fresh,black_round_fresh_IMG_20250412_115917_TIMEBURST1_4002_rotate_iter5.jpg,JPG,1694x1694,24,Xiaomi,2312DRAABI,72,f/0.0,52,Daylight,16,29-05-2025 09:42
Black Round Fresh,black_round_fresh_IMG_20250412_115917_TIMEBURST1_4002_horizontal_flip_iter5.jpg,JPG,1694x1694,24,Xiaomi,2312DRAABI,72,f/0.0,52,Daylight,16,29-05-2025 09:42
Black Round Fresh,black_round_fresh_IMG_20250412_115917_TIMEBURST1_4002_brightness_contrast_iter5.jpg,JPG,1694x1694,24,Xiaomi,2312DRAABI,72,f/0.0,52,Daylight,16,29-05-2025 09:42
Black Round Fresh,black_round_fresh_IMG_20250412_115917_TIMEBURST2_3640_rotate_iter2.jpg,JPG,2319x2319,24,Xiaomi,2312DRAABI,72,f/0.0,50,Daylight,16,29-05-2025 09:42
Black Round Fresh,black_round_fresh_IMG_20250412_115917_TIMEBURST1_4002_gamma_iter5.jpg,JPG,1694x1694,24,Xiaomi,2312DRAABI,72,f/0.0,51,Daylight,16,29-05-2025 09:42
Black Round Fresh,black_round_fresh_IMG_20250412_115917_TIMEBURST2_3640_horizontal_flip_iter2.jpg,JPG,2319x2319,24,Xiaomi,2312DRAABI,72,f/0.0,53,Daylight,16,29-05-2025 09:42
Black Round Fresh,black_round_fresh_IMG_20250412_115917_TIMEBURST1_4002_rgb_shift_iter5.jpg,JPG,1694x1694,24,Xiaomi,2312DRAABI,72,f/0.0,53,Daylight,16,29-05-2025 09:42
Black Round Fresh,black_round_fresh_IMG_20250412_115917_TIMEBURST3_3683_rotate_iter1.jpg,JPG,2442x2442,24,Xiaomi,2312DRAABI,72,f/0.0,52,Daylight,16,29-05-2025 09:42
Black Round Fresh,black_round_fresh_IMG_20250412_115917_TIMEBURST2_3640_brightness_contrast_iter2.jpg,JPG,2319x2319,24,Xiaomi,2312DRAABI,72,f/0.0,52,Daylight,16,29-05-2025 09:42
Black Round Fresh,black_round_fresh_IMG_20250412_115917_TIMEBURST3_3683_horizontal_flip_iter1.jpg,JPG,2442x2442,24,Xiaomi,2312DRAABI,72,f/0.0,51,Daylight,16,29-05-2025 09:42
Black Round Fresh,black_round_fresh_IMG_20250412_115917_TIMEBURST2_3640_gamma_iter2.jpg,JPG,2319x2319,24,Xiaomi,2312DRAABI,72,f/0.0,54,Daylight,16,29-05-2025 09:42
Black Round Fresh,black_round_fresh_IMG_20250412_115917_TIMEBURST3_3683_brightness_contrast_iter1.jpg,JPG,2442x2442,24,Xiaomi,2312DRAABI,72,f/0.0,53,Daylight,16,29-05-2025 09:42
Black Round Fresh,black_round_fresh_IMG_20250412_115917_TIMEBURST3_3683_gamma_iter1.jpg,JPG,2442x2442,24,Xiaomi,2312DRAABI,72,f/0.0,50,Daylight,16,29-05-2025 09:42
Black Round Fresh,black_round_fresh_IMG_20250412_115917_TIMEBURST2_3640_rgb_shift_iter2.jpg,JPG,2319x2319,24,Xiaomi,2312DRAABI,72,f/0.0,52,Daylight,16,29-05-2025 09:42
Black Round Fresh,black_round_fresh_IMG_20250412_115917_TIMEBURST3_3683_rgb_shift_iter1.jpg,JPG,2442x2442,24,Xiaomi,2312DRAABI,72,f/0.0,51,Daylight,16,29-05-2025 09:42
Black Round Fresh,black_round_fresh_IMG_20250412_115917_TIMEBURST2_3640_rotate_iter3.jpg,JPG,2319x2319,24,Xiaomi,2312DRAABI,72,f/0.0,50,Daylight,16,29-05-2025 09:42
Black Round Fresh,black_round_fresh_IMG_20250412_115917_TIMEBURST2_3640_horizontal_flip_iter3.jpg,JPG,2319x2319,24,Xiaomi,2312DRAABI,72,f/0.0,51,Daylight,16,29-05-2025 09:42
Black Round Fresh,black_round_fresh_IMG_20250412_115917_TIMEBURST4_4299_rotate_iter1.jpg,JPG,2203x2203,24,Xiaomi,2312DRAABI,72,f/0.0,53,Daylight,16,29-05-2025 09:42
Black Round Fresh,black_round_fresh_IMG_20250412_115917_TIMEBURST2_3640_brightness_contrast_iter3.jpg,JPG,2319x2319,24,Xiaomi,2312DRAABI,72,f/0.0,53,Daylight,16,29-05-2025 09:42
Black Round Fresh,black_round_fresh_IMG_20250412_115917_TIMEBURST4_4299_horizontal_flip_iter1.jpg,JPG,2203x2203,24,Xiaomi,2312DRAABI,72,f/0.0,53,Daylight,16,29-05-2025 09:42
Black Round Fresh,black_round_fresh_IMG_20250412_115917_TIMEBURST3_3683_rotate_iter2.jpg,JPG,2442x2442,24,Xiaomi,2312DRAABI,72,f/0.0,53,Daylight,16,29-05-2025 09:42
Black Round Fresh,black_round_fresh_IMG_20250412_115917_TIMEBURST2_3640_gamma_iter3.jpg,JPG,2319x2319,24,Xiaomi,2312DRAABI,72,f/0.0,53,Daylight,16,29-05-2025 09:42
Black Round Fresh,black_round_fresh_IMG_20250412_115917_TIMEBURST3_3683_horizontal_flip_iter2.jpg,JPG,2442x2442,24,Xiaomi,2312DRAABI,72,f/0.0,51,Daylight,16,29-05-2025 09:42
Black Round Fresh,black_round_fresh_IMG_20250412_115917_TIMEBURST4_4299_brightness_contrast_iter1.jpg,JPG,2203x2203,24,Xiaomi,2312DRAABI,72,f/0.0,53,Daylight,16,29-05-2025 09:42
Black Round Fresh,black_round_fresh_IMG_20250412_115917_TIMEBURST2_3640_rgb_shift_iter3.jpg,JPG,2319x2319,24,Xiaomi,2312DRAABI,72,f/0.0,51,Daylight,16,29-05-2025 09:42
Black Round Fresh,black_round_fresh_IMG_20250412_115917_TIMEBURST4_4299_gamma_iter1.jpg,JPG,2203x2203,24,Xiaomi,2312DRAABI,72,f/0.0,51,Daylight,16,29-05-2025 09:42
Black Round Fresh,black_round_fresh_IMG_20250412_115917_TIMEBURST5_3607_rotate_iter1.jpg,JPG,2088x2088,24,Xiaomi,2312DRAABI,72,f/0.0,53,Daylight,16,29-05-2025 09:42
Black Round Fresh,black_round_fresh_IMG_20250412_115917_TIMEBURST3_3683_brightness_contrast_iter2.jpg,JPG,2442x2442,24,Xiaomi,2312DRAABI,72,f/0.0,52,Daylight,16,29-05-2025 09:42
Black Round Fresh,black_round_fresh_IMG_20250412_115917_TIMEBURST2_3640_rotate_iter4.jpg,JPG,2319x2319,24,Xiaomi,2312DRAABI,72,f/0.0,53,Daylight,16,29-05-2025 09:42
Black Round Fresh,black_round_fresh_IMG_20250412_115917_TIMEBURST5_3607_horizontal_flip_iter1.jpg,JPG,2088x2088,24,Xiaomi,2312DRAABI,72,f/0.0,53,Daylight,16,29-05-2025 09:42
Black Round Fresh,black_round_fresh_IMG_20250412_115917_TIMEBURST4_4299_rgb_shift_iter1.jpg,JPG,2203x2203,24,Xiaomi,2312DRAABI,72,f/0.0,53,Daylight,16,29-05-2025 09:42
Black Round Fresh,black_round_fresh_IMG_20250412_115917_TIMEBURST3_3683_gamma_iter2.jpg,JPG,2442x2442,24,Xiaomi,2312DRAABI,72,f/0.0,51,Daylight,16,29-05-2025 09:42
Black Round Fresh,black_round_fresh_IMG_20250412_115917_TIMEBURST2_3640_horizontal_flip_iter4.jpg,JPG,2319x2319,24,Xiaomi,2312DRAABI,72,f/0.0,51,Daylight,16,29-05-2025 09:42
Black Round Fresh,black_round_fresh_IMG_20250412_115917_TIMEBURST5_3607_brightness_contrast_iter1.jpg,JPG,2088x2088,24,Xiaomi,2312DRAABI,72,f/0.0,50,Daylight,16,29-05-2025 09:42
Black Round Fresh,black_round_fresh_IMG_20250412_115917_TIMEBURST4_4299_rotate_iter2.jpg,JPG,2203x2203,24,Xiaomi,2312DRAABI,72,f/0.0,52,Daylight,16,29-05-2025 09:42
Black Round Fresh,black_round_fresh_IMG_20250412_115917_TIMEBURST2_3640_brightness_contrast_iter4.jpg,JPG,2319x2319,24,Xiaomi,2312DRAABI,72,f/0.0,52,Daylight,16,29-05-2025 09:42
Black Round Fresh,black_round_fresh_IMG_20250412_115917_TIMEBURST5_3607_gamma_iter1.jpg,JPG,2088x2088,24,Xiaomi,2312DRAABI,72,f/0.0,52,Daylight,16,29-05-2025 09:42
Black Round Fresh,black_round_fresh_IMG_20250412_115917_TIMEBURST4_4299_horizontal_flip_iter2.jpg,JPG,2203x2203,24,Xiaomi,2312DRAABI,72,f/0.0,52,Daylight,16,29-05-2025 09:42
Black Round Fresh,black_round_fresh_IMG_20250412_115917_TIMEBURST3_3683_rgb_shift_iter2.jpg,JPG,2442x2442,24,Xiaomi,2312DRAABI,72,f/0.0,51,Daylight,16,29-05-2025 09:42
Black Round Fresh,black_round_fresh_IMG_20250412_115917_TIMEBURST2_3640_gamma_iter4.jpg,JPG,2319x2319,24,Xiaomi,2312DRAABI,72,f/0.0,53,Daylight,16,29-05-2025 09:42
Black Round Fresh,black_round_fresh_IMG_20250412_115917_TIMEBURST4_4299_brightness_contrast_iter2.jpg,JPG,2203x2203,24,Xiaomi,2312DRAABI,72,f/0.0,53,Daylight,16,29-05-2025 09:42
Black Round Fresh,black_round_fresh_IMG_20250412_115917_TIMEBURST5_3607_rgb_shift_iter1.jpg,JPG,2088x2088,24,Xiaomi,2312DRAABI,72,f/0.0,51,Daylight,16,29-05-2025 09:42
Black Round Fresh,black_round_fresh_IMG_20250412_115917_TIMEBURST4_4299_gamma_iter2.jpg,JPG,2203x2203,24,Xiaomi,2312DRAABI,72,f/0.0,53,Daylight,16,29-05-2025 09:42
Black Round Fresh,black_round_fresh_IMG_20250412_115917_TIMEBURST3_3683_rotate_iter3.jpg,JPG,2442x2442,24,Xiaomi,2312DRAABI,72,f/0.0,54,Daylight,16,29-05-2025 09:42
Black Round Fresh,black_round_fresh_IMG_20250412_115917_TIMEBURST2_3640_rgb_shift_iter4.jpg,JPG,2319x2319,24,Xiaomi,2312DRAABI,72,f/0.0,53,Daylight,16,29-05-2025 09:42
Black Round Fresh,black_round_fresh_IMG_20250412_115917_TIMEBURST5_3607_rotate_iter2.jpg,JPG,2088x2088,24,Xiaomi,2312DRAABI,72,f/0.0,51,Daylight,16,29-05-2025 09:42
Black Round Fresh,black_round_fresh_IMG_20250412_115917_TIMEBURST3_3683_horizontal_flip_iter3.jpg,JPG,2442x2442,24,Xiaomi,2312DRAABI,72,f/0.0,53,Daylight,16,29-05-2025 09:42
Black Round Fresh,black_round_fresh_IMG_20250412_115917_TIMEBURST4_4299_rgb_shift_iter2.jpg,JPG,2203x2203,24,Xiaomi,2312DRAABI,72,f/0.0,52,Daylight,16,29-05-2025 09:42
Black Round Fresh,black_round_fresh_IMG_20250412_115917_TIMEBURST2_3640_rotate_iter5.jpg,JPG,2319x2319,24,Xiaomi,2312DRAABI,72,f/0.0,50,Daylight,16,29-05-2025 09:42
Black Round Fresh,black_round_fresh_IMG_20250412_115917_TIMEBURST5_3607_horizontal_flip_iter2.jpg,JPG,2088x2088,24,Xiaomi,2312DRAABI,72,f/0.0,52,Daylight,16,29-05-2025 09:42
Black Round Fresh,black_round_fresh_IMG_20250412_115917_TIMEBURST3_3683_brightness_contrast_iter3.jpg,JPG,2442x2442,24,Xiaomi,2312DRAABI,72,f/0.0,52,Daylight,16,29-05-2025 09:42
Black Round Fresh,black_round_fresh_IMG_20250412_115917_TIMEBURST2_3640_horizontal_flip_iter5.jpg,JPG,2319x2319,24,Xiaomi,2312DRAABI,72,f/0.0,51,Daylight,16,29-05-2025 09:42
Black Round Fresh,black_round_fresh_IMG_20250412_115917_TIMEBURST4_4299_rotate_iter3.jpg,JPG,2203x2203,24,Xiaomi,2312DRAABI,72,f/0.0,51,Daylight,16,29-05-2025 09:42
Black Round Fresh,black_round_fresh_IMG_20250412_115917_TIMEBURST5_3607_brightness_contrast_iter2.jpg,JPG,2088x2088,24,Xiaomi,2312DRAABI,72,f/0.0,51,Daylight,16,29-05-2025 09:42
Black Round Fresh,black_round_fresh_IMG_20250412_115917_TIMEBURST3_3683_gamma_iter3.jpg,JPG,2442x2442,24,Xiaomi,2312DRAABI,72,f/0.0,53,Daylight,16,29-05-2025 09:42
Black Round Fresh,black_round_fresh_IMG_20250412_115917_TIMEBURST2_3640_brightness_contrast_iter5.jpg,JPG,2319x2319,24,Xiaomi,2312DRAABI,72,f/0.0,51,Daylight,16,29-05-2025 09:42
Black Round Fresh,black_round_fresh_IMG_20250412_115917_TIMEBURST4_4299_horizontal_flip_iter3.jpg,JPG,2203x2203,24,Xiaomi,2312DRAABI,72,f/0.0,50,Daylight,16,29-05-2025 09:42
Black Round Fresh,black_round_fresh_IMG_20250412_115917_TIMEBURST5_3607_gamma_iter2.jpg,JPG,2088x2088,24,Xiaomi,2312DRAABI,72,f/0.0,51,Daylight,16,29-05-2025 09:42
Black Round Fresh,black_round_fresh_IMG_20250412_115917_TIMEBURST2_3640_gamma_iter5.jpg,JPG,2319x2319,24,Xiaomi,2312DRAABI,72,f/0.0,51,Daylight,16,29-05-2025 09:42
Black Round Fresh,black_round_fresh_IMG_20250412_115917_TIMEBURST4_4299_brightness_contrast_iter3.jpg,JPG,2203x2203,24,Xiaomi,2312DRAABI,72,f/0.0,52,Daylight,16,29-05-2025 09:42
Black Round Fresh,black_round_fresh_IMG_20250412_115917_TIMEBURST5_3607_rgb_shift_iter2.jpg,JPG,2088x2088,24,Xiaomi,2312DRAABI,72,f/0.0,51,Daylight,16,29-05-2025 09:42
Black Round Fresh,black_round_fresh_IMG_20250412_115917_TIMEBURST3_3683_rgb_shift_iter3.jpg,JPG,2442x2442,24,Xiaomi,2312DRAABI,72,f/0.0,52,Daylight,16,29-05-2025 09:42
Black Round Fresh,black_round_fresh_IMG_20250412_115917_TIMEBURST4_4299_gamma_iter3.jpg,JPG,2203x2203,24,Xiaomi,2312DRAABI,72,f/0.0,50,Daylight,16,29-05-2025 09:42
Black Round Fresh,black_round_fresh_IMG_20250412_115917_TIMEBURST2_3640_rgb_shift_iter5.jpg,JPG,2319x2319,24,Xiaomi,2312DRAABI,72,f/0.0,53,Daylight,16,29-05-2025 09:42
Black Round Fresh,black_round_fresh_IMG_20250412_115917_TIMEBURST5_3607_rotate_iter3.jpg,JPG,2088x2088,24,Xiaomi,2312DRAABI,72,f/0.0,52,Daylight,16,29-05-2025 09:42
Black Round Fresh,black_round_fresh_IMG_20250412_115917_TIMEBURST4_4299_rgb_shift_iter3.jpg,JPG,2203x2203,24,Xiaomi,2312DRAABI,72,f/0.0,52,Daylight,16,29-05-2025 09:42
Black Round Fresh,black_round_fresh_IMG_20250412_115917_TIMEBURST5_3607_horizontal_flip_iter3.jpg,JPG,2088x2088,24,Xiaomi,2312DRAABI,72,f/0.0,54,Daylight,16,29-05-2025 09:42
Black Round Fresh,black_round_fresh_IMG_20250412_115917_TIMEBURST5_3607_brightness_contrast_iter3.jpg,JPG,2088x2088,24,Xiaomi,2312DRAABI,72,f/0.0,50,Daylight,16,29-05-2025 09:42
Black Round Fresh,black_round_fresh_IMG_20250412_115917_TIMEBURST3_3683_rotate_iter4.jpg,JPG,2442x2442,24,Xiaomi,2312DRAABI,72,f/0.0,54,Daylight,16,29-05-2025 09:42
Black Round Fresh,black_round_fresh_IMG_20250412_115917_TIMEBURST4_4299_rotate_iter4.jpg,JPG,2203x2203,24,Xiaomi,2312DRAABI,72,f/0.0,54,Daylight,16,29-05-2025 09:42
Black Round Fresh,black_round_fresh_IMG_20250412_115917_TIMEBURST5_3607_gamma_iter3.jpg,JPG,2088x2088,24,Xiaomi,2312DRAABI,72,f/0.0,54,Daylight,16,29-05-2025 09:42
Black Round Fresh,black_round_fresh_IMG_20250412_115917_TIMEBURST3_3683_horizontal_flip_iter4.jpg,JPG,2442x2442,24,Xiaomi,2312DRAABI,72,f/0.0,52,Daylight,16,29-05-2025 09:42
Black Round Fresh,black_round_fresh_IMG_20250412_115917_TIMEBURST4_4299_horizontal_flip_iter4.jpg,JPG,2203x2203,24,Xiaomi,2312DRAABI,72,f/0.0,53,Daylight,16,29-05-2025 09:42
Black Round Fresh,black_round_fresh_IMG_20250412_115917_TIMEBURST4_4299_brightness_contrast_iter4.jpg,JPG,2203x2203,24,Xiaomi,2312DRAABI,72,f/0.0,53,Daylight,16,29-05-2025 09:42
Black Round Fresh,black_round_fresh_IMG_20250412_115917_TIMEBURST3_3683_brightness_contrast_iter4.jpg,JPG,2442x2442,24,Xiaomi,2312DRAABI,72,f/0.0,51,Daylight,16,29-05-2025 09:42
Black Round Fresh,black_round_fresh_IMG_20250412_115917_TIMEBURST5_3607_rgb_shift_iter3.jpg,JPG,2088x2088,24,Xiaomi,2312DRAABI,72,f/0.0,52,Daylight,16,29-05-2025 09:42
Black Round Fresh,black_round_fresh_IMG_20250412_115917_TIMEBURST3_3683_gamma_iter4.jpg,JPG,2442x2442,24,Xiaomi,2312DRAABI,72,f/0.0,50,Daylight,16,29-05-2025 09:42
Black Round Fresh,black_round_fresh_IMG_20250412_115917_TIMEBURST5_3607_rotate_iter4.jpg,JPG,2088x2088,24,Xiaomi,2312DRAABI,72,f/0.0,50,Daylight,16,29-05-2025 09:42
Black Round Fresh,black_round_fresh_IMG_20250412_115917_TIMEBURST4_4299_gamma_iter4.jpg,JPG,2203x2203,24,Xiaomi,2312DRAABI,72,f/0.0,53,Daylight,16,29-05-2025 09:42
Black Round Fresh,black_round_fresh_IMG_20250412_115917_TIMEBURST6_3713_rotate_iter1.jpg,JPG,1792x1792,24,Xiaomi,2312DRAABI,72,f/0.0,52,Daylight,16,29-05-2025 09:42
Black Round Fresh,black_round_fresh_IMG_20250412_115917_TIMEBURST4_4299_rgb_shift_iter4.jpg,JPG,2203x2203,24,Xiaomi,2312DRAABI,72,f/0.0,54,Daylight,16,29-05-2025 09:42
Black Round Fresh,black_round_fresh_IMG_20250412_115917_TIMEBURST5_3607_horizontal_flip_iter4.jpg,JPG,2088x2088,24,Xiaomi,2312DRAABI,72,f/0.0,51,Daylight,16,29-05-2025 09:42
Black Round Fresh,black_round_fresh_IMG_20250412_115917_TIMEBURST3_3683_rgb_shift_iter4.jpg,JPG,2442x2442,24,Xiaomi,2312DRAABI,72,f/0.0,53,Daylight,16,29-05-2025 09:42
Black Round Fresh,black_round_fresh_IMG_20250412_115917_TIMEBURST6_3713_horizontal_flip_iter1.jpg,JPG,1792x1792,24,Xiaomi,2312DRAABI,72,f/0.0,52,Daylight,16,29-05-2025 09:42
Black Round Fresh,black_round_fresh_IMG_20250412_115917_TIMEBURST4_4299_rotate_iter5.jpg,JPG,2203x2203,24,Xiaomi,2312DRAABI,72,f/0.0,54,Daylight,16,29-05-2025 09:42
Black Round Fresh,black_round_fresh_IMG_20250412_115917_TIMEBURST5_3607_brightness_contrast_iter4.jpg,JPG,2088x2088,24,Xiaomi,2312DRAABI,72,f/0.0,51,Daylight,16,29-05-2025 09:42
Black Round Fresh,black_round_fresh_IMG_20250412_115917_TIMEBURST6_3713_brightness_contrast_iter1.jpg,JPG,1792x1792,24,Xiaomi,2312DRAABI,72,f/0.0,51,Daylight,16,29-05-2025 09:42
Black Round Fresh,black_round_fresh_IMG_20250412_115917_TIMEBURST3_3683_rotate_iter5.jpg,JPG,2442x2442,24,Xiaomi,2312DRAABI,72,f/0.0,52,Daylight,16,29-05-2025 09:42
Black Round Fresh,black_round_fresh_IMG_20250412_115917_TIMEBURST6_3713_gamma_iter1.jpg,JPG,1792x1792,24,Xiaomi,2312DRAABI,72,f/0.0,52,Daylight,16,29-05-2025 09:42
Black Round Fresh,black_round_fresh_IMG_20250412_115917_TIMEBURST5_3607_gamma_iter4.jpg,JPG,2088x2088,24,Xiaomi,2312DRAABI,72,f/0.0,52,Daylight,16,29-05-2025 09:42
Black Round Fresh,black_round_fresh_IMG_20250412_115917_TIMEBURST4_4299_horizontal_flip_iter5.jpg,JPG,2203x2203,24,Xiaomi,2312DRAABI,72,f/0.0,52,Daylight,16,29-05-2025 09:42
Black Round Fresh,black_round_fresh_IMG_20250412_115917_TIMEBURST3_3683_horizontal_flip_iter5.jpg,JPG,2442x2442,24,Xiaomi,2312DRAABI,72,f/0.0,50,Daylight,16,29-05-2025 09:42
Black Round Fresh,black_round_fresh_IMG_20250412_115917_TIMEBURST4_4299_brightness_contrast_iter5.jpg,JPG,2203x2203,24,Xiaomi,2312DRAABI,72,f/0.0,52,Daylight,16,29-05-2025 09:42
Black Round Fresh,black_round_fresh_IMG_20250412_115917_TIMEBURST6_3713_rgb_shift_iter1.jpg,JPG,1792x1792,24,Xiaomi,2312DRAABI,72,f/0.0,53,Daylight,16,29-05-2025 09:42
Black Round Fresh,black_round_fresh_IMG_20250412_115917_TIMEBURST3_3683_brightness_contrast_iter5.jpg,JPG,2442x2442,24,Xiaomi,2312DRAABI,72,f/0.0,51,Daylight,16,29-05-2025 09:42
Black Round Fresh,black_round_fresh_IMG_20250412_115917_TIMEBURST4_4299_gamma_iter5.jpg,JPG,2203x2203,24,Xiaomi,2312DRAABI,72,f/0.0,51,Daylight,16,29-05-2025 09:42
Black Round Fresh,black_round_fresh_IMG_20250412_115917_TIMEBURST5_3607_rgb_shift_iter4.jpg,JPG,2088x2088,24,Xiaomi,2312DRAABI,72,f/0.0,51,Daylight,16,29-05-2025 09:42
Black Round Fresh,black_round_fresh_IMG_20250412_115917_TIMEBURST6_3713_rotate_iter2.jpg,JPG,1792x1792,24,Xiaomi,2312DRAABI,72,f/0.0,51,Daylight,16,29-05-2025 09:42
Black Round Fresh,black_round_fresh_IMG_20250412_115917_TIMEBURST3_3683_gamma_iter5.jpg,JPG,2442x2442,24,Xiaomi,2312DRAABI,72,f/0.0,51,Daylight,16,29-05-2025 09:42
Black Round Fresh,black_round_fresh_IMG_20250412_115917_TIMEBURST6_3713_horizontal_flip_iter2.jpg,JPG,1792x1792,24,Xiaomi,2312DRAABI,72,f/0.0,50,Daylight,16,29-05-2025 09:42
Black Round Fresh,black_round_fresh_IMG_20250412_115917_TIMEBURST4_4299_rgb_shift_iter5.jpg,JPG,2203x2203,24,Xiaomi,2312DRAABI,72,f/0.0,53,Daylight,16,29-05-2025 09:42
Black Round Fresh,black_round_fresh_IMG_20250412_115917_TIMEBURST6_3713_brightness_contrast_iter2.jpg,JPG,1792x1792,24,Xiaomi,2312DRAABI,72,f/0.0,52,Daylight,16,29-05-2025 09:42
Black Round Fresh,black_round_fresh_IMG_20250412_115917_TIMEBURST5_3607_rotate_iter5.jpg,JPG,2088x2088,24,Xiaomi,2312DRAABI,72,f/0.0,53,Daylight,16,29-05-2025 09:42
Black Round Fresh,black_round_fresh_IMG_20250412_115917_TIMEBURST6_3713_gamma_iter2.jpg,JPG,1792x1792,24,Xiaomi,2312DRAABI,72,f/0.0,52,Daylight,16,29-05-2025 09:42
Black Round Fresh,black_round_fresh_IMG_20250412_115917_TIMEBURST3_3683_rgb_shift_iter5.jpg,JPG,2442x2442,24,Xiaomi,2312DRAABI,72,f/0.0,51,Daylight,16,29-05-2025 09:42
Black Round Fresh,black_round_fresh_IMG_20250412_115917_TIMEBURST5_3607_horizontal_flip_iter5.jpg,JPG,2088x2088,24,Xiaomi,2312DRAABI,72,f/0.0,53,Daylight,16,29-05-2025 09:42
Black Round Fresh,black_round_fresh_IMG_20250412_115917_TIMEBURST6_3713_rgb_shift_iter2.jpg,JPG,1792x1792,24,Xiaomi,2312DRAABI,72,f/0.0,51,Daylight,16,29-05-2025 09:42
Black Round Fresh,black_round_fresh_IMG_20250412_115917_TIMEBURST5_3607_brightness_contrast_iter5.jpg,JPG,2088x2088,24,Xiaomi,2312DRAABI,72,f/0.0,51,Daylight,16,29-05-2025 09:42
Black Round Fresh,black_round_fresh_IMG_20250412_115917_TIMEBURST6_3713_rotate_iter3.jpg,JPG,1792x1792,24,Xiaomi,2312DRAABI,72,f/0.0,52,Daylight,16,29-05-2025 09:42
Black Round Fresh,black_round_fresh_IMG_20250412_115917_TIMEBURST6_3713_horizontal_flip_iter3.jpg,JPG,1792x1792,24,Xiaomi,2312DRAABI,72,f/0.0,51,Daylight,16,29-05-2025 09:42
Black Round Fresh,black_round_fresh_IMG_20250412_115917_TIMEBURST5_3607_gamma_iter5.jpg,JPG,2088x2088,24,Xiaomi,2312DRAABI,72,f/0.0,51,Daylight,16,29-05-2025 09:42
Black Round Fresh,black_round_fresh_IMG_20250412_115917_TIMEBURST6_3713_brightness_contrast_iter3.jpg,JPG,1792x1792,24,Xiaomi,2312DRAABI,72,f/0.0,51,Daylight,16,29-05-2025 09:42
Black Round Fresh,black_round_fresh_IMG_20250412_115917_TIMEBURST6_3713_gamma_iter3.jpg,JPG,1792x1792,24,Xiaomi,2312DRAABI,72,f/0.0,51,Daylight,16,29-05-2025 09:42
Black Round Fresh,black_round_fresh_IMG_20250412_115917_TIMEBURST5_3607_rgb_shift_iter5.jpg,JPG,2088x2088,24,Xiaomi,2312DRAABI,72,f/0.0,50,Daylight,16,29-05-2025 09:42
Black Round Fresh,black_round_fresh_IMG_20250412_115917_TIMEBURST9_4086_rotate_iter1.jpg,JPG,1515x1515,24,Xiaomi,2312DRAABI,72,f/0.0,52,Daylight,16,29-05-2025 09:42
Black Round Fresh,black_round_fresh_IMG_20250412_115917_TIMEBURST6_3713_rgb_shift_iter3.jpg,JPG,1792x1792,24,Xiaomi,2312DRAABI,72,f/0.0,54,Daylight,16,29-05-2025 09:42
Black Round Fresh,black_round_fresh_IMG_20250412_115917_TIMEBURST9_4086_horizontal_flip_iter1.jpg,JPG,1515x1515,24,Xiaomi,2312DRAABI,72,f/0.0,52,Daylight,16,29-05-2025 09:42
Black Round Fresh,black_round_fresh_IMG_20250412_115917_TIMEBURST7_4294_rotate_iter1.jpg,JPG,1609x1609,24,Xiaomi,2312DRAABI,72,f/0.0,52,Daylight,16,29-05-2025 09:42
Black Round Fresh,black_round_fresh_IMG_20250412_115917_TIMEBURST9_4086_brightness_contrast_iter1.jpg,JPG,1515x1515,24,Xiaomi,2312DRAABI,72,f/0.0,52,Daylight,16,29-05-2025 09:42
Black Round Fresh,black_round_fresh_IMG_20250412_115917_TIMEBURST7_4294_horizontal_flip_iter1.jpg,JPG,1609x1609,24,Xiaomi,2312DRAABI,72,f/0.0,50,Daylight,16,29-05-2025 09:42
Black Round Fresh,black_round_fresh_IMG_20250412_115917_TIMEBURST6_3713_rotate_iter4.jpg,JPG,1792x1792,24,Xiaomi,2312DRAABI,72,f/0.0,51,Daylight,16,29-05-2025 09:42
Black Round Fresh,black_round_fresh_IMG_20250412_115917_TIMEBURST9_4086_gamma_iter1.jpg,JPG,1515x1515,24,Xiaomi,2312DRAABI,72,f/0.0,53,Daylight,16,29-05-2025 09:42
Black Round Fresh,black_round_fresh_IMG_20250412_115917_TIMEBURST7_4294_brightness_contrast_iter1.jpg,JPG,1609x1609,24,Xiaomi,2312DRAABI,72,f/0.0,53,Daylight,16,29-05-2025 09:42
Black Round Fresh,black_round_fresh_IMG_20250412_115917_TIMEBURST6_3713_horizontal_flip_iter4.jpg,JPG,1792x1792,24,Xiaomi,2312DRAABI,72,f/0.0,52,Daylight,16,29-05-2025 09:42
Black Round Fresh,black_round_fresh_IMG_20250412_115917_TIMEBURST7_4294_gamma_iter1.jpg,JPG,1609x1609,24,Xiaomi,2312DRAABI,72,f/0.0,52,Daylight,16,29-05-2025 09:42
Black Round Fresh,black_round_fresh_IMG_20250412_115917_TIMEBURST9_4086_rgb_shift_iter1.jpg,JPG,1515x1515,24,Xiaomi,2312DRAABI,72,f/0.0,51,Daylight,16,29-05-2025 09:42
Black Round Fresh,black_round_fresh_IMG_20250412_115917_TIMEBURST6_3713_brightness_contrast_iter4.jpg,JPG,1792x1792,24,Xiaomi,2312DRAABI,72,f/0.0,54,Daylight,16,29-05-2025 09:42
Black Round Fresh,black_round_fresh_IMG_20250412_115917_TIMEBURST9_4086_rotate_iter2.jpg,JPG,1515x1515,24,Xiaomi,2312DRAABI,72,f/0.0,53,Daylight,16,29-05-2025 09:42
Black Round Fresh,black_round_fresh_IMG_20250412_115917_TIMEBURST6_3713_gamma_iter4.jpg,JPG,1792x1792,24,Xiaomi,2312DRAABI,72,f/0.0,50,Daylight,16,29-05-2025 09:42
Black Round Fresh,black_round_fresh_IMG_20250412_115917_TIMEBURST7_4294_rgb_shift_iter1.jpg,JPG,1609x1609,24,Xiaomi,2312DRAABI,72,f/0.0,52,Daylight,16,29-05-2025 09:42
Black Round Fresh,black_round_fresh_IMG_20250412_115917_TIMEBURST9_4086_horizontal_flip_iter2.jpg,JPG,1515x1515,24,Xiaomi,2312DRAABI,72,f/0.0,51,Daylight,16,29-05-2025 09:42
Black Round Fresh,black_round_fresh_IMG_20250412_115917_TIMEBURST7_4294_rotate_iter2.jpg,JPG,1609x1609,24,Xiaomi,2312DRAABI,72,f/0.0,50,Daylight,16,29-05-2025 09:42
Black Round Fresh,black_round_fresh_IMG_20250412_115917_TIMEBURST6_3713_rgb_shift_iter4.jpg,JPG,1792x1792,24,Xiaomi,2312DRAABI,72,f/0.0,51,Daylight,16,29-05-2025 09:42
Black Round Fresh,black_round_fresh_IMG_20250412_115917_TIMEBURST9_4086_brightness_contrast_iter2.jpg,JPG,1515x1515,24,Xiaomi,2312DRAABI,72,f/0.0,53,Daylight,16,29-05-2025 09:42
Black Round Fresh,black_round_fresh_IMG_20250412_115917_TIMEBURST7_4294_horizontal_flip_iter2.jpg,JPG,1609x1609,24,Xiaomi,2312DRAABI,72,f/0.0,53,Daylight,16,29-05-2025 09:42
Black Round Fresh,black_round_fresh_IMG_20250412_115917_TIMEBURST9_4086_gamma_iter2.jpg,JPG,1515x1515,24,Xiaomi,2312DRAABI,72,f/0.0,53,Daylight,16,29-05-2025 09:42
Black Round Fresh,black_round_fresh_IMG_20250412_115917_TIMEBURST7_4294_brightness_contrast_iter2.jpg,JPG,1609x1609,24,Xiaomi,2312DRAABI,72,f/0.0,53,Daylight,16,29-05-2025 09:42
Black Round Fresh,black_round_fresh_IMG_20250412_115917_TIMEBURST6_3713_rotate_iter5.jpg,JPG,1792x1792,24,Xiaomi,2312DRAABI,72,f/0.0,53,Daylight,16,29-05-2025 09:42
Black Round Fresh,black_round_fresh_IMG_20250412_115917_TIMEBURST7_4294_gamma_iter2.jpg,JPG,1609x1609,24,Xiaomi,2312DRAABI,72,f/0.0,51,Daylight,16,29-05-2025 09:42
Black Round Fresh,black_round_fresh_IMG_20250412_115917_TIMEBURST9_4086_rgb_shift_iter2.jpg,JPG,1515x1515,24,Xiaomi,2312DRAABI,72,f/0.0,53,Daylight,16,29-05-2025 09:42
Black Round Fresh,black_round_fresh_IMG_20250412_115917_TIMEBURST6_3713_horizontal_flip_iter5.jpg,JPG,1792x1792,24,Xiaomi,2312DRAABI,72,f/0.0,51,Daylight,16,29-05-2025 09:42
Black Round Fresh,black_round_fresh_IMG_20250412_115917_TIMEBURST6_3713_brightness_contrast_iter5.jpg,JPG,1792x1792,24,Xiaomi,2312DRAABI,72,f/0.0,51,Daylight,16,29-05-2025 09:42
Black Round Fresh,black_round_fresh_IMG_20250412_115917_TIMEBURST9_4086_rotate_iter3.jpg,JPG,1515x1515,24,Xiaomi,2312DRAABI,72,f/0.0,53,Daylight,16,29-05-2025 09:42
Black Round Fresh,black_round_fresh_IMG_20250412_115917_TIMEBURST7_4294_rgb_shift_iter2.jpg,JPG,1609x1609,24,Xiaomi,2312DRAABI,72,f/0.0,52,Daylight,16,29-05-2025 09:42
Black Round Fresh,black_round_fresh_IMG_20250412_115917_TIMEBURST6_3713_gamma_iter5.jpg,JPG,1792x1792,24,Xiaomi,2312DRAABI,72,f/0.0,53,Daylight,16,29-05-2025 09:42
Black Round Fresh,black_round_fresh_IMG_20250412_115917_TIMEBURST9_4086_horizontal_flip_iter3.jpg,JPG,1515x1515,24,Xiaomi,2312DRAABI,72,f/0.0,53,Daylight,16,29-05-2025 09:42
Black Round Fresh,black_round_fresh_IMG_20250412_115917_TIMEBURST7_4294_rotate_iter3.jpg,JPG,1609x1609,24,Xiaomi,2312DRAABI,72,f/0.0,53,Daylight,16,29-05-2025 09:42
Black Round Fresh,black_round_fresh_IMG_20250412_115917_TIMEBURST9_4086_brightness_contrast_iter3.jpg,JPG,1515x1515,24,Xiaomi,2312DRAABI,72,f/0.0,51,Daylight,16,29-05-2025 09:42
Black Round Fresh,black_round_fresh_IMG_20250412_115917_TIMEBURST7_4294_horizontal_flip_iter3.jpg,JPG,1609x1609,24,Xiaomi,2312DRAABI,72,f/0.0,51,Daylight,16,29-05-2025 09:42
Black Round Fresh,black_round_fresh_IMG_20250412_115917_TIMEBURST6_3713_rgb_shift_iter5.jpg,JPG,1792x1792,24,Xiaomi,2312DRAABI,72,f/0.0,50,Daylight,16,29-05-2025 09:42
Black Round Fresh,black_round_fresh_IMG_20250412_115917_TIMEBURST9_4086_gamma_iter3.jpg,JPG,1515x1515,24,Xiaomi,2312DRAABI,72,f/0.0,52,Daylight,16,29-05-2025 09:42
Black Round Fresh,black_round_fresh_IMG_20250412_115917_TIMEBURST7_4294_brightness_contrast_iter3.jpg,JPG,1609x1609,24,Xiaomi,2312DRAABI,72,f/0.0,52,Daylight,16,29-05-2025 09:42
Black Round Fresh,black_round_fresh_IMG_20250412_115917_TIMEBURST7_4294_gamma_iter3.jpg,JPG,1609x1609,24,Xiaomi,2312DRAABI,72,f/0.0,52,Daylight,16,29-05-2025 09:42
Black Round Fresh,black_round_fresh_IMG_20250412_115917_TIMEBURST9_4086_rgb_shift_iter3.jpg,JPG,1515x1515,24,Xiaomi,2312DRAABI,72,f/0.0,52,Daylight,16,29-05-2025 09:42
Black Round Fresh,black_round_fresh_IMG_20250412_115917_TIMEBURST7_4294_rgb_shift_iter3.jpg,JPG,1609x1609,24,Xiaomi,2312DRAABI,72,f/0.0,51,Daylight,16,29-05-2025 09:42
Black Round Fresh,black_round_fresh_IMG_20250412_115917_TIMEBURST9_4086_rotate_iter4.jpg,JPG,1515x1515,24,Xiaomi,2312DRAABI,72,f/0.0,53,Daylight,16,29-05-2025 09:42
Black Round Fresh,black_round_fresh_IMG_20250412_115917_TIMEBURST9_4086_horizontal_flip_iter4.jpg,JPG,1515x1515,24,Xiaomi,2312DRAABI,72,f/0.0,53,Daylight,16,29-05-2025 09:42
Black Round Fresh,black_round_fresh_IMG_20250412_115917_TIMEBURST7_4294_rotate_iter4.jpg,JPG,1609x1609,24,Xiaomi,2312DRAABI,72,f/0.0,51,Daylight,16,29-05-2025 09:42
Black Round Fresh,black_round_fresh_IMG_20250412_115917_TIMEBURST9_4086_brightness_contrast_iter4.jpg,JPG,1515x1515,24,Xiaomi,2312DRAABI,72,f/0.0,53,Daylight,16,29-05-2025 09:42
Black Round Fresh,black_round_fresh_IMG_20250412_115917_TIMEBURST7_4294_horizontal_flip_iter4.jpg,JPG,1609x1609,24,Xiaomi,2312DRAABI,72,f/0.0,54,Daylight,16,29-05-2025 09:42
Black Round Fresh,black_round_fresh_IMG_20250412_115917_TIMEBURST9_4086_gamma_iter4.jpg,JPG,1515x1515,24,Xiaomi,2312DRAABI,72,f/0.0,53,Daylight,16,29-05-2025 09:42
Black Round Fresh,black_round_fresh_IMG_20250412_115917_TIMEBURST7_4294_brightness_contrast_iter4.jpg,JPG,1609x1609,24,Xiaomi,2312DRAABI,72,f/0.0,51,Daylight,16,29-05-2025 09:42
Black Round Fresh,black_round_fresh_IMG_20250412_115917_TIMEBURST9_4086_rgb_shift_iter4.jpg,JPG,1515x1515,24,Xiaomi,2312DRAABI,72,f/0.0,53,Daylight,16,29-05-2025 09:42
Black Round Fresh,black_round_fresh_IMG_20250412_115917_TIMEBURST7_4294_gamma_iter4.jpg,JPG,1609x1609,24,Xiaomi,2312DRAABI,72,f/0.0,52,Daylight,16,29-05-2025 09:42
Black Round Fresh,black_round_fresh_IMG_20250412_115917_TIMEBURST9_4086_rotate_iter5.jpg,JPG,1515x1515,24,Xiaomi,2312DRAABI,72,f/0.0,50,Daylight,16,29-05-2025 09:42
Black Round Fresh,black_round_fresh_IMG_20250412_115917_TIMEBURST7_4294_rgb_shift_iter4.jpg,JPG,1609x1609,24,Xiaomi,2312DRAABI,72,f/0.0,52,Daylight,16,29-05-2025 09:42
Black Round Fresh,black_round_fresh_IMG_20250412_115917_TIMEBURST9_4086_horizontal_flip_iter5.jpg,JPG,1515x1515,24,Xiaomi,2312DRAABI,72,f/0.0,52,Daylight,16,29-05-2025 09:42
Black Round Fresh,black_round_fresh_IMG_20250412_115917_TIMEBURST10_3701_rotate_iter1.jpg,JPG,1385x1385,24,Xiaomi,2312DRAABI,72,f/0.0,51,Daylight,16,29-05-2025 09:42
Black Round Fresh,black_round_fresh_IMG_20250412_115917_TIMEBURST7_4294_rotate_iter5.jpg,JPG,1609x1609,24,Xiaomi,2312DRAABI,72,f/0.0,51,Daylight,16,29-05-2025 09:42
Black Round Fresh,black_round_fresh_IMG_20250412_115917_TIMEBURST10_3701_horizontal_flip_iter1.jpg,JPG,1385x1385,24,Xiaomi,2312DRAABI,72,f/0.0,51,Daylight,16,29-05-2025 09:42
Black Round Fresh,black_round_fresh_IMG_20250412_115917_TIMEBURST9_4086_brightness_contrast_iter5.jpg,JPG,1515x1515,24,Xiaomi,2312DRAABI,72,f/0.0,53,Daylight,16,29-05-2025 09:42
Black Round Fresh,black_round_fresh_IMG_20250412_115917_TIMEBURST7_4294_horizontal_flip_iter5.jpg,JPG,1609x1609,24,Xiaomi,2312DRAABI,72,f/0.0,51,Daylight,16,29-05-2025 09:42
Black Round Fresh,black_round_fresh_IMG_20250412_115917_TIMEBURST10_3701_brightness_contrast_iter1.jpg,JPG,1385x1385,24,Xiaomi,2312DRAABI,72,f/0.0,50,Daylight,16,29-05-2025 09:42
Black Round Fresh,black_round_fresh_IMG_20250412_115917_TIMEBURST9_4086_gamma_iter5.jpg,JPG,1515x1515,24,Xiaomi,2312DRAABI,72,f/0.0,51,Daylight,16,29-05-2025 09:42
Black Round Fresh,black_round_fresh_IMG_20250412_115917_TIMEBURST7_4294_brightness_contrast_iter5.jpg,JPG,1609x1609,24,Xiaomi,2312DRAABI,72,f/0.0,51,Daylight,16,29-05-2025 09:42
Black Round Fresh,black_round_fresh_IMG_20250412_115917_TIMEBURST10_3701_gamma_iter1.jpg,JPG,1385x1385,24,Xiaomi,2312DRAABI,72,f/0.0,52,Daylight,16,29-05-2025 09:42
Black Round Fresh,black_round_fresh_IMG_20250412_115917_TIMEBURST7_4294_gamma_iter5.jpg,JPG,1609x1609,24,Xiaomi,2312DRAABI,72,f/0.0,51,Daylight,16,29-05-2025 09:42
Black Round Fresh,black_round_fresh_IMG_20250412_115917_TIMEBURST9_4086_rgb_shift_iter5.jpg,JPG,1515x1515,24,Xiaomi,2312DRAABI,72,f/0.0,52,Daylight,16,29-05-2025 09:42
Black Round Fresh,black_round_fresh_IMG_20250412_115917_TIMEBURST10_3701_rgb_shift_iter1.jpg,JPG,1385x1385,24,Xiaomi,2312DRAABI,72,f/0.0,50,Daylight,16,29-05-2025 09:42
Black Round Fresh,black_round_fresh_IMG_20250412_115917_TIMEBURST7_4294_rgb_shift_iter5.jpg,JPG,1609x1609,24,Xiaomi,2312DRAABI,72,f/0.0,53,Daylight,16,29-05-2025 09:42
Black Round Fresh,black_round_fresh_IMG_20250412_115917_TIMEBURST10_3701_rotate_iter2.jpg,JPG,1385x1385,24,Xiaomi,2312DRAABI,72,f/0.0,52,Daylight,16,29-05-2025 09:42
Black Round Fresh,black_round_fresh_IMG_20250412_115917_TIMEBURST10_3701_horizontal_flip_iter2.jpg,JPG,1385x1385,24,Xiaomi,2312DRAABI,72,f/0.0,52,Daylight,16,29-05-2025 09:42
Black Round Fresh,black_round_fresh_IMG_20250412_115917_TIMEBURST10_3701_brightness_contrast_iter2.jpg,JPG,1385x1385,24,Xiaomi,2312DRAABI,72,f/0.0,54,Daylight,16,29-05-2025 09:42
Black Round Fresh,black_round_fresh_IMG_20250412_115917_TIMEBURST11_4648_rotate_iter1.jpg,JPG,1532x1532,24,Xiaomi,2312DRAABI,72,f/0.0,50,Daylight,16,29-05-2025 09:42
Black Round Fresh,black_round_fresh_IMG_20250412_115917_TIMEBURST10_3701_gamma_iter2.jpg,JPG,1385x1385,24,Xiaomi,2312DRAABI,72,f/0.0,54,Daylight,16,29-05-2025 09:42
Black Round Fresh,black_round_fresh_IMG_20250412_115917_TIMEBURST11_4648_horizontal_flip_iter1.jpg,JPG,1532x1532,24,Xiaomi,2312DRAABI,72,f/0.0,54,Daylight,16,29-05-2025 09:42
Black Round Fresh,black_round_fresh_IMG_20250412_115917_TIMEBURST10_3701_rgb_shift_iter2.jpg,JPG,1385x1385,24,Xiaomi,2312DRAABI,72,f/0.0,54,Daylight,16,29-05-2025 09:42
Black Round Fresh,black_round_fresh_IMG_20250412_115917_TIMEBURST11_4648_brightness_contrast_iter1.jpg,JPG,1532x1532,24,Xiaomi,2312DRAABI,72,f/0.0,52,Daylight,16,29-05-2025 09:42
Black Round Fresh,black_round_fresh_IMG_20250412_115917_TIMEBURST10_3701_rotate_iter3.jpg,JPG,1385x1385,24,Xiaomi,2312DRAABI,72,f/0.0,53,Daylight,16,29-05-2025 09:42
Black Round Fresh,black_round_fresh_IMG_20250412_115917_TIMEBURST11_4648_gamma_iter1.jpg,JPG,1532x1532,24,Xiaomi,2312DRAABI,72,f/0.0,53,Daylight,16,29-05-2025 09:42
Black Round Fresh,black_round_fresh_IMG_20250412_115917_TIMEBURST10_3701_horizontal_flip_iter3.jpg,JPG,1385x1385,24,Xiaomi,2312DRAABI,72,f/0.0,51,Daylight,16,29-05-2025 09:42
Black Round Fresh,black_round_fresh_IMG_20250412_115917_TIMEBURST11_4648_rgb_shift_iter1.jpg,JPG,1532x1532,24,Xiaomi,2312DRAABI,72,f/0.0,52,Daylight,16,29-05-2025 09:42
Black Round Fresh,black_round_fresh_IMG_20250412_115917_TIMEBURST10_3701_brightness_contrast_iter3.jpg,JPG,1385x1385,24,Xiaomi,2312DRAABI,72,f/0.0,50,Daylight,16,29-05-2025 09:42
Black Round Fresh,black_round_fresh_IMG_20250412_115917_TIMEBURST10_3701_gamma_iter3.jpg,JPG,1385x1385,24,Xiaomi,2312DRAABI,72,f/0.0,50,Daylight,16,29-05-2025 09:42
Black Round Fresh,black_round_fresh_IMG_20250412_115917_TIMEBURST11_4648_rotate_iter2.jpg,JPG,1532x1532,24,Xiaomi,2312DRAABI,72,f/0.0,53,Daylight,16,29-05-2025 09:42
Black Round Fresh,black_round_fresh_IMG_20250412_115917_TIMEBURST10_3701_rgb_shift_iter3.jpg,JPG,1385x1385,24,Xiaomi,2312DRAABI,72,f/0.0,52,Daylight,16,29-05-2025 09:42
Black Round Fresh,black_round_fresh_IMG_20250412_115917_TIMEBURST11_4648_horizontal_flip_iter2.jpg,JPG,1532x1532,24,Xiaomi,2312DRAABI,72,f/0.0,54,Daylight,16,29-05-2025 09:42
Black Round Fresh,black_round_fresh_IMG_20250412_115917_TIMEBURST11_4648_brightness_contrast_iter2.jpg,JPG,1532x1532,24,Xiaomi,2312DRAABI,72,f/0.0,51,Daylight,16,29-05-2025 09:42
Black Round Fresh,black_round_fresh_IMG_20250412_115917_TIMEBURST10_3701_rotate_iter4.jpg,JPG,1385x1385,24,Xiaomi,2312DRAABI,72,f/0.0,53,Daylight,16,29-05-2025 09:42
Black Round Fresh,black_round_fresh_IMG_20250412_115917_TIMEBURST10_3701_horizontal_flip_iter4.jpg,JPG,1385x1385,24,Xiaomi,2312DRAABI,72,f/0.0,52,Daylight,16,29-05-2025 09:42
Black Round Fresh,black_round_fresh_IMG_20250412_115917_TIMEBURST11_4648_gamma_iter2.jpg,JPG,1532x1532,24,Xiaomi,2312DRAABI,72,f/0.0,54,Daylight,16,29-05-2025 09:42
Black Round Fresh,black_round_fresh_IMG_20250412_115917_TIMEBURST12_3772_rotate_iter1.jpg,JPG,1609x1609,24,Xiaomi,2312DRAABI,72,f/0.0,51,Daylight,16,29-05-2025 09:42
Black Round Fresh,black_round_fresh_IMG_20250412_115917_TIMEBURST10_3701_brightness_contrast_iter4.jpg,JPG,1385x1385,24,Xiaomi,2312DRAABI,72,f/0.0,51,Daylight,16,29-05-2025 09:42
Black Round Fresh,black_round_fresh_IMG_20250412_115917_TIMEBURST13_4016_horizontal_flip_iter1.jpg,JPG,1532x1532,24,Xiaomi,2312DRAABI,72,f/0.0,52,Daylight,16,29-05-2025 09:42
Black Round Fresh,black_round_fresh_IMG_20250412_115917_TIMEBURST13_4016_rotate_iter1.jpg,JPG,1532x1532,24,Xiaomi,2312DRAABI,72,f/0.0,52,Daylight,16,29-05-2025 09:42
Black Round Fresh,black_round_fresh_IMG_20250412_115917_TIMEBURST12_3772_horizontal_flip_iter1.jpg,JPG,1609x1609,24,Xiaomi,2312DRAABI,72,f/0.0,52,Daylight,16,29-05-2025 09:42
Black Round Fresh,black_round_fresh_IMG_20250412_115917_TIMEBURST11_4648_rgb_shift_iter2.jpg,JPG,1532x1532,24,Xiaomi,2312DRAABI,72,f/0.0,52,Daylight,16,29-05-2025 09:42
Black Round Fresh,black_round_fresh_IMG_20250412_115917_TIMEBURST10_3701_gamma_iter4.jpg,JPG,1385x1385,24,Xiaomi,2312DRAABI,72,f/0.0,50,Daylight,16,29-05-2025 09:42
Black Round Fresh,black_round_fresh_IMG_20250412_115917_TIMEBURST13_4016_brightness_contrast_iter1.jpg,JPG,1532x1532,24,Xiaomi,2312DRAABI,72,f/0.0,52,Daylight,16,29-05-2025 09:42
Black Round Fresh,black_round_fresh_IMG_20250412_115917_TIMEBURST12_3772_brightness_contrast_iter1.jpg,JPG,1609x1609,24,Xiaomi,2312DRAABI,72,f/0.0,53,Daylight,16,29-05-2025 09:42
Black Round Fresh,black_round_fresh_IMG_20250412_115917_TIMEBURST11_4648_rotate_iter3.jpg,JPG,1532x1532,24,Xiaomi,2312DRAABI,72,f/0.0,51,Daylight,16,29-05-2025 09:42
Black Round Fresh,black_round_fresh_IMG_20250412_115917_TIMEBURST13_4016_gamma_iter1.jpg,JPG,1532x1532,24,Xiaomi,2312DRAABI,72,f/0.0,51,Daylight,16,29-05-2025 09:42
Black Round Fresh,black_round_fresh_IMG_20250412_115917_TIMEBURST10_3701_rgb_shift_iter4.jpg,JPG,1385x1385,24,Xiaomi,2312DRAABI,72,f/0.0,51,Daylight,16,29-05-2025 09:42
Black Round Fresh,black_round_fresh_IMG_20250412_115917_TIMEBURST12_3772_gamma_iter1.jpg,JPG,1609x1609,24,Xiaomi,2312DRAABI,72,f/0.0,51,Daylight,16,29-05-2025 09:42
Black Round Fresh,black_round_fresh_IMG_20250412_115917_TIMEBURST11_4648_horizontal_flip_iter3.jpg,JPG,1532x1532,24,Xiaomi,2312DRAABI,72,f/0.0,51,Daylight,16,29-05-2025 09:42
Black Round Fresh,black_round_fresh_IMG_20250412_115917_TIMEBURST10_3701_rotate_iter5.jpg,JPG,1385x1385,24,Xiaomi,2312DRAABI,72,f/0.0,50,Daylight,16,29-05-2025 09:42
Black Round Fresh,black_round_fresh_IMG_20250412_115917_TIMEBURST13_4016_rgb_shift_iter1.jpg,JPG,1532x1532,24,Xiaomi,2312DRAABI,72,f/0.0,53,Daylight,16,29-05-2025 09:42
Black Round Fresh,black_round_fresh_IMG_20250412_115917_TIMEBURST12_3772_rgb_shift_iter1.jpg,JPG,1609x1609,24,Xiaomi,2312DRAABI,72,f/0.0,52,Daylight,16,29-05-2025 09:42
Black Round Fresh,black_round_fresh_IMG_20250412_115917_TIMEBURST11_4648_brightness_contrast_iter3.jpg,JPG,1532x1532,24,Xiaomi,2312DRAABI,72,f/0.0,53,Daylight,16,29-05-2025 09:42
Black Round Fresh,black_round_fresh_IMG_20250412_115917_TIMEBURST10_3701_horizontal_flip_iter5.jpg,JPG,1385x1385,24,Xiaomi,2312DRAABI,72,f/0.0,52,Daylight,16,29-05-2025 09:42
Black Round Fresh,black_round_fresh_IMG_20250412_115917_TIMEBURST13_4016_rotate_iter2.jpg,JPG,1532x1532,24,Xiaomi,2312DRAABI,72,f/0.0,51,Daylight,16,29-05-2025 09:42
Black Round Fresh,black_round_fresh_IMG_20250412_115917_TIMEBURST10_3701_brightness_contrast_iter5.jpg,JPG,1385x1385,24,Xiaomi,2312DRAABI,72,f/0.0,53,Daylight,16,29-05-2025 09:42
Black Round Fresh,black_round_fresh_IMG_20250412_115917_TIMEBURST11_4648_gamma_iter3.jpg,JPG,1532x1532,24,Xiaomi,2312DRAABI,72,f/0.0,51,Daylight,16,29-05-2025 09:42
Black Round Fresh,black_round_fresh_IMG_20250412_115917_TIMEBURST12_3772_rotate_iter2.jpg,JPG,1609x1609,24,Xiaomi,2312DRAABI,72,f/0.0,51,Daylight,16,29-05-2025 09:42
Black Round Fresh,black_round_fresh_IMG_20250412_115917_TIMEBURST13_4016_horizontal_flip_iter2.jpg,JPG,1532x1532,24,Xiaomi,2312DRAABI,72,f/0.0,52,Daylight,16,29-05-2025 09:42
Black Round Fresh,black_round_fresh_IMG_20250412_115917_TIMEBURST10_3701_gamma_iter5.jpg,JPG,1385x1385,24,Xiaomi,2312DRAABI,72,f/0.0,51,Daylight,16,29-05-2025 09:42
Black Round Fresh,black_round_fresh_IMG_20250412_115917_TIMEBURST12_3772_horizontal_flip_iter2.jpg,JPG,1609x1609,24,Xiaomi,2312DRAABI,72,f/0.0,51,Daylight,16,29-05-2025 09:42
Black Round Fresh,black_round_fresh_IMG_20250412_115917_TIMEBURST11_4648_rgb_shift_iter3.jpg,JPG,1532x1532,24,Xiaomi,2312DRAABI,72,f/0.0,51,Daylight,16,29-05-2025 09:42
Black Round Fresh,black_round_fresh_IMG_20250412_115917_TIMEBURST13_4016_brightness_contrast_iter2.jpg,JPG,1532x1532,24,Xiaomi,2312DRAABI,72,f/0.0,51,Daylight,16,29-05-2025 09:42
Black Round Fresh,black_round_fresh_IMG_20250412_115917_TIMEBURST12_3772_brightness_contrast_iter2.jpg,JPG,1609x1609,24,Xiaomi,2312DRAABI,72,f/0.0,50,Daylight,16,29-05-2025 09:42
Black Round Fresh,black_round_fresh_IMG_20250412_115917_TIMEBURST10_3701_rgb_shift_iter5.jpg,JPG,1385x1385,24,Xiaomi,2312DRAABI,72,f/0.0,52,Daylight,16,29-05-2025 09:42
Black Round Fresh,black_round_fresh_IMG_20250412_115917_TIMEBURST11_4648_rotate_iter4.jpg,JPG,1532x1532,24,Xiaomi,2312DRAABI,72,f/0.0,54,Daylight,16,29-05-2025 09:42
Black Round Fresh,black_round_fresh_IMG_20250412_115917_TIMEBURST13_4016_gamma_iter2.jpg,JPG,1532x1532,24,Xiaomi,2312DRAABI,72,f/0.0,52,Daylight,16,29-05-2025 09:42
Black Round Fresh,black_round_fresh_IMG_20250412_115917_TIMEBURST12_3772_gamma_iter2.jpg,JPG,1609x1609,24,Xiaomi,2312DRAABI,72,f/0.0,52,Daylight,16,29-05-2025 09:42
Black Round Fresh,black_round_fresh_IMG_20250412_115917_TIMEBURST11_4648_horizontal_flip_iter4.jpg,JPG,1532x1532,24,Xiaomi,2312DRAABI,72,f/0.0,52,Daylight,16,29-05-2025 09:42
Black Round Fresh,black_round_fresh_IMG_20250412_115917_TIMEBURST11_4648_brightness_contrast_iter4.jpg,JPG,1532x1532,24,Xiaomi,2312DRAABI,72,f/0.0,50,Daylight,16,29-05-2025 09:42
Black Round Fresh,black_round_fresh_IMG_20250412_115917_TIMEBURST13_4016_rgb_shift_iter2.jpg,JPG,1532x1532,24,Xiaomi,2312DRAABI,72,f/0.0,51,Daylight,16,29-05-2025 09:42
Black Round Fresh,black_round_fresh_IMG_20250412_115917_TIMEBURST12_3772_rgb_shift_iter2.jpg,JPG,1609x1609,24,Xiaomi,2312DRAABI,72,f/0.0,53,Daylight,16,29-05-2025 09:42
Black Round Fresh,black_round_fresh_IMG_20250412_115917_TIMEBURST11_4648_gamma_iter4.jpg,JPG,1532x1532,24,Xiaomi,2312DRAABI,72,f/0.0,53,Daylight,16,29-05-2025 09:42
Black Round Fresh,black_round_fresh_IMG_20250412_115917_TIMEBURST13_4016_rotate_iter3.jpg,JPG,1532x1532,24,Xiaomi,2312DRAABI,72,f/0.0,52,Daylight,16,29-05-2025 09:42
Black Round Fresh,black_round_fresh_IMG_20250412_115917_TIMEBURST12_3772_rotate_iter3.jpg,JPG,1609x1609,24,Xiaomi,2312DRAABI,72,f/0.0,52,Daylight,16,29-05-2025 09:42
Black Round Fresh,black_round_fresh_IMG_20250412_115917_TIMEBURST13_4016_horizontal_flip_iter3.jpg,JPG,1532x1532,24,Xiaomi,2312DRAABI,72,f/0.0,51,Daylight,16,29-05-2025 09:42
Black Round Fresh,black_round_fresh_IMG_20250412_115917_TIMEBURST12_3772_horizontal_flip_iter3.jpg,JPG,1609x1609,24,Xiaomi,2312DRAABI,72,f/0.0,54,Daylight,16,29-05-2025 09:42
Black Round Fresh,black_round_fresh_IMG_20250412_115917_TIMEBURST11_4648_rgb_shift_iter4.jpg,JPG,1532x1532,24,Xiaomi,2312DRAABI,72,f/0.0,53,Daylight,16,29-05-2025 09:42
Black Round Fresh,black_round_fresh_IMG_20250412_115917_TIMEBURST13_4016_brightness_contrast_iter3.jpg,JPG,1532x1532,24,Xiaomi,2312DRAABI,72,f/0.0,50,Daylight,16,29-05-2025 09:42
Black Round Fresh,black_round_fresh_IMG_20250412_115917_TIMEBURST12_3772_brightness_contrast_iter3.jpg,JPG,1609x1609,24,Xiaomi,2312DRAABI,72,f/0.0,52,Daylight,16,29-05-2025 09:42
Black Round Fresh,black_round_fresh_IMG_20250412_115917_TIMEBURST11_4648_rotate_iter5.jpg,JPG,1532x1532,24,Xiaomi,2312DRAABI,72,f/0.0,51,Daylight,16,29-05-2025 09:42
Black Round Fresh,black_round_fresh_IMG_20250412_115917_TIMEBURST13_4016_gamma_iter3.jpg,JPG,1532x1532,24,Xiaomi,2312DRAABI,72,f/0.0,50,Daylight,16,29-05-2025 09:42
Black Round Fresh,black_round_fresh_IMG_20250412_115917_TIMEBURST12_3772_gamma_iter3.jpg,JPG,1609x1609,24,Xiaomi,2312DRAABI,72,f/0.0,51,Daylight,16,29-05-2025 09:42
Black Round Fresh,black_round_fresh_IMG_20250412_115917_TIMEBURST11_4648_horizontal_flip_iter5.jpg,JPG,1532x1532,24,Xiaomi,2312DRAABI,72,f/0.0,53,Daylight,16,29-05-2025 09:42
Black Round Fresh,black_round_fresh_IMG_20250412_115917_TIMEBURST11_4648_brightness_contrast_iter5.jpg,JPG,1532x1532,24,Xiaomi,2312DRAABI,72,f/0.0,53,Daylight,16,29-05-2025 09:42
Black Round Fresh,black_round_fresh_IMG_20250412_115917_TIMEBURST13_4016_rgb_shift_iter3.jpg,JPG,1532x1532,24,Xiaomi,2312DRAABI,72,f/0.0,53,Daylight,16,29-05-2025 09:42
Black Round Fresh,black_round_fresh_IMG_20250412_115917_TIMEBURST12_3772_rgb_shift_iter3.jpg,JPG,1609x1609,24,Xiaomi,2312DRAABI,72,f/0.0,53,Daylight,16,29-05-2025 09:42
Black Round Fresh,black_round_fresh_IMG_20250412_115917_TIMEBURST11_4648_gamma_iter5.jpg,JPG,1532x1532,24,Xiaomi,2312DRAABI,72,f/0.0,53,Daylight,16,29-05-2025 09:42
Black Round Fresh,black_round_fresh_IMG_20250412_115917_TIMEBURST12_3772_rotate_iter4.jpg,JPG,1609x1609,24,Xiaomi,2312DRAABI,72,f/0.0,51,Daylight,16,29-05-2025 09:42
Black Round Fresh,black_round_fresh_IMG_20250412_115917_TIMEBURST13_4016_rotate_iter4.jpg,JPG,1532x1532,24,Xiaomi,2312DRAABI,72,f/0.0,53,Daylight,16,29-05-2025 09:42
Black Round Fresh,black_round_fresh_IMG_20250412_115917_TIMEBURST13_4016_horizontal_flip_iter4.jpg,JPG,1532x1532,24,Xiaomi,2312DRAABI,72,f/0.0,51,Daylight,16,29-05-2025 09:42
Black Round Fresh,black_round_fresh_IMG_20250412_115917_TIMEBURST12_3772_horizontal_flip_iter4.jpg,JPG,1609x1609,24,Xiaomi,2312DRAABI,72,f/0.0,51,Daylight,16,29-05-2025 09:42
Black Round Fresh,black_round_fresh_IMG_20250412_115917_TIMEBURST11_4648_rgb_shift_iter5.jpg,JPG,1532x1532,24,Xiaomi,2312DRAABI,72,f/0.0,53,Daylight,16,29-05-2025 09:42
Black Round Fresh,black_round_fresh_IMG_20250412_115917_TIMEBURST13_4016_brightness_contrast_iter4.jpg,JPG,1532x1532,24,Xiaomi,2312DRAABI,72,f/0.0,52,Daylight,16,29-05-2025 09:42
Black Round Fresh,black_round_fresh_IMG_20250412_115917_TIMEBURST12_3772_brightness_contrast_iter4.jpg,JPG,1609x1609,24,Xiaomi,2312DRAABI,72,f/0.0,53,Daylight,16,29-05-2025 09:42
Black Round Fresh,black_round_fresh_IMG_20250412_115917_TIMEBURST13_4016_gamma_iter4.jpg,JPG,1532x1532,24,Xiaomi,2312DRAABI,72,f/0.0,53,Daylight,16,29-05-2025 09:42
Black Round Fresh,black_round_fresh_IMG_20250412_115917_TIMEBURST12_3772_gamma_iter4.jpg,JPG,1609x1609,24,Xiaomi,2312DRAABI,72,f/0.0,53,Daylight,16,29-05-2025 09:42
Black Round Fresh,black_round_fresh_IMG_20250412_115917_TIMEBURST13_4016_rgb_shift_iter4.jpg,JPG,1532x1532,24,Xiaomi,2312DRAABI,72,f/0.0,51,Daylight,16,29-05-2025 09:42
Black Round Fresh,black_round_fresh_IMG_20250412_115917_TIMEBURST12_3772_rgb_shift_iter4.jpg,JPG,1609x1609,24,Xiaomi,2312DRAABI,72,f/0.0,51,Daylight,16,29-05-2025 09:42
Black Round Fresh,black_round_fresh_IMG_20250412_115917_TIMEBURST14_3922_rotate_iter1.jpg,JPG,1596x1596,24,Xiaomi,2312DRAABI,72,f/0.0,50,Daylight,16,29-05-2025 09:42
Black Round Fresh,black_round_fresh_IMG_20250412_115917_TIMEBURST13_4016_rotate_iter5.jpg,JPG,1532x1532,24,Xiaomi,2312DRAABI,72,f/0.0,52,Daylight,16,29-05-2025 09:42
Black Round Fresh,black_round_fresh_IMG_20250412_115917_TIMEBURST12_3772_rotate_iter5.jpg,JPG,1609x1609,24,Xiaomi,2312DRAABI,72,f/0.0,52,Daylight,16,29-05-2025 09:42
Black Round Fresh,black_round_fresh_IMG_20250412_115917_TIMEBURST14_3922_horizontal_flip_iter1.jpg,JPG,1596x1596,24,Xiaomi,2312DRAABI,72,f/0.0,52,Daylight,16,29-05-2025 09:42
Black Round Fresh,black_round_fresh_IMG_20250412_115917_TIMEBURST13_4016_horizontal_flip_iter5.jpg,JPG,1532x1532,24,Xiaomi,2312DRAABI,72,f/0.0,52,Daylight,16,29-05-2025 09:42
Black Round Fresh,black_round_fresh_IMG_20250412_115917_TIMEBURST12_3772_horizontal_flip_iter5.jpg,JPG,1609x1609,24,Xiaomi,2312DRAABI,72,f/0.0,51,Daylight,16,29-05-2025 09:42
Black Round Fresh,black_round_fresh_IMG_20250412_115917_TIMEBURST13_4016_brightness_contrast_iter5.jpg,JPG,1532x1532,24,Xiaomi,2312DRAABI,72,f/0.0,53,Daylight,16,29-05-2025 09:42
Black Round Fresh,black_round_fresh_IMG_20250412_115917_TIMEBURST14_3922_brightness_contrast_iter1.jpg,JPG,1596x1596,24,Xiaomi,2312DRAABI,72,f/0.0,53,Daylight,16,29-05-2025 09:42
Black Round Fresh,black_round_fresh_IMG_20250412_115917_TIMEBURST12_3772_brightness_contrast_iter5.jpg,JPG,1609x1609,24,Xiaomi,2312DRAABI,72,f/0.0,51,Daylight,16,29-05-2025 09:42
Black Round Fresh,black_round_fresh_IMG_20250412_115917_TIMEBURST14_3922_gamma_iter1.jpg,JPG,1596x1596,24,Xiaomi,2312DRAABI,72,f/0.0,53,Daylight,16,29-05-2025 09:42
Black Round Fresh,black_round_fresh_IMG_20250412_115917_TIMEBURST13_4016_gamma_iter5.jpg,JPG,1532x1532,24,Xiaomi,2312DRAABI,72,f/0.0,54,Daylight,16,29-05-2025 09:42
Black Round Fresh,black_round_fresh_IMG_20250412_115917_TIMEBURST12_3772_gamma_iter5.jpg,JPG,1609x1609,24,Xiaomi,2312DRAABI,72,f/0.0,53,Daylight,16,29-05-2025 09:42
Black Round Fresh,black_round_fresh_IMG_20250412_115917_TIMEBURST14_3922_rgb_shift_iter1.jpg,JPG,1596x1596,24,Xiaomi,2312DRAABI,72,f/0.0,51,Daylight,16,29-05-2025 09:42
Black Round Fresh,black_round_fresh_IMG_20250412_115917_TIMEBURST13_4016_rgb_shift_iter5.jpg,JPG,1532x1532,24,Xiaomi,2312DRAABI,72,f/0.0,53,Daylight,16,29-05-2025 09:42
Black Round Fresh,black_round_fresh_IMG_20250412_115917_TIMEBURST12_3772_rgb_shift_iter5.jpg,JPG,1609x1609,24,Xiaomi,2312DRAABI,72,f/0.0,52,Daylight,16,29-05-2025 09:42
Black Round Fresh,black_round_fresh_IMG_20250412_115917_TIMEBURST14_3922_rotate_iter2.jpg,JPG,1596x1596,24,Xiaomi,2312DRAABI,72,f/0.0,50,Daylight,16,29-05-2025 09:42
Black Round Fresh,black_round_fresh_IMG_20250412_115917_TIMEBURST14_3922_horizontal_flip_iter2.jpg,JPG,1596x1596,24,Xiaomi,2312DRAABI,72,f/0.0,52,Daylight,16,29-05-2025 09:42
Black Round Fresh,black_round_fresh_IMG_20250412_115917_TIMEBURST15_4447_rotate_iter1.jpg,JPG,1953x1953,24,Xiaomi,2312DRAABI,72,f/0.0,52,Daylight,16,29-05-2025 09:42
Black Round Fresh,black_round_fresh_IMG_20250412_115917_TIMEBURST14_3922_brightness_contrast_iter2.jpg,JPG,1596x1596,24,Xiaomi,2312DRAABI,72,f/0.0,51,Daylight,16,29-05-2025 09:42
Black Round Fresh,black_round_fresh_IMG_20250412_115917_TIMEBURST14_3922_gamma_iter2.jpg,JPG,1596x1596,24,Xiaomi,2312DRAABI,72,f/0.0,51,Daylight,16,29-05-2025 09:42
Black Round Fresh,black_round_fresh_IMG_20250412_115917_TIMEBURST15_4447_horizontal_flip_iter1.jpg,JPG,1953x1953,24,Xiaomi,2312DRAABI,72,f/0.0,51,Daylight,16,29-05-2025 09:42
Black Round Fresh,black_round_fresh_IMG_20250412_115917_TIMEBURST14_3922_rgb_shift_iter2.jpg,JPG,1596x1596,24,Xiaomi,2312DRAABI,72,f/0.0,53,Daylight,16,29-05-2025 09:42
Black Round Fresh,black_round_fresh_IMG_20250412_115917_TIMEBURST15_4447_brightness_contrast_iter1.jpg,JPG,1953x1953,24,Xiaomi,2312DRAABI,72,f/0.0,51,Daylight,16,29-05-2025 09:42
Black Round Fresh,black_round_fresh_IMG_20250412_115917_TIMEBURST14_3922_rotate_iter3.jpg,JPG,1596x1596,24,Xiaomi,2312DRAABI,72,f/0.0,50,Daylight,16,29-05-2025 09:42
Black Round Fresh,black_round_fresh_IMG_20250412_115917_TIMEBURST15_4447_gamma_iter1.jpg,JPG,1953x1953,24,Xiaomi,2312DRAABI,72,f/0.0,51,Daylight,16,29-05-2025 09:42
Black Round Fresh,black_round_fresh_IMG_20250412_115917_TIMEBURST14_3922_horizontal_flip_iter3.jpg,JPG,1596x1596,24,Xiaomi,2312DRAABI,72,f/0.0,51,Daylight,16,29-05-2025 09:42
Black Round Fresh,black_round_fresh_IMG_20250412_115917_TIMEBURST14_3922_brightness_contrast_iter3.jpg,JPG,1596x1596,24,Xiaomi,2312DRAABI,72,f/0.0,52,Daylight,16,29-05-2025 09:42
Black Round Fresh,black_round_fresh_IMG_20250412_115917_TIMEBURST15_4447_rgb_shift_iter1.jpg,JPG,1953x1953,24,Xiaomi,2312DRAABI,72,f/0.0,51,Daylight,16,29-05-2025 09:42
Black Round Fresh,black_round_fresh_IMG_20250412_115917_TIMEBURST14_3922_gamma_iter3.jpg,JPG,1596x1596,24,Xiaomi,2312DRAABI,72,f/0.0,52,Daylight,16,29-05-2025 09:42
Black Round Fresh,black_round_fresh_IMG_20250412_115917_TIMEBURST15_4447_rotate_iter2.jpg,JPG,1953x1953,24,Xiaomi,2312DRAABI,72,f/0.0,50,Daylight,16,29-05-2025 09:42
Black Round Fresh,black_round_fresh_IMG_20250412_115917_TIMEBURST14_3922_rgb_shift_iter3.jpg,JPG,1596x1596,24,Xiaomi,2312DRAABI,72,f/0.0,53,Daylight,16,29-05-2025 09:42
Black Round Fresh,black_round_fresh_IMG_20250412_115917_TIMEBURST15_4447_horizontal_flip_iter2.jpg,JPG,1953x1953,24,Xiaomi,2312DRAABI,72,f/0.0,52,Daylight,16,29-05-2025 09:42
Black Round Fresh,black_round_fresh_IMG_20250412_115917_TIMEBURST16_4804_rotate_iter1.jpg,JPG,2203x2203,24,Xiaomi,2312DRAABI,72,f/0.0,52,Daylight,16,29-05-2025 09:42
Black Round Fresh,black_round_fresh_IMG_20250412_115917_TIMEBURST14_3922_rotate_iter4.jpg,JPG,1596x1596,24,Xiaomi,2312DRAABI,72,f/0.0,54,Daylight,16,29-05-2025 09:42
Black Round Fresh,black_round_fresh_IMG_20250412_115917_TIMEBURST15_4447_brightness_contrast_iter2.jpg,JPG,1953x1953,24,Xiaomi,2312DRAABI,72,f/0.0,50,Daylight,16,29-05-2025 09:42
Black Round Fresh,black_round_fresh_IMG_20250412_115917_TIMEBURST16_4804_horizontal_flip_iter1.jpg,JPG,2203x2203,24,Xiaomi,2312DRAABI,72,f/0.0,54,Daylight,16,29-05-2025 09:42
Black Round Fresh,black_round_fresh_IMG_20250412_115917_TIMEBURST14_3922_horizontal_flip_iter4.jpg,JPG,1596x1596,24,Xiaomi,2312DRAABI,72,f/0.0,54,Daylight,16,29-05-2025 09:42
Black Round Fresh,black_round_fresh_IMG_20250412_115917_TIMEBURST15_4447_gamma_iter2.jpg,JPG,1953x1953,24,Xiaomi,2312DRAABI,72,f/0.0,54,Daylight,16,29-05-2025 09:42
Black Round Fresh,black_round_fresh_IMG_20250412_115917_TIMEBURST14_3922_brightness_contrast_iter4.jpg,JPG,1596x1596,24,Xiaomi,2312DRAABI,72,f/0.0,52,Daylight,16,29-05-2025 09:42
Black Round Fresh,black_round_fresh_IMG_20250412_115917_TIMEBURST16_4804_brightness_contrast_iter1.jpg,JPG,2203x2203,24,Xiaomi,2312DRAABI,72,f/0.0,53,Daylight,16,29-05-2025 09:42
Black Round Fresh,black_round_fresh_IMG_20250412_115917_TIMEBURST14_3922_gamma_iter4.jpg,JPG,1596x1596,24,Xiaomi,2312DRAABI,72,f/0.0,53,Daylight,16,29-05-2025 09:42
Black Round Fresh,black_round_fresh_IMG_20250412_115917_TIMEBURST15_4447_rgb_shift_iter2.jpg,JPG,1953x1953,24,Xiaomi,2312DRAABI,72,f/0.0,51,Daylight,16,29-05-2025 09:42
Black Round Fresh,black_round_fresh_IMG_20250412_115917_TIMEBURST16_4804_gamma_iter1.jpg,JPG,2203x2203,24,Xiaomi,2312DRAABI,72,f/0.0,52,Daylight,16,29-05-2025 09:42
Black Round Fresh,black_round_fresh_IMG_20250412_115917_TIMEBURST14_3922_rgb_shift_iter4.jpg,JPG,1596x1596,24,Xiaomi,2312DRAABI,72,f/0.0,50,Daylight,16,29-05-2025 09:42
Black Round Fresh,black_round_fresh_IMG_20250412_115917_TIMEBURST15_4447_rotate_iter3.jpg,JPG,1953x1953,24,Xiaomi,2312DRAABI,72,f/0.0,50,Daylight,16,29-05-2025 09:42
Black Round Fresh,black_round_fresh_IMG_20250412_115917_TIMEBURST14_3922_rotate_iter5.jpg,JPG,1596x1596,24,Xiaomi,2312DRAABI,72,f/0.0,53,Daylight,16,29-05-2025 09:42
Black Round Fresh,black_round_fresh_IMG_20250412_115917_TIMEBURST16_4804_rgb_shift_iter1.jpg,JPG,2203x2203,24,Xiaomi,2312DRAABI,72,f/0.0,52,Daylight,16,29-05-2025 09:42
Black Round Fresh,black_round_fresh_IMG_20250412_115917_TIMEBURST14_3922_horizontal_flip_iter5.jpg,JPG,1596x1596,24,Xiaomi,2312DRAABI,72,f/0.0,54,Daylight,16,29-05-2025 09:42
Black Round Fresh,black_round_fresh_IMG_20250412_115917_TIMEBURST15_4447_horizontal_flip_iter3.jpg,JPG,1953x1953,24,Xiaomi,2312DRAABI,72,f/0.0,51,Daylight,16,29-05-2025 09:42
Black Round Fresh,black_round_fresh_IMG_20250412_115917_TIMEBURST14_3922_brightness_contrast_iter5.jpg,JPG,1596x1596,24,Xiaomi,2312DRAABI,72,f/0.0,53,Daylight,16,29-05-2025 09:42
Black Round Fresh,black_round_fresh_IMG_20250412_115917_TIMEBURST15_4447_brightness_contrast_iter3.jpg,JPG,1953x1953,24,Xiaomi,2312DRAABI,72,f/0.0,52,Daylight,16,29-05-2025 09:42
Black Round Fresh,black_round_fresh_IMG_20250412_115917_TIMEBURST14_3922_gamma_iter5.jpg,JPG,1596x1596,24,Xiaomi,2312DRAABI,72,f/0.0,54,Daylight,16,29-05-2025 09:42
Black Round Fresh,black_round_fresh_IMG_20250412_115917_TIMEBURST16_4804_rotate_iter2.jpg,JPG,2203x2203,24,Xiaomi,2312DRAABI,72,f/0.0,51,Daylight,16,29-05-2025 09:42
Black Round Fresh,black_round_fresh_IMG_20250412_115917_TIMEBURST15_4447_gamma_iter3.jpg,JPG,1953x1953,24,Xiaomi,2312DRAABI,72,f/0.0,51,Daylight,16,29-05-2025 09:42
Black Round Fresh,black_round_fresh_IMG_20250412_115917_TIMEBURST14_3922_rgb_shift_iter5.jpg,JPG,1596x1596,24,Xiaomi,2312DRAABI,72,f/0.0,52,Daylight,16,29-05-2025 09:42
Black Round Fresh,black_round_fresh_IMG_20250412_115917_TIMEBURST16_4804_horizontal_flip_iter2.jpg,JPG,2203x2203,24,Xiaomi,2312DRAABI,72,f/0.0,52,Daylight,16,29-05-2025 09:42
Black Round Fresh,black_round_fresh_IMG_20250412_115917_TIMEBURST15_4447_rgb_shift_iter3.jpg,JPG,1953x1953,24,Xiaomi,2312DRAABI,72,f/0.0,52,Daylight,16,29-05-2025 09:42
Black Round Fresh,black_round_fresh_IMG_20250412_115917_TIMEBURST16_4804_brightness_contrast_iter2.jpg,JPG,2203x2203,24,Xiaomi,2312DRAABI,72,f/0.0,52,Daylight,16,29-05-2025 09:42
Black Round Fresh,black_round_fresh_IMG_20250412_115917_TIMEBURST16_4804_gamma_iter2.jpg,JPG,2203x2203,24,Xiaomi,2312DRAABI,72,f/0.0,50,Daylight,16,29-05-2025 09:42
Black Round Fresh,black_round_fresh_IMG_20250412_115917_TIMEBURST15_4447_rotate_iter4.jpg,JPG,1953x1953,24,Xiaomi,2312DRAABI,72,f/0.0,52,Daylight,16,29-05-2025 09:42
Black Round Fresh,black_round_fresh_IMG_20250412_115917_TIMEBURST17_4589_rotate_iter1.jpg,JPG,1702x1702,24,Xiaomi,2312DRAABI,72,f/0.0,53,Daylight,16,29-05-2025 09:42
Black Round Fresh,black_round_fresh_IMG_20250412_115917_TIMEBURST15_4447_horizontal_flip_iter4.jpg,JPG,1953x1953,24,Xiaomi,2312DRAABI,72,f/0.0,51,Daylight,16,29-05-2025 09:42
Black Round Fresh,black_round_fresh_IMG_20250412_115917_TIMEBURST17_4589_horizontal_flip_iter1.jpg,JPG,1702x1702,24,Xiaomi,2312DRAABI,72,f/0.0,51,Daylight,16,29-05-2025 09:42
Black Round Fresh,black_round_fresh_IMG_20250412_115917_TIMEBURST16_4804_rgb_shift_iter2.jpg,JPG,2203x2203,24,Xiaomi,2312DRAABI,72,f/0.0,51,Daylight,16,29-05-2025 09:42
Black Round Fresh,black_round_fresh_IMG_20250412_115917_TIMEBURST15_4447_brightness_contrast_iter4.jpg,JPG,1953x1953,24,Xiaomi,2312DRAABI,72,f/0.0,51,Daylight,16,29-05-2025 09:42
Black Round Fresh,black_round_fresh_IMG_20250412_115917_TIMEBURST17_4589_brightness_contrast_iter1.jpg,JPG,1702x1702,24,Xiaomi,2312DRAABI,72,f/0.0,51,Daylight,16,29-05-2025 09:42
Black Round Fresh,black_round_fresh_IMG_20250412_115917_TIMEBURST15_4447_gamma_iter4.jpg,JPG,1953x1953,24,Xiaomi,2312DRAABI,72,f/0.0,50,Daylight,16,29-05-2025 09:42
Black Round Fresh,black_round_fresh_IMG_20250412_115917_TIMEBURST17_4589_gamma_iter1.jpg,JPG,1702x1702,24,Xiaomi,2312DRAABI,72,f/0.0,53,Daylight,16,29-05-2025 09:42
Black Round Fresh,black_round_fresh_IMG_20250412_115917_TIMEBURST16_4804_rotate_iter3.jpg,JPG,2203x2203,24,Xiaomi,2312DRAABI,72,f/0.0,52,Daylight,16,29-05-2025 09:42
Black Round Fresh,black_round_fresh_IMG_20250412_115917_TIMEBURST17_4589_rgb_shift_iter1.jpg,JPG,1702x1702,24,Xiaomi,2312DRAABI,72,f/0.0,53,Daylight,16,29-05-2025 09:42
Black Round Fresh,black_round_fresh_IMG_20250412_115917_TIMEBURST15_4447_rgb_shift_iter4.jpg,JPG,1953x1953,24,Xiaomi,2312DRAABI,72,f/0.0,52,Daylight,16,29-05-2025 09:42
Black Round Fresh,black_round_fresh_IMG_20250412_115917_TIMEBURST16_4804_horizontal_flip_iter3.jpg,JPG,2203x2203,24,Xiaomi,2312DRAABI,72,f/0.0,51,Daylight,16,29-05-2025 09:42
Black Round Fresh,black_round_fresh_IMG_20250412_115917_TIMEBURST16_4804_brightness_contrast_iter3.jpg,JPG,2203x2203,24,Xiaomi,2312DRAABI,72,f/0.0,53,Daylight,16,29-05-2025 09:42
Black Round Fresh,black_round_fresh_IMG_20250412_115917_TIMEBURST17_4589_rotate_iter2.jpg,JPG,1702x1702,24,Xiaomi,2312DRAABI,72,f/0.0,51,Daylight,16,29-05-2025 09:42
Black Round Fresh,black_round_fresh_IMG_20250412_115917_TIMEBURST17_4589_horizontal_flip_iter2.jpg,JPG,1702x1702,24,Xiaomi,2312DRAABI,72,f/0.0,51,Daylight,16,29-05-2025 09:42
Black Round Fresh,black_round_fresh_IMG_20250412_115917_TIMEBURST16_4804_gamma_iter3.jpg,JPG,2203x2203,24,Xiaomi,2312DRAABI,72,f/0.0,52,Daylight,16,29-05-2025 09:42
Black Round Fresh,black_round_fresh_IMG_20250412_115917_TIMEBURST15_4447_rotate_iter5.jpg,JPG,1953x1953,24,Xiaomi,2312DRAABI,72,f/0.0,51,Daylight,16,29-05-2025 09:42
Black Round Fresh,black_round_fresh_IMG_20250412_115917_TIMEBURST17_4589_brightness_contrast_iter2.jpg,JPG,1702x1702,24,Xiaomi,2312DRAABI,72,f/0.0,51,Daylight,16,29-05-2025 09:42
Black Round Fresh,black_round_fresh_IMG_20250412_115917_TIMEBURST18_4269_rotate_iter1.jpg,JPG,1702x1702,24,Xiaomi,2312DRAABI,72,f/0.0,51,Daylight,16,29-05-2025 09:42
Black Round Fresh,black_round_fresh_IMG_20250412_115917_TIMEBURST17_4589_gamma_iter2.jpg,JPG,1702x1702,24,Xiaomi,2312DRAABI,72,f/0.0,51,Daylight,16,29-05-2025 09:42
Black Round Fresh,black_round_fresh_IMG_20250412_115917_TIMEBURST15_4447_horizontal_flip_iter5.jpg,JPG,1953x1953,24,Xiaomi,2312DRAABI,72,f/0.0,50,Daylight,16,29-05-2025 09:42
Black Round Fresh,black_round_fresh_IMG_20250412_115917_TIMEBURST18_4269_horizontal_flip_iter1.jpg,JPG,1702x1702,24,Xiaomi,2312DRAABI,72,f/0.0,52,Daylight,16,29-05-2025 09:42
Black Round Fresh,black_round_fresh_IMG_20250412_115917_TIMEBURST16_4804_rgb_shift_iter3.jpg,JPG,2203x2203,24,Xiaomi,2312DRAABI,72,f/0.0,54,Daylight,16,29-05-2025 09:42
Black Round Fresh,black_round_fresh_IMG_20250412_115917_TIMEBURST15_4447_brightness_contrast_iter5.jpg,JPG,1953x1953,24,Xiaomi,2312DRAABI,72,f/0.0,52,Daylight,16,29-05-2025 09:42
Black Round Fresh,black_round_fresh_IMG_20250412_115917_TIMEBURST18_4269_brightness_contrast_iter1.jpg,JPG,1702x1702,24,Xiaomi,2312DRAABI,72,f/0.0,52,Daylight,16,29-05-2025 09:42
Black Round Fresh,black_round_fresh_IMG_20250412_115917_TIMEBURST17_4589_rgb_shift_iter2.jpg,JPG,1702x1702,24,Xiaomi,2312DRAABI,72,f/0.0,52,Daylight,16,29-05-2025 09:42
Black Round Fresh,black_round_fresh_IMG_20250412_115917_TIMEBURST15_4447_gamma_iter5.jpg,JPG,1953x1953,24,Xiaomi,2312DRAABI,72,f/0.0,50,Daylight,16,29-05-2025 09:42
Black Round Fresh,black_round_fresh_IMG_20250412_115917_TIMEBURST18_4269_gamma_iter1.jpg,JPG,1702x1702,24,Xiaomi,2312DRAABI,72,f/0.0,51,Daylight,16,29-05-2025 09:42
Black Round Fresh,black_round_fresh_IMG_20250412_115917_TIMEBURST16_4804_rotate_iter4.jpg,JPG,2203x2203,24,Xiaomi,2312DRAABI,72,f/0.0,53,Daylight,16,29-05-2025 09:42
Black Round Fresh,black_round_fresh_IMG_20250412_115917_TIMEBURST17_4589_rotate_iter3.jpg,JPG,1702x1702,24,Xiaomi,2312DRAABI,72,f/0.0,53,Daylight,16,29-05-2025 09:42
Black Round Fresh,black_round_fresh_IMG_20250412_115917_TIMEBURST18_4269_rgb_shift_iter1.jpg,JPG,1702x1702,24,Xiaomi,2312DRAABI,72,f/0.0,52,Daylight,16,29-05-2025 09:42
Black Round Fresh,black_round_fresh_IMG_20250412_115917_TIMEBURST15_4447_rgb_shift_iter5.jpg,JPG,1953x1953,24,Xiaomi,2312DRAABI,72,f/0.0,52,Daylight,16,29-05-2025 09:42
Black Round Fresh,black_round_fresh_IMG_20250412_115917_TIMEBURST16_4804_horizontal_flip_iter4.jpg,JPG,2203x2203,24,Xiaomi,2312DRAABI,72,f/0.0,51,Daylight,16,29-05-2025 09:42
Black Round Fresh,black_round_fresh_IMG_20250412_115917_TIMEBURST17_4589_horizontal_flip_iter3.jpg,JPG,1702x1702,24,Xiaomi,2312DRAABI,72,f/0.0,54,Daylight,16,29-05-2025 09:42
Black Round Fresh,black_round_fresh_IMG_20250412_115917_TIMEBURST18_4269_rotate_iter2.jpg,JPG,1702x1702,24,Xiaomi,2312DRAABI,72,f/0.0,53,Daylight,16,29-05-2025 09:42
Black Round Fresh,black_round_fresh_IMG_20250412_115917_TIMEBURST17_4589_brightness_contrast_iter3.jpg,JPG,1702x1702,24,Xiaomi,2312DRAABI,72,f/0.0,50,Daylight,16,29-05-2025 09:42
Black Round Fresh,black_round_fresh_IMG_20250412_115917_TIMEBURST18_4269_horizontal_flip_iter2.jpg,JPG,1702x1702,24,Xiaomi,2312DRAABI,72,f/0.0,52,Daylight,16,29-05-2025 09:42
Black Round Fresh,black_round_fresh_IMG_20250412_115917_TIMEBURST16_4804_brightness_contrast_iter4.jpg,JPG,2203x2203,24,Xiaomi,2312DRAABI,72,f/0.0,51,Daylight,16,29-05-2025 09:42
Black Round Fresh,black_round_fresh_IMG_20250412_115917_TIMEBURST17_4589_gamma_iter3.jpg,JPG,1702x1702,24,Xiaomi,2312DRAABI,72,f/0.0,50,Daylight,16,29-05-2025 09:42
Black Round Fresh,black_round_fresh_IMG_20250412_115917_TIMEBURST18_4269_brightness_contrast_iter2.jpg,JPG,1702x1702,24,Xiaomi,2312DRAABI,72,f/0.0,51,Daylight,16,29-05-2025 09:42
Black Round Fresh,black_round_fresh_IMG_20250412_115917_TIMEBURST16_4804_gamma_iter4.jpg,JPG,2203x2203,24,Xiaomi,2312DRAABI,72,f/0.0,53,Daylight,16,29-05-2025 09:42
Black Round Fresh,black_round_fresh_IMG_20250412_115917_TIMEBURST17_4589_rgb_shift_iter3.jpg,JPG,1702x1702,24,Xiaomi,2312DRAABI,72,f/0.0,53,Daylight,16,29-05-2025 09:42
Black Round Fresh,black_round_fresh_IMG_20250412_115917_TIMEBURST18_4269_gamma_iter2.jpg,JPG,1702x1702,24,Xiaomi,2312DRAABI,72,f/0.0,53,Daylight,16,29-05-2025 09:42
Black Round Fresh,black_round_fresh_IMG_20250412_115917_TIMEBURST17_4589_rotate_iter4.jpg,JPG,1702x1702,24,Xiaomi,2312DRAABI,72,f/0.0,53,Daylight,16,29-05-2025 09:42
Black Round Fresh,black_round_fresh_IMG_20250412_115917_TIMEBURST17_4589_horizontal_flip_iter4.jpg,JPG,1702x1702,24,Xiaomi,2312DRAABI,72,f/0.0,53,Daylight,16,29-05-2025 09:42
Black Round Fresh,black_round_fresh_IMG_20250412_115917_TIMEBURST16_4804_rgb_shift_iter4.jpg,JPG,2203x2203,24,Xiaomi,2312DRAABI,72,f/0.0,51,Daylight,16,29-05-2025 09:42
Black Round Fresh,black_round_fresh_IMG_20250412_115917_TIMEBURST18_4269_rgb_shift_iter2.jpg,JPG,1702x1702,24,Xiaomi,2312DRAABI,72,f/0.0,53,Daylight,16,29-05-2025 09:42
Black Round Fresh,black_round_fresh_IMG_20250412_115917_TIMEBURST17_4589_brightness_contrast_iter4.jpg,JPG,1702x1702,24,Xiaomi,2312DRAABI,72,f/0.0,51,Daylight,16,29-05-2025 09:42
Black Round Fresh,black_round_fresh_IMG_20250412_115917_TIMEBURST17_4589_gamma_iter4.jpg,JPG,1702x1702,24,Xiaomi,2312DRAABI,72,f/0.0,51,Daylight,16,29-05-2025 09:42
Black Round Fresh,black_round_fresh_IMG_20250412_115917_TIMEBURST16_4804_rotate_iter5.jpg,JPG,2203x2203,24,Xiaomi,2312DRAABI,72,f/0.0,53,Daylight,16,29-05-2025 09:42
Black Round Fresh,black_round_fresh_IMG_20250412_115917_TIMEBURST18_4269_rotate_iter3.jpg,JPG,1702x1702,24,Xiaomi,2312DRAABI,72,f/0.0,52,Daylight,16,29-05-2025 09:42
Black Round Fresh,black_round_fresh_IMG_20250412_115917_TIMEBURST17_4589_rgb_shift_iter4.jpg,JPG,1702x1702,24,Xiaomi,2312DRAABI,72,f/0.0,53,Daylight,16,29-05-2025 09:42
Black Round Fresh,black_round_fresh_IMG_20250412_115917_TIMEBURST16_4804_horizontal_flip_iter5.jpg,JPG,2203x2203,24,Xiaomi,2312DRAABI,72,f/0.0,53,Daylight,16,29-05-2025 09:42
Black Round Fresh,black_round_fresh_IMG_20250412_115917_TIMEBURST18_4269_horizontal_flip_iter3.jpg,JPG,1702x1702,24,Xiaomi,2312DRAABI,72,f/0.0,53,Daylight,16,29-05-2025 09:42
Black Round Fresh,black_round_fresh_IMG_20250412_115917_TIMEBURST17_4589_rotate_iter5.jpg,JPG,1702x1702,24,Xiaomi,2312DRAABI,72,f/0.0,51,Daylight,16,29-05-2025 09:42
Black Round Fresh,black_round_fresh_IMG_20250412_115917_TIMEBURST18_4269_brightness_contrast_iter3.jpg,JPG,1702x1702,24,Xiaomi,2312DRAABI,72,f/0.0,51,Daylight,16,29-05-2025 09:42
Black Round Fresh,black_round_fresh_IMG_20250412_115917_TIMEBURST17_4589_horizontal_flip_iter5.jpg,JPG,1702x1702,24,Xiaomi,2312DRAABI,72,f/0.0,50,Daylight,16,29-05-2025 09:42
Black Round Fresh,black_round_fresh_IMG_20250412_115917_TIMEBURST16_4804_brightness_contrast_iter5.jpg,JPG,2203x2203,24,Xiaomi,2312DRAABI,72,f/0.0,52,Daylight,16,29-05-2025 09:42
Black Round Fresh,black_round_fresh_IMG_20250412_115917_TIMEBURST18_4269_gamma_iter3.jpg,JPG,1702x1702,24,Xiaomi,2312DRAABI,72,f/0.0,52,Daylight,16,29-05-2025 09:42
Black Round Fresh,black_round_fresh_IMG_20250412_115917_TIMEBURST17_4589_brightness_contrast_iter5.jpg,JPG,1702x1702,24,Xiaomi,2312DRAABI,72,f/0.0,52,Daylight,16,29-05-2025 09:42
Black Round Fresh,black_round_fresh_IMG_20250412_115917_TIMEBURST16_4804_gamma_iter5.jpg,JPG,2203x2203,24,Xiaomi,2312DRAABI,72,f/0.0,52,Daylight,16,29-05-2025 09:42
Black Round Fresh,black_round_fresh_IMG_20250412_115917_TIMEBURST17_4589_gamma_iter5.jpg,JPG,1702x1702,24,Xiaomi,2312DRAABI,72,f/0.0,51,Daylight,16,29-05-2025 09:42
Black Round Fresh,black_round_fresh_IMG_20250412_115917_TIMEBURST18_4269_rgb_shift_iter3.jpg,JPG,1702x1702,24,Xiaomi,2312DRAABI,72,f/0.0,53,Daylight,16,29-05-2025 09:42
Black Round Fresh,black_round_fresh_IMG_20250412_115917_TIMEBURST16_4804_rgb_shift_iter5.jpg,JPG,2203x2203,24,Xiaomi,2312DRAABI,72,f/0.0,53,Daylight,16,29-05-2025 09:42
Black Round Fresh,black_round_fresh_IMG_20250412_115917_TIMEBURST17_4589_rgb_shift_iter5.jpg,JPG,1702x1702,24,Xiaomi,2312DRAABI,72,f/0.0,51,Daylight,16,29-05-2025 09:42
Black Round Fresh,black_round_fresh_IMG_20250412_115917_TIMEBURST18_4269_rotate_iter4.jpg,JPG,1702x1702,24,Xiaomi,2312DRAABI,72,f/0.0,53,Daylight,16,29-05-2025 09:42
Black Round Fresh,black_round_fresh_IMG_20250412_115917_TIMEBURST19_4257_rotate_iter1.jpg,JPG,1698x1698,24,Xiaomi,2312DRAABI,72,f/0.0,54,Daylight,16,29-05-2025 09:42
Black Round Fresh,black_round_fresh_IMG_20250412_115917_TIMEBURST18_4269_horizontal_flip_iter4.jpg,JPG,1702x1702,24,Xiaomi,2312DRAABI,72,f/0.0,53,Daylight,16,29-05-2025 09:42
Black Round Fresh,black_round_fresh_IMG_20250412_115917_TIMEBURST19_4257_horizontal_flip_iter1.jpg,JPG,1698x1698,24,Xiaomi,2312DRAABI,72,f/0.0,51,Daylight,16,29-05-2025 09:42
Black Round Fresh,black_round_fresh_IMG_20250412_115917_TIMEBURST19_4257_brightness_contrast_iter1.jpg,JPG,1698x1698,24,Xiaomi,2312DRAABI,72,f/0.0,53,Daylight,16,29-05-2025 09:42
Black Round Fresh,black_round_fresh_IMG_20250412_115917_TIMEBURST18_4269_brightness_contrast_iter4.jpg,JPG,1702x1702,24,Xiaomi,2312DRAABI,72,f/0.0,52,Daylight,16,29-05-2025 09:42
Black Round Fresh,black_round_fresh_IMG_20250412_115917_TIMEBURST18_4269_gamma_iter4.jpg,JPG,1702x1702,24,Xiaomi,2312DRAABI,72,f/0.0,50,Daylight,16,29-05-2025 09:42
Black Round Fresh,black_round_fresh_IMG_20250412_115917_TIMEBURST19_4257_gamma_iter1.jpg,JPG,1698x1698,24,Xiaomi,2312DRAABI,72,f/0.0,52,Daylight,16,29-05-2025 09:42
Black Round Fresh,black_round_fresh_IMG_20250412_115917_TIMEBURST18_4269_rgb_shift_iter4.jpg,JPG,1702x1702,24,Xiaomi,2312DRAABI,72,f/0.0,52,Daylight,16,29-05-2025 09:42
Black Round Fresh,black_round_fresh_IMG_20250412_115917_TIMEBURST19_4257_rgb_shift_iter1.jpg,JPG,1698x1698,24,Xiaomi,2312DRAABI,72,f/0.0,51,Daylight,16,29-05-2025 09:42
Black Round Fresh,black_round_fresh_IMG_20250412_115917_TIMEBURST18_4269_rotate_iter5.jpg,JPG,1702x1702,24,Xiaomi,2312DRAABI,72,f/0.0,51,Daylight,16,29-05-2025 09:42
Black Round Fresh,black_round_fresh_IMG_20250412_115917_TIMEBURST19_4257_rotate_iter2.jpg,JPG,1698x1698,24,Xiaomi,2312DRAABI,72,f/0.0,51,Daylight,16,29-05-2025 09:42
Black Round Fresh,black_round_fresh_IMG_20250412_115917_TIMEBURST18_4269_horizontal_flip_iter5.jpg,JPG,1702x1702,24,Xiaomi,2312DRAABI,72,f/0.0,53,Daylight,16,29-05-2025 09:42
Black Round Fresh,black_round_fresh_IMG_20250412_115917_TIMEBURST19_4257_horizontal_flip_iter2.jpg,JPG,1698x1698,24,Xiaomi,2312DRAABI,72,f/0.0,51,Daylight,16,29-05-2025 09:42
Black Round Fresh,black_round_fresh_IMG_20250412_115917_TIMEBURST18_4269_brightness_contrast_iter5.jpg,JPG,1702x1702,24,Xiaomi,2312DRAABI,72,f/0.0,50,Daylight,16,29-05-2025 09:42
Black Round Fresh,black_round_fresh_IMG_20250412_115917_TIMEBURST19_4257_brightness_contrast_iter2.jpg,JPG,1698x1698,24,Xiaomi,2312DRAABI,72,f/0.0,51,Daylight,16,29-05-2025 09:42
Black Round Fresh,black_round_fresh_IMG_20250412_115917_TIMEBURST18_4269_gamma_iter5.jpg,JPG,1702x1702,24,Xiaomi,2312DRAABI,72,f/0.0,51,Daylight,16,29-05-2025 09:42
Black Round Fresh,black_round_fresh_IMG_20250412_115917_TIMEBURST19_4257_gamma_iter2.jpg,JPG,1698x1698,24,Xiaomi,2312DRAABI,72,f/0.0,52,Daylight,16,29-05-2025 09:42
Black Round Fresh,black_round_fresh_IMG_20250412_115917_TIMEBURST18_4269_rgb_shift_iter5.jpg,JPG,1702x1702,24,Xiaomi,2312DRAABI,72,f/0.0,51,Daylight,16,29-05-2025 09:42
Black Round Fresh,black_round_fresh_IMG_20250412_115917_TIMEBURST19_4257_rgb_shift_iter2.jpg,JPG,1698x1698,24,Xiaomi,2312DRAABI,72,f/0.0,52,Daylight,16,29-05-2025 09:42
Black Round Fresh,black_round_fresh_IMG_20250412_115917_TIMEBURST19_4257_rotate_iter3.jpg,JPG,1698x1698,24,Xiaomi,2312DRAABI,72,f/0.0,50,Daylight,16,29-05-2025 09:42
Black Round Fresh,black_round_fresh_IMG_20250412_115917_TIMEBURST19_4257_horizontal_flip_iter3.jpg,JPG,1698x1698,24,Xiaomi,2312DRAABI,72,f/0.0,53,Daylight,16,29-05-2025 09:42
Black Round Fresh,black_round_fresh_IMG_20250412_115917_TIMEBURST19_4257_brightness_contrast_iter3.jpg,JPG,1698x1698,24,Xiaomi,2312DRAABI,72,f/0.0,52,Daylight,16,29-05-2025 09:42
Black Round Fresh,black_round_fresh_IMG_20250412_115917_TIMEBURST19_4257_gamma_iter3.jpg,JPG,1698x1698,24,Xiaomi,2312DRAABI,72,f/0.0,52,Daylight,16,29-05-2025 09:42
Black Round Fresh,black_round_fresh_IMG_20250412_115917_TIMEBURST20_4511_rotate_iter1.jpg,JPG,1616x1616,24,Xiaomi,2312DRAABI,72,f/0.0,54,Daylight,16,29-05-2025 09:42
Black Round Fresh,black_round_fresh_IMG_20250412_115917_TIMEBURST19_4257_rgb_shift_iter3.jpg,JPG,1698x1698,24,Xiaomi,2312DRAABI,72,f/0.0,50,Daylight,16,29-05-2025 09:42
Black Round Fresh,black_round_fresh_IMG_20250412_115917_TIMEBURST20_4511_horizontal_flip_iter1.jpg,JPG,1616x1616,24,Xiaomi,2312DRAABI,72,f/0.0,54,Daylight,16,29-05-2025 09:42
Black Round Fresh,black_round_fresh_IMG_20250412_115917_TIMEBURST19_4257_rotate_iter4.jpg,JPG,1698x1698,24,Xiaomi,2312DRAABI,72,f/0.0,54,Daylight,16,29-05-2025 09:42
Black Round Fresh,black_round_fresh_IMG_20250412_115917_TIMEBURST20_4511_brightness_contrast_iter1.jpg,JPG,1616x1616,24,Xiaomi,2312DRAABI,72,f/0.0,54,Daylight,16,29-05-2025 09:42
Black Round Fresh,black_round_fresh_IMG_20250412_115917_TIMEBURST19_4257_horizontal_flip_iter4.jpg,JPG,1698x1698,24,Xiaomi,2312DRAABI,72,f/0.0,52,Daylight,16,29-05-2025 09:42
Black Round Fresh,black_round_fresh_IMG_20250412_115917_TIMEBURST20_4511_gamma_iter1.jpg,JPG,1616x1616,24,Xiaomi,2312DRAABI,72,f/0.0,53,Daylight,16,29-05-2025 09:42
Black Round Fresh,black_round_fresh_IMG_20250412_115917_TIMEBURST19_4257_brightness_contrast_iter4.jpg,JPG,1698x1698,24,Xiaomi,2312DRAABI,72,f/0.0,53,Daylight,16,29-05-2025 09:42
Black Round Fresh,black_round_fresh_IMG_20250412_115917_TIMEBURST19_4257_gamma_iter4.jpg,JPG,1698x1698,24,Xiaomi,2312DRAABI,72,f/0.0,51,Daylight,16,29-05-2025 09:42
Black Round Fresh,black_round_fresh_IMG_20250412_115917_TIMEBURST20_4511_rgb_shift_iter1.jpg,JPG,1616x1616,24,Xiaomi,2312DRAABI,72,f/0.0,52,Daylight,16,29-05-2025 09:42
Black Round Fresh,black_round_fresh_IMG_20250412_115917_TIMEBURST20_4511_rotate_iter2.jpg,JPG,1616x1616,24,Xiaomi,2312DRAABI,72,f/0.0,50,Daylight,16,29-05-2025 09:42
Black Round Fresh,black_round_fresh_IMG_20250412_115917_TIMEBURST19_4257_rgb_shift_iter4.jpg,JPG,1698x1698,24,Xiaomi,2312DRAABI,72,f/0.0,50,Daylight,16,29-05-2025 09:42
Black Round Fresh,black_round_fresh_IMG_20250412_115917_TIMEBURST20_4511_horizontal_flip_iter2.jpg,JPG,1616x1616,24,Xiaomi,2312DRAABI,72,f/0.0,53,Daylight,16,29-05-2025 09:42
Black Round Fresh,black_round_fresh_IMG_20250412_115917_TIMEBURST19_4257_rotate_iter5.jpg,JPG,1698x1698,24,Xiaomi,2312DRAABI,72,f/0.0,52,Daylight,16,29-05-2025 09:42
Black Round Fresh,black_round_fresh_IMG_20250412_115917_TIMEBURST20_4511_brightness_contrast_iter2.jpg,JPG,1616x1616,24,Xiaomi,2312DRAABI,72,f/0.0,54,Daylight,16,29-05-2025 09:42
Black Round Fresh,black_round_fresh_IMG_20250412_115917_TIMEBURST19_4257_horizontal_flip_iter5.jpg,JPG,1698x1698,24,Xiaomi,2312DRAABI,72,f/0.0,51,Daylight,16,29-05-2025 09:42
Black Round Fresh,black_round_fresh_IMG_20250412_115917_TIMEBURST20_4511_gamma_iter2.jpg,JPG,1616x1616,24,Xiaomi,2312DRAABI,72,f/0.0,53,Daylight,16,29-05-2025 09:42
Black Round Fresh,black_round_fresh_IMG_20250412_115917_TIMEBURST19_4257_brightness_contrast_iter5.jpg,JPG,1698x1698,24,Xiaomi,2312DRAABI,72,f/0.0,52,Daylight,16,29-05-2025 09:42
Black Round Fresh,black_round_fresh_IMG_20250412_115917_TIMEBURST19_4257_gamma_iter5.jpg,JPG,1698x1698,24,Xiaomi,2312DRAABI,72,f/0.0,54,Daylight,16,29-05-2025 09:42
Black Round Fresh,black_round_fresh_IMG_20250412_115917_TIMEBURST20_4511_rgb_shift_iter2.jpg,JPG,1616x1616,24,Xiaomi,2312DRAABI,72,f/0.0,51,Daylight,16,29-05-2025 09:42
Black Round Fresh,black_round_fresh_IMG_20250412_115917_TIMEBURST20_4511_rotate_iter3.jpg,JPG,1616x1616,24,Xiaomi,2312DRAABI,72,f/0.0,51,Daylight,16,29-05-2025 09:42
Black Round Fresh,black_round_fresh_IMG_20250412_115917_TIMEBURST19_4257_rgb_shift_iter5.jpg,JPG,1698x1698,24,Xiaomi,2312DRAABI,72,f/0.0,52,Daylight,16,29-05-2025 09:42
Black Round Fresh,black_round_fresh_IMG_20250412_115917_TIMEBURST20_4511_horizontal_flip_iter3.jpg,JPG,1616x1616,24,Xiaomi,2312DRAABI,72,f/0.0,52,Daylight,16,29-05-2025 09:42
Black Round Fresh,black_round_fresh_IMG_20250412_115917_TIMEBURST20_4511_brightness_contrast_iter3.jpg,JPG,1616x1616,24,Xiaomi,2312DRAABI,72,f/0.0,52,Daylight,16,29-05-2025 09:42
Black Round Fresh,black_round_fresh_IMG_20250412_115917_TIMEBURST20_4511_gamma_iter3.jpg,JPG,1616x1616,24,Xiaomi,2312DRAABI,72,f/0.0,52,Daylight,16,29-05-2025 09:42
Black Round Fresh,black_round_fresh_IMG_20250412_115917_TIMEBURST20_4511_rgb_shift_iter3.jpg,JPG,1616x1616,24,Xiaomi,2312DRAABI,72,f/0.0,50,Daylight,16,29-05-2025 09:42
Black Round Fresh,black_round_fresh_IMG_20250412_115917_TIMEBURST20_4511_rotate_iter4.jpg,JPG,1616x1616,24,Xiaomi,2312DRAABI,72,f/0.0,52,Daylight,16,29-05-2025 09:42
Black Round Fresh,black_round_fresh_IMG_20250412_115917_TIMEBURST20_4511_horizontal_flip_iter4.jpg,JPG,1616x1616,24,Xiaomi,2312DRAABI,72,f/0.0,53,Daylight,16,29-05-2025 09:42
Black Round Fresh,black_round_fresh_IMG_20250412_115917_TIMEBURST20_4511_brightness_contrast_iter4.jpg,JPG,1616x1616,24,Xiaomi,2312DRAABI,72,f/0.0,51,Daylight,16,29-05-2025 09:42
Black Round Fresh,black_round_fresh_IMG_20250412_115917_TIMEBURST20_4511_gamma_iter4.jpg,JPG,1616x1616,24,Xiaomi,2312DRAABI,72,f/0.0,51,Daylight,16,29-05-2025 09:42
Black Round Fresh,black_round_fresh_IMG_20250412_115917_TIMEBURST20_4511_rgb_shift_iter4.jpg,JPG,1616x1616,24,Xiaomi,2312DRAABI,72,f/0.0,51,Daylight,16,29-05-2025 09:42
Black Round Fresh,black_round_fresh_IMG_20250412_115917_TIMEBURST20_4511_rotate_iter5.jpg,JPG,1616x1616,24,Xiaomi,2312DRAABI,72,f/0.0,51,Daylight,16,29-05-2025 09:42
Black Round Fresh,black_round_fresh_IMG_20250412_115917_TIMEBURST20_4511_horizontal_flip_iter5.jpg,JPG,1616x1616,24,Xiaomi,2312DRAABI,72,f/0.0,51,Daylight,16,29-05-2025 09:42
Black Round Fresh,black_round_fresh_IMG_20250412_115917_TIMEBURST20_4511_brightness_contrast_iter5.jpg,JPG,1616x1616,24,Xiaomi,2312DRAABI,72,f/0.0,50,Daylight,16,29-05-2025 09:42
Black Round Fresh,black_round_fresh_IMG_20250412_115917_TIMEBURST20_4511_gamma_iter5.jpg,JPG,1616x1616,24,Xiaomi,2312DRAABI,72,f/0.0,53,Daylight,16,29-05-2025 09:42
Black Round Fresh,black_round_fresh_IMG_20250412_115917_TIMEBURST20_4511_rgb_shift_iter5.jpg,JPG,1616x1616,24,Xiaomi,2312DRAABI,72,f/0.0,52,Daylight,16,29-05-2025 09:42
Black Round Fresh,black_round_fresh_IMG_20250412_115620_TIMEBURST16_2377_brightness_contrast_iter4.jpg,JPG,1242x1242,24,Xiaomi,2312DRAABI,72,f/0.0,53,Daylight,16,29-05-2025 09:42
Black Round Fresh,black_round_fresh_IMG_20250412_115620_TIMEBURST19_2809_gamma_iter3.jpg,JPG,1243x1243,24,Xiaomi,2312DRAABI,72,f/0.0,52,Daylight,16,29-05-2025 09:42
Black Round Fresh,black_round_fresh_IMG_20250412_115620_TIMEBURST17_2786_rotate_iter5.jpg,JPG,1381x1381,24,Xiaomi,2312DRAABI,72,f/0.0,51,Daylight,16,29-05-2025 09:42
Black Round Fresh,black_round_fresh_IMG_20250412_115620_TIMEBURST16_2377_gamma_iter4.jpg,JPG,1242x1242,24,Xiaomi,2312DRAABI,72,f/0.0,53,Daylight,16,29-05-2025 09:42
Black Round Fresh,black_round_fresh_IMG_20250412_115620_TIMEBURST19_2809_rgb_shift_iter3.jpg,JPG,1243x1243,24,Xiaomi,2312DRAABI,72,f/0.0,51,Daylight,16,29-05-2025 09:42
Black Round Fresh,black_round_fresh_IMG_20250412_115620_TIMEBURST17_2786_horizontal_flip_iter5.jpg,JPG,1381x1381,24,Xiaomi,2312DRAABI,72,f/0.0,51,Daylight,16,29-05-2025 09:42
Black Round Fresh,black_round_fresh_IMG_20250412_115620_TIMEBURST16_2377_rgb_shift_iter4.jpg,JPG,1242x1242,24,Xiaomi,2312DRAABI,72,f/0.0,52,Daylight,16,29-05-2025 09:42
Black Round Fresh,black_round_fresh_IMG_20250412_115620_TIMEBURST17_2786_brightness_contrast_iter5.jpg,JPG,1381x1381,24,Xiaomi,2312DRAABI,72,f/0.0,51,Daylight,16,29-05-2025 09:42
Black Round Fresh,black_round_fresh_IMG_20250412_115620_TIMEBURST19_2809_rotate_iter4.jpg,JPG,1243x1243,24,Xiaomi,2312DRAABI,72,f/0.0,51,Daylight,16,29-05-2025 09:42
Black Round Fresh,black_round_fresh_IMG_20250412_115620_TIMEBURST19_2809_horizontal_flip_iter4.jpg,JPG,1243x1243,24,Xiaomi,2312DRAABI,72,f/0.0,51,Daylight,16,29-05-2025 09:42
Black Round Fresh,black_round_fresh_IMG_20250412_115620_TIMEBURST17_2786_gamma_iter5.jpg,JPG,1381x1381,24,Xiaomi,2312DRAABI,72,f/0.0,51,Daylight,16,29-05-2025 09:42
Black Round Fresh,black_round_fresh_IMG_20250412_115620_TIMEBURST16_2377_rotate_iter5.jpg,JPG,1242x1242,24,Xiaomi,2312DRAABI,72,f/0.0,50,Daylight,16,29-05-2025 09:42
Black Round Fresh,black_round_fresh_IMG_20250412_115620_TIMEBURST19_2809_brightness_contrast_iter4.jpg,JPG,1243x1243,24,Xiaomi,2312DRAABI,72,f/0.0,52,Daylight,16,29-05-2025 09:42
Black Round Fresh,black_round_fresh_IMG_20250412_115620_TIMEBURST16_2377_horizontal_flip_iter5.jpg,JPG,1242x1242,24,Xiaomi,2312DRAABI,72,f/0.0,54,Daylight,16,29-05-2025 09:42
Black Round Fresh,black_round_fresh_IMG_20250412_115620_TIMEBURST17_2786_rgb_shift_iter5.jpg,JPG,1381x1381,24,Xiaomi,2312DRAABI,72,f/0.0,52,Daylight,16,29-05-2025 09:42
Black Round Fresh,black_round_fresh_IMG_20250412_115620_TIMEBURST19_2809_gamma_iter4.jpg,JPG,1243x1243,24,Xiaomi,2312DRAABI,72,f/0.0,52,Daylight,16,29-05-2025 09:42
Black Round Fresh,black_round_fresh_IMG_20250412_115620_TIMEBURST16_2377_brightness_contrast_iter5.jpg,JPG,1242x1242,24,Xiaomi,2312DRAABI,72,f/0.0,52,Daylight,16,29-05-2025 09:42
Black Round Fresh,black_round_fresh_IMG_20250412_115620_TIMEBURST19_2809_rgb_shift_iter4.jpg,JPG,1243x1243,24,Xiaomi,2312DRAABI,72,f/0.0,50,Daylight,16,29-05-2025 09:42
Black Round Fresh,black_round_fresh_IMG_20250412_115620_TIMEBURST16_2377_gamma_iter5.jpg,JPG,1242x1242,24,Xiaomi,2312DRAABI,72,f/0.0,51,Daylight,16,29-05-2025 09:42
Black Round Fresh,black_round_fresh_IMG_20250412_115620_TIMEBURST19_2809_rotate_iter5.jpg,JPG,1243x1243,24,Xiaomi,2312DRAABI,72,f/0.0,53,Daylight,16,29-05-2025 09:42
Black Round Fresh,black_round_fresh_IMG_20250412_115620_TIMEBURST16_2377_rgb_shift_iter5.jpg,JPG,1242x1242,24,Xiaomi,2312DRAABI,72,f/0.0,53,Daylight,16,29-05-2025 09:42
Black Round Fresh,black_round_fresh_IMG_20250412_115620_TIMEBURST19_2809_horizontal_flip_iter5.jpg,JPG,1243x1243,24,Xiaomi,2312DRAABI,72,f/0.0,52,Daylight,16,29-05-2025 09:42
Black Round Fresh,black_round_fresh_IMG_20250412_115620_TIMEBURST19_2809_brightness_contrast_iter5.jpg,JPG,1243x1243,24,Xiaomi,2312DRAABI,72,f/0.0,52,Daylight,16,29-05-2025 09:42
Black Round Fresh,black_round_fresh_IMG_20250412_115620_TIMEBURST19_2809_gamma_iter5.jpg,JPG,1243x1243,24,Xiaomi,2312DRAABI,72,f/0.0,51,Daylight,16,29-05-2025 09:42
Black Round Fresh,black_round_fresh_IMG_20250412_115620_TIMEBURST19_2809_rgb_shift_iter5.jpg,JPG,1243x1243,24,Xiaomi,2312DRAABI,72,f/0.0,54,Daylight,16,29-05-2025 09:42
Black Round Fresh,black_round_fresh_IMG_20250412_115620_TIMEBURST20_2277_rotate_iter1.jpg,JPG,1455x1455,24,Xiaomi,2312DRAABI,72,f/0.0,53,Daylight,16,29-05-2025 09:42
Black Round Fresh,black_round_fresh_IMG_20250412_115620_TIMEBURST20_2277_horizontal_flip_iter1.jpg,JPG,1455x1455,24,Xiaomi,2312DRAABI,72,f/0.0,50,Daylight,16,29-05-2025 09:42
Black Round Fresh,black_round_fresh_IMG_20250412_115620_TIMEBURST18_2590_rotate_iter1.jpg,JPG,1162x1162,24,Xiaomi,2312DRAABI,72,f/0.0,52,Daylight,16,29-05-2025 09:42
Black Round Fresh,black_round_fresh_IMG_20250412_115620_TIMEBURST20_2277_brightness_contrast_iter1.jpg,JPG,1455x1455,24,Xiaomi,2312DRAABI,72,f/0.0,51,Daylight,16,29-05-2025 09:42
Black Round Fresh,black_round_fresh_IMG_20250412_115620_TIMEBURST18_2590_horizontal_flip_iter1.jpg,JPG,1162x1162,24,Xiaomi,2312DRAABI,72,f/0.0,50,Daylight,16,29-05-2025 09:42
Black Round Fresh,black_round_fresh_IMG_20250412_115658_TIMEBURST2_2943_rotate_iter1.jpg,JPG,1371x1371,24,Xiaomi,2312DRAABI,72,f/0.0,51,Daylight,16,29-05-2025 09:42
Black Round Fresh,black_round_fresh_IMG_20250412_115620_TIMEBURST20_2277_gamma_iter1.jpg,JPG,1455x1455,24,Xiaomi,2312DRAABI,72,f/0.0,53,Daylight,16,29-05-2025 09:42
Black Round Fresh,black_round_fresh_IMG_20250412_115620_TIMEBURST18_2590_brightness_contrast_iter1.jpg,JPG,1162x1162,24,Xiaomi,2312DRAABI,72,f/0.0,53,Daylight,16,29-05-2025 09:42
Black Round Fresh,black_round_fresh_IMG_20250412_115658_TIMEBURST2_2943_horizontal_flip_iter1.jpg,JPG,1371x1371,24,Xiaomi,2312DRAABI,72,f/0.0,53,Daylight,16,29-05-2025 09:42
Black Round Fresh,black_round_fresh_IMG_20250412_115658_TIMEBURST1_2395_rotate_iter1.jpg,JPG,1181x1181,24,Xiaomi,2312DRAABI,72,f/0.0,53,Daylight,16,29-05-2025 09:42
Black Round Fresh,black_round_fresh_IMG_20250412_115620_TIMEBURST20_2277_rgb_shift_iter1.jpg,JPG,1455x1455,24,Xiaomi,2312DRAABI,72,f/0.0,53,Daylight,16,29-05-2025 09:42
Black Round Fresh,black_round_fresh_IMG_20250412_115658_TIMEBURST2_2943_brightness_contrast_iter1.jpg,JPG,1371x1371,24,Xiaomi,2312DRAABI,72,f/0.0,51,Daylight,16,29-05-2025 09:42
Black Round Fresh,black_round_fresh_IMG_20250412_115620_TIMEBURST18_2590_gamma_iter1.jpg,JPG,1162x1162,24,Xiaomi,2312DRAABI,72,f/0.0,53,Daylight,16,29-05-2025 09:42
Black Round Fresh,black_round_fresh_IMG_20250412_115658_TIMEBURST1_2395_horizontal_flip_iter1.jpg,JPG,1181x1181,24,Xiaomi,2312DRAABI,72,f/0.0,51,Daylight,16,29-05-2025 09:42
Black Round Fresh,black_round_fresh_IMG_20250412_115620_TIMEBURST20_2277_rotate_iter2.jpg,JPG,1455x1455,24,Xiaomi,2312DRAABI,72,f/0.0,51,Daylight,16,29-05-2025 09:42
Black Round Fresh,black_round_fresh_IMG_20250412_115620_TIMEBURST18_2590_rgb_shift_iter1.jpg,JPG,1162x1162,24,Xiaomi,2312DRAABI,72,f/0.0,53,Daylight,16,29-05-2025 09:42
Black Round Fresh,black_round_fresh_IMG_20250412_115658_TIMEBURST2_2943_gamma_iter1.jpg,JPG,1371x1371,24,Xiaomi,2312DRAABI,72,f/0.0,52,Daylight,16,29-05-2025 09:42
Black Round Fresh,black_round_fresh_IMG_20250412_115658_TIMEBURST1_2395_brightness_contrast_iter1.jpg,JPG,1181x1181,24,Xiaomi,2312DRAABI,72,f/0.0,53,Daylight,16,29-05-2025 09:42
Black Round Fresh,black_round_fresh_IMG_20250412_115620_TIMEBURST20_2277_horizontal_flip_iter2.jpg,JPG,1455x1455,24,Xiaomi,2312DRAABI,72,f/0.0,53,Daylight,16,29-05-2025 09:42
Black Round Fresh,black_round_fresh_IMG_20250412_115620_TIMEBURST18_2590_rotate_iter2.jpg,JPG,1162x1162,24,Xiaomi,2312DRAABI,72,f/0.0,53,Daylight,16,29-05-2025 09:42
Black Round Fresh,black_round_fresh_IMG_20250412_115658_TIMEBURST1_2395_gamma_iter1.jpg,JPG,1181x1181,24,Xiaomi,2312DRAABI,72,f/0.0,51,Daylight,16,29-05-2025 09:42
Black Round Fresh,black_round_fresh_IMG_20250412_115620_TIMEBURST18_2590_horizontal_flip_iter2.jpg,JPG,1162x1162,24,Xiaomi,2312DRAABI,72,f/0.0,51,Daylight,16,29-05-2025 09:42
Black Round Fresh,black_round_fresh_IMG_20250412_115658_TIMEBURST2_2943_rgb_shift_iter1.jpg,JPG,1371x1371,24,Xiaomi,2312DRAABI,72,f/0.0,50,Daylight,16,29-05-2025 09:42
Black Round Fresh,black_round_fresh_IMG_20250412_115620_TIMEBURST20_2277_brightness_contrast_iter2.jpg,JPG,1455x1455,24,Xiaomi,2312DRAABI,72,f/0.0,52,Daylight,16,29-05-2025 09:42
Black Round Fresh,black_round_fresh_IMG_20250412_115620_TIMEBURST18_2590_brightness_contrast_iter2.jpg,JPG,1162x1162,24,Xiaomi,2312DRAABI,72,f/0.0,52,Daylight,16,29-05-2025 09:42
Black Round Fresh,black_round_fresh_IMG_20250412_115620_TIMEBURST20_2277_gamma_iter2.jpg,JPG,1455x1455,24,Xiaomi,2312DRAABI,72,f/0.0,52,Daylight,16,29-05-2025 09:42
Black Round Fresh,black_round_fresh_IMG_20250412_115658_TIMEBURST2_2943_rotate_iter2.jpg,JPG,1371x1371,24,Xiaomi,2312DRAABI,72,f/0.0,52,Daylight,16,29-05-2025 09:42
Black Round Fresh,black_round_fresh_IMG_20250412_115658_TIMEBURST1_2395_rgb_shift_iter1.jpg,JPG,1181x1181,24,Xiaomi,2312DRAABI,72,f/0.0,51,Daylight,16,29-05-2025 09:42
Black Round Fresh,black_round_fresh_IMG_20250412_115620_TIMEBURST18_2590_gamma_iter2.jpg,JPG,1162x1162,24,Xiaomi,2312DRAABI,72,f/0.0,53,Daylight,16,29-05-2025 09:42
Black Round Fresh,black_round_fresh_IMG_20250412_115658_TIMEBURST2_2943_horizontal_flip_iter2.jpg,JPG,1371x1371,24,Xiaomi,2312DRAABI,72,f/0.0,53,Daylight,16,29-05-2025 09:42
Black Round Fresh,black_round_fresh_IMG_20250412_115658_TIMEBURST1_2395_rotate_iter2.jpg,JPG,1181x1181,24,Xiaomi,2312DRAABI,72,f/0.0,51,Daylight,16,29-05-2025 09:42
Black Round Fresh,black_round_fresh_IMG_20250412_115620_TIMEBURST20_2277_rgb_shift_iter2.jpg,JPG,1455x1455,24,Xiaomi,2312DRAABI,72,f/0.0,53,Daylight,16,29-05-2025 09:42
Black Round Fresh,black_round_fresh_IMG_20250412_115620_TIMEBURST18_2590_rgb_shift_iter2.jpg,JPG,1162x1162,24,Xiaomi,2312DRAABI,72,f/0.0,54,Daylight,16,29-05-2025 09:42
Black Round Fresh,black_round_fresh_IMG_20250412_115658_TIMEBURST2_2943_brightness_contrast_iter2.jpg,JPG,1371x1371,24,Xiaomi,2312DRAABI,72,f/0.0,53,Daylight,16,29-05-2025 09:42
Black Round Fresh,black_round_fresh_IMG_20250412_115658_TIMEBURST1_2395_horizontal_flip_iter2.jpg,JPG,1181x1181,24,Xiaomi,2312DRAABI,72,f/0.0,51,Daylight,16,29-05-2025 09:42
Black Round Fresh,black_round_fresh_IMG_20250412_115620_TIMEBURST18_2590_rotate_iter3.jpg,JPG,1162x1162,24,Xiaomi,2312DRAABI,72,f/0.0,53,Daylight,16,29-05-2025 09:42
Black Round Fresh,black_round_fresh_IMG_20250412_115620_TIMEBURST20_2277_rotate_iter3.jpg,JPG,1455x1455,24,Xiaomi,2312DRAABI,72,f/0.0,52,Daylight,16,29-05-2025 09:42
Black Round Fresh,black_round_fresh_IMG_20250412_115620_TIMEBURST18_2590_horizontal_flip_iter3.jpg,JPG,1162x1162,24,Xiaomi,2312DRAABI,72,f/0.0,50,Daylight,16,29-05-2025 09:42
Black Round Fresh,black_round_fresh_IMG_20250412_115658_TIMEBURST2_2943_gamma_iter2.jpg,JPG,1371x1371,24,Xiaomi,2312DRAABI,72,f/0.0,52,Daylight,16,29-05-2025 09:42
Black Round Fresh,black_round_fresh_IMG_20250412_115658_TIMEBURST1_2395_brightness_contrast_iter2.jpg,JPG,1181x1181,24,Xiaomi,2312DRAABI,72,f/0.0,52,Daylight,16,29-05-2025 09:42
Black Round Fresh,black_round_fresh_IMG_20250412_115620_TIMEBURST20_2277_horizontal_flip_iter3.jpg,JPG,1455x1455,24,Xiaomi,2312DRAABI,72,f/0.0,51,Daylight,16,29-05-2025 09:42
Black Round Fresh,black_round_fresh_IMG_20250412_115620_TIMEBURST18_2590_brightness_contrast_iter3.jpg,JPG,1162x1162,24,Xiaomi,2312DRAABI,72,f/0.0,51,Daylight,16,29-05-2025 09:42
Black Round Fresh,black_round_fresh_IMG_20250412_115658_TIMEBURST1_2395_gamma_iter2.jpg,JPG,1181x1181,24,Xiaomi,2312DRAABI,72,f/0.0,51,Daylight,16,29-05-2025 09:42
Black Round Fresh,black_round_fresh_IMG_20250412_115620_TIMEBURST20_2277_brightness_contrast_iter3.jpg,JPG,1455x1455,24,Xiaomi,2312DRAABI,72,f/0.0,53,Daylight,16,29-05-2025 09:42
Black Round Fresh,black_round_fresh_IMG_20250412_115620_TIMEBURST18_2590_gamma_iter3.jpg,JPG,1162x1162,24,Xiaomi,2312DRAABI,72,f/0.0,51,Daylight,16,29-05-2025 09:42
Black Round Fresh,black_round_fresh_IMG_20250412_115658_TIMEBURST2_2943_rgb_shift_iter2.jpg,JPG,1371x1371,24,Xiaomi,2312DRAABI,72,f/0.0,50,Daylight,16,29-05-2025 09:42
Black Round Fresh,black_round_fresh_IMG_20250412_115658_TIMEBURST1_2395_rgb_shift_iter2.jpg,JPG,1181x1181,24,Xiaomi,2312DRAABI,72,f/0.0,51,Daylight,16,29-05-2025 09:42
Black Round Fresh,black_round_fresh_IMG_20250412_115620_TIMEBURST20_2277_gamma_iter3.jpg,JPG,1455x1455,24,Xiaomi,2312DRAABI,72,f/0.0,51,Daylight,16,29-05-2025 09:42
Black Round Fresh,black_round_fresh_IMG_20250412_115620_TIMEBURST18_2590_rgb_shift_iter3.jpg,JPG,1162x1162,24,Xiaomi,2312DRAABI,72,f/0.0,52,Daylight,16,29-05-2025 09:42
Black Round Fresh,black_round_fresh_IMG_20250412_115658_TIMEBURST2_2943_rotate_iter3.jpg,JPG,1371x1371,24,Xiaomi,2312DRAABI,72,f/0.0,51,Daylight,16,29-05-2025 09:42
Black Round Fresh,black_round_fresh_IMG_20250412_115620_TIMEBURST18_2590_rotate_iter4.jpg,JPG,1162x1162,24,Xiaomi,2312DRAABI,72,f/0.0,52,Daylight,16,29-05-2025 09:42
Black Round Fresh,black_round_fresh_IMG_20250412_115658_TIMEBURST2_2943_horizontal_flip_iter3.jpg,JPG,1371x1371,24,Xiaomi,2312DRAABI,72,f/0.0,50,Daylight,16,29-05-2025 09:42
Black Round Fresh,black_round_fresh_IMG_20250412_115658_TIMEBURST1_2395_rotate_iter3.jpg,JPG,1181x1181,24,Xiaomi,2312DRAABI,72,f/0.0,53,Daylight,16,29-05-2025 09:42
Black Round Fresh,black_round_fresh_IMG_20250412_115620_TIMEBURST20_2277_rgb_shift_iter3.jpg,JPG,1455x1455,24,Xiaomi,2312DRAABI,72,f/0.0,52,Daylight,16,29-05-2025 09:42
Black Round Fresh,black_round_fresh_IMG_20250412_115620_TIMEBURST18_2590_horizontal_flip_iter4.jpg,JPG,1162x1162,24,Xiaomi,2312DRAABI,72,f/0.0,52,Daylight,16,29-05-2025 09:42
Black Round Fresh,black_round_fresh_IMG_20250412_115658_TIMEBURST1_2395_horizontal_flip_iter3.jpg,JPG,1181x1181,24,Xiaomi,2312DRAABI,72,f/0.0,54,Daylight,16,29-05-2025 09:42
Black Round Fresh,black_round_fresh_IMG_20250412_115658_TIMEBURST2_2943_brightness_contrast_iter3.jpg,JPG,1371x1371,24,Xiaomi,2312DRAABI,72,f/0.0,50,Daylight,16,29-05-2025 09:42
Black Round Fresh,black_round_fresh_IMG_20250412_115620_TIMEBURST18_2590_brightness_contrast_iter4.jpg,JPG,1162x1162,24,Xiaomi,2312DRAABI,72,f/0.0,54,Daylight,16,29-05-2025 09:42
Black Round Fresh,black_round_fresh_IMG_20250412_115620_TIMEBURST20_2277_rotate_iter4.jpg,JPG,1455x1455,24,Xiaomi,2312DRAABI,72,f/0.0,54,Daylight,16,29-05-2025 09:42
Black Round Fresh,black_round_fresh_IMG_20250412_115658_TIMEBURST1_2395_brightness_contrast_iter3.jpg,JPG,1181x1181,24,Xiaomi,2312DRAABI,72,f/0.0,54,Daylight,16,29-05-2025 09:42
Black Round Fresh,black_round_fresh_IMG_20250412_115658_TIMEBURST2_2943_gamma_iter3.jpg,JPG,1371x1371,24,Xiaomi,2312DRAABI,72,f/0.0,52,Daylight,16,29-05-2025 09:42
Black Round Fresh,black_round_fresh_IMG_20250412_115620_TIMEBURST18_2590_gamma_iter4.jpg,JPG,1162x1162,24,Xiaomi,2312DRAABI,72,f/0.0,53,Daylight,16,29-05-2025 09:42
Black Round Fresh,black_round_fresh_IMG_20250412_115620_TIMEBURST20_2277_horizontal_flip_iter4.jpg,JPG,1455x1455,24,Xiaomi,2312DRAABI,72,f/0.0,53,Daylight,16,29-05-2025 09:42
Black Round Fresh,black_round_fresh_IMG_20250412_115658_TIMEBURST1_2395_gamma_iter3.jpg,JPG,1181x1181,24,Xiaomi,2312DRAABI,72,f/0.0,51,Daylight,16,29-05-2025 09:42
Black Round Fresh,black_round_fresh_IMG_20250412_115620_TIMEBURST20_2277_brightness_contrast_iter4.jpg,JPG,1455x1455,24,Xiaomi,2312DRAABI,72,f/0.0,52,Daylight,16,29-05-2025 09:42
Black Round Fresh,black_round_fresh_IMG_20250412_115620_TIMEBURST18_2590_rgb_shift_iter4.jpg,JPG,1162x1162,24,Xiaomi,2312DRAABI,72,f/0.0,50,Daylight,16,29-05-2025 09:42
Black Round Fresh,black_round_fresh_IMG_20250412_115658_TIMEBURST1_2395_rgb_shift_iter3.jpg,JPG,1181x1181,24,Xiaomi,2312DRAABI,72,f/0.0,50,Daylight,16,29-05-2025 09:42
Black Round Fresh,black_round_fresh_IMG_20250412_115658_TIMEBURST2_2943_rgb_shift_iter3.jpg,JPG,1371x1371,24,Xiaomi,2312DRAABI,72,f/0.0,53,Daylight,16,29-05-2025 09:42
Black Round Fresh,black_round_fresh_IMG_20250412_115620_TIMEBURST20_2277_gamma_iter4.jpg,JPG,1455x1455,24,Xiaomi,2312DRAABI,72,f/0.0,52,Daylight,16,29-05-2025 09:42
Black Round Fresh,black_round_fresh_IMG_20250412_115620_TIMEBURST18_2590_rotate_iter5.jpg,JPG,1162x1162,24,Xiaomi,2312DRAABI,72,f/0.0,54,Daylight,16,29-05-2025 09:42
Black Round Fresh,black_round_fresh_IMG_20250412_115658_TIMEBURST1_2395_rotate_iter4.jpg,JPG,1181x1181,24,Xiaomi,2312DRAABI,72,f/0.0,51,Daylight,16,29-05-2025 09:42
Black Round Fresh,black_round_fresh_IMG_20250412_115620_TIMEBURST18_2590_horizontal_flip_iter5.jpg,JPG,1162x1162,24,Xiaomi,2312DRAABI,72,f/0.0,53,Daylight,16,29-05-2025 09:42
Black Round Fresh,black_round_fresh_IMG_20250412_115658_TIMEBURST2_2943_rotate_iter4.jpg,JPG,1371x1371,24,Xiaomi,2312DRAABI,72,f/0.0,52,Daylight,16,29-05-2025 09:42
Black Round Fresh,black_round_fresh_IMG_20250412_115620_TIMEBURST20_2277_rgb_shift_iter4.jpg,JPG,1455x1455,24,Xiaomi,2312DRAABI,72,f/0.0,54,Daylight,16,29-05-2025 09:42
Black Round Fresh,black_round_fresh_IMG_20250412_115658_TIMEBURST1_2395_horizontal_flip_iter4.jpg,JPG,1181x1181,24,Xiaomi,2312DRAABI,72,f/0.0,51,Daylight,16,29-05-2025 09:42
Black Round Fresh,black_round_fresh_IMG_20250412_115620_TIMEBURST18_2590_brightness_contrast_iter5.jpg,JPG,1162x1162,24,Xiaomi,2312DRAABI,72,f/0.0,51,Daylight,16,29-05-2025 09:42
Black Round Fresh,black_round_fresh_IMG_20250412_115658_TIMEBURST2_2943_horizontal_flip_iter4.jpg,JPG,1371x1371,24,Xiaomi,2312DRAABI,72,f/0.0,52,Daylight,16,29-05-2025 09:42
Black Round Fresh,black_round_fresh_IMG_20250412_115620_TIMEBURST20_2277_rotate_iter5.jpg,JPG,1455x1455,24,Xiaomi,2312DRAABI,72,f/0.0,52,Daylight,16,29-05-2025 09:42
Black Round Fresh,black_round_fresh_IMG_20250412_115658_TIMEBURST1_2395_brightness_contrast_iter4.jpg,JPG,1181x1181,24,Xiaomi,2312DRAABI,72,f/0.0,52,Daylight,16,29-05-2025 09:42
Black Round Fresh,black_round_fresh_IMG_20250412_115620_TIMEBURST18_2590_gamma_iter5.jpg,JPG,1162x1162,24,Xiaomi,2312DRAABI,72,f/0.0,52,Daylight,16,29-05-2025 09:42
Black Round Fresh,black_round_fresh_IMG_20250412_115658_TIMEBURST2_2943_brightness_contrast_iter4.jpg,JPG,1371x1371,24,Xiaomi,2312DRAABI,72,f/0.0,50,Daylight,16,29-05-2025 09:42
Black Round Fresh,black_round_fresh_IMG_20250412_115620_TIMEBURST20_2277_horizontal_flip_iter5.jpg,JPG,1455x1455,24,Xiaomi,2312DRAABI,72,f/0.0,52,Daylight,16,29-05-2025 09:42
Black Round Fresh,black_round_fresh_IMG_20250412_115658_TIMEBURST1_2395_gamma_iter4.jpg,JPG,1181x1181,24,Xiaomi,2312DRAABI,72,f/0.0,53,Daylight,16,29-05-2025 09:42
Black Round Fresh,black_round_fresh_IMG_20250412_115658_TIMEBURST2_2943_gamma_iter4.jpg,JPG,1371x1371,24,Xiaomi,2312DRAABI,72,f/0.0,51,Daylight,16,29-05-2025 09:42
Black Round Fresh,black_round_fresh_IMG_20250412_115620_TIMEBURST18_2590_rgb_shift_iter5.jpg,JPG,1162x1162,24,Xiaomi,2312DRAABI,72,f/0.0,51,Daylight,16,29-05-2025 09:42
Black Round Fresh,black_round_fresh_IMG_20250412_115620_TIMEBURST20_2277_brightness_contrast_iter5.jpg,JPG,1455x1455,24,Xiaomi,2312DRAABI,72,f/0.0,51,Daylight,16,29-05-2025 09:42
Black Round Fresh,black_round_fresh_IMG_20250412_115658_TIMEBURST1_2395_rgb_shift_iter4.jpg,JPG,1181x1181,24,Xiaomi,2312DRAABI,72,f/0.0,51,Daylight,16,29-05-2025 09:42
Black Round Fresh,black_round_fresh_IMG_20250412_115658_TIMEBURST2_2943_rgb_shift_iter4.jpg,JPG,1371x1371,24,Xiaomi,2312DRAABI,72,f/0.0,51,Daylight,16,29-05-2025 09:42
Black Round Fresh,black_round_fresh_IMG_20250412_115620_TIMEBURST20_2277_gamma_iter5.jpg,JPG,1455x1455,24,Xiaomi,2312DRAABI,72,f/0.0,50,Daylight,16,29-05-2025 09:42
Black Round Fresh,black_round_fresh_IMG_20250412_115658_TIMEBURST1_2395_rotate_iter5.jpg,JPG,1181x1181,24,Xiaomi,2312DRAABI,72,f/0.0,53,Daylight,16,29-05-2025 09:42
Black Round Fresh,black_round_fresh_IMG_20250412_115658_TIMEBURST2_2943_rotate_iter5.jpg,JPG,1371x1371,24,Xiaomi,2312DRAABI,72,f/0.0,52,Daylight,16,29-05-2025 09:42
Black Round Fresh,black_round_fresh_IMG_20250412_115658_TIMEBURST1_2395_horizontal_flip_iter5.jpg,JPG,1181x1181,24,Xiaomi,2312DRAABI,72,f/0.0,53,Daylight,16,29-05-2025 09:42
Black Round Fresh,black_round_fresh_IMG_20250412_115620_TIMEBURST20_2277_rgb_shift_iter5.jpg,JPG,1455x1455,24,Xiaomi,2312DRAABI,72,f/0.0,52,Daylight,16,29-05-2025 09:42
Black Round Fresh,black_round_fresh_IMG_20250412_115658_TIMEBURST1_2395_brightness_contrast_iter5.jpg,JPG,1181x1181,24,Xiaomi,2312DRAABI,72,f/0.0,51,Daylight,16,29-05-2025 09:42
Black Round Fresh,black_round_fresh_IMG_20250412_115658_TIMEBURST2_2943_horizontal_flip_iter5.jpg,JPG,1371x1371,24,Xiaomi,2312DRAABI,72,f/0.0,53,Daylight,16,29-05-2025 09:42
Black Round Fresh,black_round_fresh_IMG_20250412_115658_TIMEBURST1_2395_gamma_iter5.jpg,JPG,1181x1181,24,Xiaomi,2312DRAABI,72,f/0.0,51,Daylight,16,29-05-2025 09:42
Black Round Fresh,black_round_fresh_IMG_20250412_115658_TIMEBURST2_2943_brightness_contrast_iter5.jpg,JPG,1371x1371,24,Xiaomi,2312DRAABI,72,f/0.0,51,Daylight,16,29-05-2025 09:42
Black Round Fresh,black_round_fresh_IMG_20250412_115658_TIMEBURST1_2395_rgb_shift_iter5.jpg,JPG,1181x1181,24,Xiaomi,2312DRAABI,72,f/0.0,52,Daylight,16,29-05-2025 09:42
Black Round Fresh,black_round_fresh_IMG_20250412_115658_TIMEBURST2_2943_gamma_iter5.jpg,JPG,1371x1371,24,Xiaomi,2312DRAABI,72,f/0.0,51,Daylight,16,29-05-2025 09:42
Black Round Fresh,black_round_fresh_IMG_20250412_115658_TIMEBURST2_2943_rgb_shift_iter5.jpg,JPG,1371x1371,24,Xiaomi,2312DRAABI,72,f/0.0,51,Daylight,16,29-05-2025 09:42
Black Round Fresh,black_round_fresh_IMG_20250412_115658_TIMEBURST5_3077_rotate_iter1.jpg,JPG,1177x1177,24,Xiaomi,2312DRAABI,72,f/0.0,51,Daylight,16,29-05-2025 09:42
Black Round Fresh,black_round_fresh_IMG_20250412_115658_TIMEBURST5_3077_horizontal_flip_iter1.jpg,JPG,1177x1177,24,Xiaomi,2312DRAABI,72,f/0.0,51,Daylight,16,29-05-2025 09:42
Black Round Fresh,black_round_fresh_IMG_20250412_115658_TIMEBURST3_3098_rotate_iter1.jpg,JPG,1367x1367,24,Xiaomi,2312DRAABI,72,f/0.0,50,Daylight,16,29-05-2025 09:42
Black Round Fresh,black_round_fresh_IMG_20250412_115658_TIMEBURST5_3077_brightness_contrast_iter1.jpg,JPG,1177x1177,24,Xiaomi,2312DRAABI,72,f/0.0,52,Daylight,16,29-05-2025 09:42
Black Round Fresh,black_round_fresh_IMG_20250412_115658_TIMEBURST3_3098_horizontal_flip_iter1.jpg,JPG,1367x1367,24,Xiaomi,2312DRAABI,72,f/0.0,54,Daylight,16,29-05-2025 09:42
Black Round Fresh,black_round_fresh_IMG_20250412_115658_TIMEBURST5_3077_gamma_iter1.jpg,JPG,1177x1177,24,Xiaomi,2312DRAABI,72,f/0.0,52,Daylight,16,29-05-2025 09:42
Black Round Fresh,black_round_fresh_IMG_20250412_115658_TIMEBURST3_3098_brightness_contrast_iter1.jpg,JPG,1367x1367,24,Xiaomi,2312DRAABI,72,f/0.0,52,Daylight,16,29-05-2025 09:42
Black Round Fresh,black_round_fresh_IMG_20250412_115658_TIMEBURST3_3098_gamma_iter1.jpg,JPG,1367x1367,24,Xiaomi,2312DRAABI,72,f/0.0,52,Daylight,16,29-05-2025 09:42
Black Round Fresh,black_round_fresh_IMG_20250412_115658_TIMEBURST5_3077_rgb_shift_iter1.jpg,JPG,1177x1177,24,Xiaomi,2312DRAABI,72,f/0.0,50,Daylight,16,29-05-2025 09:42
Black Round Fresh,black_round_fresh_IMG_20250412_115658_TIMEBURST5_3077_rotate_iter2.jpg,JPG,1177x1177,24,Xiaomi,2312DRAABI,72,f/0.0,51,Daylight,16,29-05-2025 09:42
Black Round Fresh,black_round_fresh_IMG_20250412_115658_TIMEBURST3_3098_rgb_shift_iter1.jpg,JPG,1367x1367,24,Xiaomi,2312DRAABI,72,f/0.0,53,Daylight,16,29-05-2025 09:42
Black Round Fresh,black_round_fresh_IMG_20250412_115658_TIMEBURST5_3077_horizontal_flip_iter2.jpg,JPG,1177x1177,24,Xiaomi,2312DRAABI,72,f/0.0,53,Daylight,16,29-05-2025 09:42
Black Round Fresh,black_round_fresh_IMG_20250412_115658_TIMEBURST5_3077_brightness_contrast_iter2.jpg,JPG,1177x1177,24,Xiaomi,2312DRAABI,72,f/0.0,52,Daylight,16,29-05-2025 09:42
Black Round Fresh,black_round_fresh_IMG_20250412_115658_TIMEBURST3_3098_rotate_iter2.jpg,JPG,1367x1367,24,Xiaomi,2312DRAABI,72,f/0.0,52,Daylight,16,29-05-2025 09:42
Black Round Fresh,black_round_fresh_IMG_20250412_115658_TIMEBURST3_3098_horizontal_flip_iter2.jpg,JPG,1367x1367,24,Xiaomi,2312DRAABI,72,f/0.0,51,Daylight,16,29-05-2025 09:42
Black Round Fresh,black_round_fresh_IMG_20250412_115658_TIMEBURST5_3077_gamma_iter2.jpg,JPG,1177x1177,24,Xiaomi,2312DRAABI,72,f/0.0,54,Daylight,16,29-05-2025 09:42
Black Round Fresh,black_round_fresh_IMG_20250412_115658_TIMEBURST4_2704_rotate_iter1.jpg,JPG,1451x1451,24,Xiaomi,2312DRAABI,72,f/0.0,53,Daylight,16,29-05-2025 09:42
Black Round Fresh,black_round_fresh_IMG_20250412_115658_TIMEBURST6_3163_rotate_iter1.jpg,JPG,1239x1239,24,Xiaomi,2312DRAABI,72,f/0.0,50,Daylight,16,29-05-2025 09:42
Black Round Fresh,black_round_fresh_IMG_20250412_115658_TIMEBURST3_3098_brightness_contrast_iter2.jpg,JPG,1367x1367,24,Xiaomi,2312DRAABI,72,f/0.0,52,Daylight,16,29-05-2025 09:42
Black Round Fresh,black_round_fresh_IMG_20250412_115658_TIMEBURST5_3077_rgb_shift_iter2.jpg,JPG,1177x1177,24,Xiaomi,2312DRAABI,72,f/0.0,51,Daylight,16,29-05-2025 09:42
Black Round Fresh,black_round_fresh_IMG_20250412_115658_TIMEBURST4_2704_horizontal_flip_iter1.jpg,JPG,1451x1451,24,Xiaomi,2312DRAABI,72,f/0.0,50,Daylight,16,29-05-2025 09:42
Black Round Fresh,black_round_fresh_IMG_20250412_115658_TIMEBURST6_3163_horizontal_flip_iter1.jpg,JPG,1239x1239,24,Xiaomi,2312DRAABI,72,f/0.0,51,Daylight,16,29-05-2025 09:42
Black Round Fresh,black_round_fresh_IMG_20250412_115658_TIMEBURST3_3098_gamma_iter2.jpg,JPG,1367x1367,24,Xiaomi,2312DRAABI,72,f/0.0,53,Daylight,16,29-05-2025 09:42
Black Round Fresh,black_round_fresh_IMG_20250412_115658_TIMEBURST5_3077_rotate_iter3.jpg,JPG,1177x1177,24,Xiaomi,2312DRAABI,72,f/0.0,53,Daylight,16,29-05-2025 09:42
Black Round Fresh,black_round_fresh_IMG_20250412_115658_TIMEBURST4_2704_brightness_contrast_iter1.jpg,JPG,1451x1451,24,Xiaomi,2312DRAABI,72,f/0.0,53,Daylight,16,29-05-2025 09:42
Black Round Fresh,black_round_fresh_IMG_20250412_115658_TIMEBURST6_3163_brightness_contrast_iter1.jpg,JPG,1239x1239,24,Xiaomi,2312DRAABI,72,f/0.0,53,Daylight,16,29-05-2025 09:42
Black Round Fresh,black_round_fresh_IMG_20250412_115658_TIMEBURST5_3077_horizontal_flip_iter3.jpg,JPG,1177x1177,24,Xiaomi,2312DRAABI,72,f/0.0,53,Daylight,16,29-05-2025 09:42
Black Round Fresh,black_round_fresh_IMG_20250412_115658_TIMEBURST4_2704_gamma_iter1.jpg,JPG,1451x1451,24,Xiaomi,2312DRAABI,72,f/0.0,51,Daylight,16,29-05-2025 09:42
Black Round Fresh,black_round_fresh_IMG_20250412_115658_TIMEBURST3_3098_rgb_shift_iter2.jpg,JPG,1367x1367,24,Xiaomi,2312DRAABI,72,f/0.0,53,Daylight,16,29-05-2025 09:42
Black Round Fresh,black_round_fresh_IMG_20250412_115658_TIMEBURST6_3163_gamma_iter1.jpg,JPG,1239x1239,24,Xiaomi,2312DRAABI,72,f/0.0,51,Daylight,16,29-05-2025 09:42
Black Round Fresh,black_round_fresh_IMG_20250412_115658_TIMEBURST5_3077_brightness_contrast_iter3.jpg,JPG,1177x1177,24,Xiaomi,2312DRAABI,72,f/0.0,51,Daylight,16,29-05-2025 09:42
Black Round Fresh,black_round_fresh_IMG_20250412_115658_TIMEBURST5_3077_gamma_iter3.jpg,JPG,1177x1177,24,Xiaomi,2312DRAABI,72,f/0.0,53,Daylight,16,29-05-2025 09:42
Black Round Fresh,black_round_fresh_IMG_20250412_115658_TIMEBURST3_3098_rotate_iter3.jpg,JPG,1367x1367,24,Xiaomi,2312DRAABI,72,f/0.0,52,Daylight,16,29-05-2025 09:42
Black Round Fresh,black_round_fresh_IMG_20250412_115658_TIMEBURST4_2704_rgb_shift_iter1.jpg,JPG,1451x1451,24,Xiaomi,2312DRAABI,72,f/0.0,53,Daylight,16,29-05-2025 09:42
Black Round Fresh,black_round_fresh_IMG_20250412_115658_TIMEBURST6_3163_rgb_shift_iter1.jpg,JPG,1239x1239,24,Xiaomi,2312DRAABI,72,f/0.0,53,Daylight,16,29-05-2025 09:42
Black Round Fresh,black_round_fresh_IMG_20250412_115658_TIMEBURST3_3098_horizontal_flip_iter3.jpg,JPG,1367x1367,24,Xiaomi,2312DRAABI,72,f/0.0,53,Daylight,16,29-05-2025 09:42
Black Round Fresh,black_round_fresh_IMG_20250412_115658_TIMEBURST5_3077_rgb_shift_iter3.jpg,JPG,1177x1177,24,Xiaomi,2312DRAABI,72,f/0.0,51,Daylight,16,29-05-2025 09:42
Black Round Fresh,black_round_fresh_IMG_20250412_115658_TIMEBURST4_2704_rotate_iter2.jpg,JPG,1451x1451,24,Xiaomi,2312DRAABI,72,f/0.0,51,Daylight,16,29-05-2025 09:42
Black Round Fresh,black_round_fresh_IMG_20250412_115658_TIMEBURST6_3163_rotate_iter2.jpg,JPG,1239x1239,24,Xiaomi,2312DRAABI,72,f/0.0,50,Daylight,16,29-05-2025 09:42
Black Round Fresh,black_round_fresh_IMG_20250412_115658_TIMEBURST3_3098_brightness_contrast_iter3.jpg,JPG,1367x1367,24,Xiaomi,2312DRAABI,72,f/0.0,52,Daylight,16,29-05-2025 09:42
Black Round Fresh,black_round_fresh_IMG_20250412_115658_TIMEBURST5_3077_rotate_iter4.jpg,JPG,1177x1177,24,Xiaomi,2312DRAABI,72,f/0.0,52,Daylight,16,29-05-2025 09:42
Black Round Fresh,black_round_fresh_IMG_20250412_115658_TIMEBURST6_3163_horizontal_flip_iter2.jpg,JPG,1239x1239,24,Xiaomi,2312DRAABI,72,f/0.0,52,Daylight,16,29-05-2025 09:42
Black Round Fresh,black_round_fresh_IMG_20250412_115658_TIMEBURST4_2704_horizontal_flip_iter2.jpg,JPG,1451x1451,24,Xiaomi,2312DRAABI,72,f/0.0,52,Daylight,16,29-05-2025 09:42
Black Round Fresh,black_round_fresh_IMG_20250412_115658_TIMEBURST3_3098_gamma_iter3.jpg,JPG,1367x1367,24,Xiaomi,2312DRAABI,72,f/0.0,51,Daylight,16,29-05-2025 09:42
Black Round Fresh,black_round_fresh_IMG_20250412_115658_TIMEBURST5_3077_horizontal_flip_iter4.jpg,JPG,1177x1177,24,Xiaomi,2312DRAABI,72,f/0.0,53,Daylight,16,29-05-2025 09:42
Black Round Fresh,black_round_fresh_IMG_20250412_115658_TIMEBURST6_3163_brightness_contrast_iter2.jpg,JPG,1239x1239,24,Xiaomi,2312DRAABI,72,f/0.0,53,Daylight,16,29-05-2025 09:42
Black Round Fresh,black_round_fresh_IMG_20250412_115658_TIMEBURST4_2704_brightness_contrast_iter2.jpg,JPG,1451x1451,24,Xiaomi,2312DRAABI,72,f/0.0,51,Daylight,16,29-05-2025 09:42
Black Round Fresh,black_round_fresh_IMG_20250412_115658_TIMEBURST5_3077_brightness_contrast_iter4.jpg,JPG,1177x1177,24,Xiaomi,2312DRAABI,72,f/0.0,53,Daylight,16,29-05-2025 09:42
Black Round Fresh,black_round_fresh_IMG_20250412_115658_TIMEBURST6_3163_gamma_iter2.jpg,JPG,1239x1239,24,Xiaomi,2312DRAABI,72,f/0.0,54,Daylight,16,29-05-2025 09:42
Black Round Fresh,black_round_fresh_IMG_20250412_115658_TIMEBURST4_2704_gamma_iter2.jpg,JPG,1451x1451,24,Xiaomi,2312DRAABI,72,f/0.0,53,Daylight,16,29-05-2025 09:42
Black Round Fresh,black_round_fresh_IMG_20250412_115658_TIMEBURST3_3098_rgb_shift_iter3.jpg,JPG,1367x1367,24,Xiaomi,2312DRAABI,72,f/0.0,51,Daylight,16,29-05-2025 09:42
Black Round Fresh,black_round_fresh_IMG_20250412_115658_TIMEBURST5_3077_gamma_iter4.jpg,JPG,1177x1177,24,Xiaomi,2312DRAABI,72,f/0.0,53,Daylight,16,29-05-2025 09:42
Black Round Fresh,black_round_fresh_IMG_20250412_115658_TIMEBURST3_3098_rotate_iter4.jpg,JPG,1367x1367,24,Xiaomi,2312DRAABI,72,f/0.0,52,Daylight,16,29-05-2025 09:42
Black Round Fresh,black_round_fresh_IMG_20250412_115658_TIMEBURST6_3163_rgb_shift_iter2.jpg,JPG,1239x1239,24,Xiaomi,2312DRAABI,72,f/0.0,50,Daylight,16,29-05-2025 09:42
Black Round Fresh,black_round_fresh_IMG_20250412_115658_TIMEBURST4_2704_rgb_shift_iter2.jpg,JPG,1451x1451,24,Xiaomi,2312DRAABI,72,f/0.0,52,Daylight,16,29-05-2025 09:42
Black Round Fresh,black_round_fresh_IMG_20250412_115658_TIMEBURST5_3077_rgb_shift_iter4.jpg,JPG,1177x1177,24,Xiaomi,2312DRAABI,72,f/0.0,52,Daylight,16,29-05-2025 09:42
Black Round Fresh,black_round_fresh_IMG_20250412_115658_TIMEBURST3_3098_horizontal_flip_iter4.jpg,JPG,1367x1367,24,Xiaomi,2312DRAABI,72,f/0.0,51,Daylight,16,29-05-2025 09:42
Black Round Fresh,black_round_fresh_IMG_20250412_115658_TIMEBURST6_3163_rotate_iter3.jpg,JPG,1239x1239,24,Xiaomi,2312DRAABI,72,f/0.0,51,Daylight,16,29-05-2025 09:42
Black Round Fresh,black_round_fresh_IMG_20250412_115658_TIMEBURST3_3098_brightness_contrast_iter4.jpg,JPG,1367x1367,24,Xiaomi,2312DRAABI,72,f/0.0,51,Daylight,16,29-05-2025 09:42
Black Round Fresh,black_round_fresh_IMG_20250412_115658_TIMEBURST6_3163_horizontal_flip_iter3.jpg,JPG,1239x1239,24,Xiaomi,2312DRAABI,72,f/0.0,53,Daylight,16,29-05-2025 09:42
Black Round Fresh,black_round_fresh_IMG_20250412_115658_TIMEBURST5_3077_rotate_iter5.jpg,JPG,1177x1177,24,Xiaomi,2312DRAABI,72,f/0.0,51,Daylight,16,29-05-2025 09:42
Black Round Fresh,black_round_fresh_IMG_20250412_115658_TIMEBURST4_2704_rotate_iter3.jpg,JPG,1451x1451,24,Xiaomi,2312DRAABI,72,f/0.0,50,Daylight,16,29-05-2025 09:42
Black Round Fresh,black_round_fresh_IMG_20250412_115658_TIMEBURST3_3098_gamma_iter4.jpg,JPG,1367x1367,24,Xiaomi,2312DRAABI,72,f/0.0,51,Daylight,16,29-05-2025 09:42
Black Round Fresh,black_round_fresh_IMG_20250412_115658_TIMEBURST5_3077_horizontal_flip_iter5.jpg,JPG,1177x1177,24,Xiaomi,2312DRAABI,72,f/0.0,51,Daylight,16,29-05-2025 09:42
Black Round Fresh,black_round_fresh_IMG_20250412_115658_TIMEBURST6_3163_brightness_contrast_iter3.jpg,JPG,1239x1239,24,Xiaomi,2312DRAABI,72,f/0.0,52,Daylight,16,29-05-2025 09:42
Black Round Fresh,black_round_fresh_IMG_20250412_115658_TIMEBURST5_3077_brightness_contrast_iter5.jpg,JPG,1177x1177,24,Xiaomi,2312DRAABI,72,f/0.0,51,Daylight,16,29-05-2025 09:42
Black Round Fresh,black_round_fresh_IMG_20250412_115658_TIMEBURST6_3163_gamma_iter3.jpg,JPG,1239x1239,24,Xiaomi,2312DRAABI,72,f/0.0,52,Daylight,16,29-05-2025 09:42
Black Round Fresh,black_round_fresh_IMG_20250412_115658_TIMEBURST4_2704_horizontal_flip_iter3.jpg,JPG,1451x1451,24,Xiaomi,2312DRAABI,72,f/0.0,50,Daylight,16,29-05-2025 09:42
Black Round Fresh,black_round_fresh_IMG_20250412_115658_TIMEBURST3_3098_rgb_shift_iter4.jpg,JPG,1367x1367,24,Xiaomi,2312DRAABI,72,f/0.0,53,Daylight,16,29-05-2025 09:42
Black Round Fresh,black_round_fresh_IMG_20250412_115658_TIMEBURST5_3077_gamma_iter5.jpg,JPG,1177x1177,24,Xiaomi,2312DRAABI,72,f/0.0,52,Daylight,16,29-05-2025 09:42
Black Round Fresh,black_round_fresh_IMG_20250412_115658_TIMEBURST4_2704_brightness_contrast_iter3.jpg,JPG,1451x1451,24,Xiaomi,2312DRAABI,72,f/0.0,52,Daylight,16,29-05-2025 09:42
Black Round Fresh,black_round_fresh_IMG_20250412_115658_TIMEBURST6_3163_rgb_shift_iter3.jpg,JPG,1239x1239,24,Xiaomi,2312DRAABI,72,f/0.0,54,Daylight,16,29-05-2025 09:42
Black Round Fresh,black_round_fresh_IMG_20250412_115658_TIMEBURST3_3098_rotate_iter5.jpg,JPG,1367x1367,24,Xiaomi,2312DRAABI,72,f/0.0,50,Daylight,16,29-05-2025 09:42
Black Round Fresh,black_round_fresh_IMG_20250412_115658_TIMEBURST5_3077_rgb_shift_iter5.jpg,JPG,1177x1177,24,Xiaomi,2312DRAABI,72,f/0.0,54,Daylight,16,29-05-2025 09:42
Black Round Fresh,black_round_fresh_IMG_20250412_115658_TIMEBURST4_2704_gamma_iter3.jpg,JPG,1451x1451,24,Xiaomi,2312DRAABI,72,f/0.0,54,Daylight,16,29-05-2025 09:42
Black Round Fresh,black_round_fresh_IMG_20250412_115658_TIMEBURST6_3163_rotate_iter4.jpg,JPG,1239x1239,24,Xiaomi,2312DRAABI,72,f/0.0,54,Daylight,16,29-05-2025 09:42
Black Round Fresh,black_round_fresh_IMG_20250412_115658_TIMEBURST3_3098_horizontal_flip_iter5.jpg,JPG,1367x1367,24,Xiaomi,2312DRAABI,72,f/0.0,52,Daylight,16,29-05-2025 09:42
Black Round Fresh,black_round_fresh_IMG_20250412_115658_TIMEBURST6_3163_horizontal_flip_iter4.jpg,JPG,1239x1239,24,Xiaomi,2312DRAABI,72,f/0.0,53,Daylight,16,29-05-2025 09:42
Black Round Fresh,black_round_fresh_IMG_20250412_115658_TIMEBURST3_3098_brightness_contrast_iter5.jpg,JPG,1367x1367,24,Xiaomi,2312DRAABI,72,f/0.0,53,Daylight,16,29-05-2025 09:42
Black Round Fresh,black_round_fresh_IMG_20250412_115658_TIMEBURST4_2704_rgb_shift_iter3.jpg,JPG,1451x1451,24,Xiaomi,2312DRAABI,72,f/0.0,51,Daylight,16,29-05-2025 09:42
Black Round Fresh,black_round_fresh_IMG_20250412_115658_TIMEBURST6_3163_brightness_contrast_iter4.jpg,JPG,1239x1239,24,Xiaomi,2312DRAABI,72,f/0.0,52,Daylight,16,29-05-2025 09:42
Black Round Fresh,black_round_fresh_IMG_20250412_115658_TIMEBURST3_3098_gamma_iter5.jpg,JPG,1367x1367,24,Xiaomi,2312DRAABI,72,f/0.0,50,Daylight,16,29-05-2025 09:42
Black Round Fresh,black_round_fresh_IMG_20250412_115658_TIMEBURST6_3163_gamma_iter4.jpg,JPG,1239x1239,24,Xiaomi,2312DRAABI,72,f/0.0,50,Daylight,16,29-05-2025 09:42
Black Round Fresh,black_round_fresh_IMG_20250412_115658_TIMEBURST4_2704_rotate_iter4.jpg,JPG,1451x1451,24,Xiaomi,2312DRAABI,72,f/0.0,53,Daylight,16,29-05-2025 09:42
Black Round Fresh,black_round_fresh_IMG_20250412_115658_TIMEBURST6_3163_rgb_shift_iter4.jpg,JPG,1239x1239,24,Xiaomi,2312DRAABI,72,f/0.0,52,Daylight,16,29-05-2025 09:42
Black Round Fresh,black_round_fresh_IMG_20250412_115658_TIMEBURST3_3098_rgb_shift_iter5.jpg,JPG,1367x1367,24,Xiaomi,2312DRAABI,72,f/0.0,54,Daylight,16,29-05-2025 09:42
Black Round Fresh,black_round_fresh_IMG_20250412_115658_TIMEBURST4_2704_horizontal_flip_iter4.jpg,JPG,1451x1451,24,Xiaomi,2312DRAABI,72,f/0.0,51,Daylight,16,29-05-2025 09:42
Black Round Fresh,black_round_fresh_IMG_20250412_115658_TIMEBURST4_2704_brightness_contrast_iter4.jpg,JPG,1451x1451,24,Xiaomi,2312DRAABI,72,f/0.0,53,Daylight,16,29-05-2025 09:42
Black Round Fresh,black_round_fresh_IMG_20250412_115658_TIMEBURST6_3163_rotate_iter5.jpg,JPG,1239x1239,24,Xiaomi,2312DRAABI,72,f/0.0,52,Daylight,16,29-05-2025 09:42
Black Round Fresh,black_round_fresh_IMG_20250412_115658_TIMEBURST6_3163_horizontal_flip_iter5.jpg,JPG,1239x1239,24,Xiaomi,2312DRAABI,72,f/0.0,54,Daylight,16,29-05-2025 09:42
Black Round Fresh,black_round_fresh_IMG_20250412_115658_TIMEBURST6_3163_brightness_contrast_iter5.jpg,JPG,1239x1239,24,Xiaomi,2312DRAABI,72,f/0.0,51,Daylight,16,29-05-2025 09:42
Black Round Fresh,black_round_fresh_IMG_20250412_115658_TIMEBURST4_2704_gamma_iter4.jpg,JPG,1451x1451,24,Xiaomi,2312DRAABI,72,f/0.0,51,Daylight,16,29-05-2025 09:42
Black Round Fresh,black_round_fresh_IMG_20250412_115658_TIMEBURST4_2704_rgb_shift_iter4.jpg,JPG,1451x1451,24,Xiaomi,2312DRAABI,72,f/0.0,52,Daylight,16,29-05-2025 09:42
Black Round Fresh,black_round_fresh_IMG_20250412_115658_TIMEBURST6_3163_gamma_iter5.jpg,JPG,1239x1239,24,Xiaomi,2312DRAABI,72,f/0.0,52,Daylight,16,29-05-2025 09:42
Black Round Fresh,black_round_fresh_IMG_20250412_115658_TIMEBURST4_2704_rotate_iter5.jpg,JPG,1451x1451,24,Xiaomi,2312DRAABI,72,f/0.0,52,Daylight,16,29-05-2025 09:42
Black Round Fresh,black_round_fresh_IMG_20250412_115658_TIMEBURST6_3163_rgb_shift_iter5.jpg,JPG,1239x1239,24,Xiaomi,2312DRAABI,72,f/0.0,52,Daylight,16,29-05-2025 09:42
Black Round Fresh,black_round_fresh_IMG_20250412_115658_TIMEBURST4_2704_horizontal_flip_iter5.jpg,JPG,1451x1451,24,Xiaomi,2312DRAABI,72,f/0.0,50,Daylight,16,29-05-2025 09:42
Black Round Fresh,black_round_fresh_IMG_20250412_115658_TIMEBURST4_2704_brightness_contrast_iter5.jpg,JPG,1451x1451,24,Xiaomi,2312DRAABI,72,f/0.0,52,Daylight,16,29-05-2025 09:42
Black Round Fresh,black_round_fresh_IMG_20250412_115658_TIMEBURST4_2704_gamma_iter5.jpg,JPG,1451x1451,24,Xiaomi,2312DRAABI,72,f/0.0,53,Daylight,16,29-05-2025 09:42
Black Round Fresh,black_round_fresh_IMG_20250412_115658_TIMEBURST7_2508_rotate_iter1.jpg,JPG,1238x1238,24,Xiaomi,2312DRAABI,72,f/0.0,51,Daylight,16,29-05-2025 09:42
Black Round Fresh,black_round_fresh_IMG_20250412_115658_TIMEBURST4_2704_rgb_shift_iter5.jpg,JPG,1451x1451,24,Xiaomi,2312DRAABI,72,f/0.0,51,Daylight,16,29-05-2025 09:42
Black Round Fresh,black_round_fresh_IMG_20250412_115658_TIMEBURST7_2508_horizontal_flip_iter1.jpg,JPG,1238x1238,24,Xiaomi,2312DRAABI,72,f/0.0,51,Daylight,16,29-05-2025 09:42
Black Round Fresh,black_round_fresh_IMG_20250412_115658_TIMEBURST7_2508_brightness_contrast_iter1.jpg,JPG,1238x1238,24,Xiaomi,2312DRAABI,72,f/0.0,51,Daylight,16,29-05-2025 09:42
Black Round Fresh,black_round_fresh_IMG_20250412_115658_TIMEBURST7_2508_gamma_iter1.jpg,JPG,1238x1238,24,Xiaomi,2312DRAABI,72,f/0.0,51,Daylight,16,29-05-2025 09:42
Black Round Fresh,black_round_fresh_IMG_20250412_115658_TIMEBURST7_2508_rotate_iter2.jpg,JPG,1238x1238,24,Xiaomi,2312DRAABI,72,f/0.0,50,Daylight,16,29-05-2025 09:42
Black Round Fresh,black_round_fresh_IMG_20250412_115658_TIMEBURST8_3136_rotate_iter1.jpg,JPG,1242x1242,24,Xiaomi,2312DRAABI,72,f/0.0,53,Daylight,16,29-05-2025 09:42
Black Round Fresh,black_round_fresh_IMG_20250412_115658_TIMEBURST7_2508_rgb_shift_iter1.jpg,JPG,1238x1238,24,Xiaomi,2312DRAABI,72,f/0.0,52,Daylight,16,29-05-2025 09:42
Black Round Fresh,black_round_fresh_IMG_20250412_115658_TIMEBURST7_2508_horizontal_flip_iter2.jpg,JPG,1238x1238,24,Xiaomi,2312DRAABI,72,f/0.0,53,Daylight,16,29-05-2025 09:42
Black Round Fresh,black_round_fresh_IMG_20250412_115658_TIMEBURST8_3136_horizontal_flip_iter1.jpg,JPG,1242x1242,24,Xiaomi,2312DRAABI,72,f/0.0,52,Daylight,16,29-05-2025 09:42
Black Round Fresh,black_round_fresh_IMG_20250412_115658_TIMEBURST8_3136_brightness_contrast_iter1.jpg,JPG,1242x1242,24,Xiaomi,2312DRAABI,72,f/0.0,51,Daylight,16,29-05-2025 09:42
Black Round Fresh,black_round_fresh_IMG_20250412_115658_TIMEBURST7_2508_brightness_contrast_iter2.jpg,JPG,1238x1238,24,Xiaomi,2312DRAABI,72,f/0.0,53,Daylight,16,29-05-2025 09:42
Black Round Fresh,black_round_fresh_IMG_20250412_115658_TIMEBURST7_2508_gamma_iter2.jpg,JPG,1238x1238,24,Xiaomi,2312DRAABI,72,f/0.0,51,Daylight,16,29-05-2025 09:42
Black Round Fresh,black_round_fresh_IMG_20250412_115658_TIMEBURST8_3136_gamma_iter1.jpg,JPG,1242x1242,24,Xiaomi,2312DRAABI,72,f/0.0,51,Daylight,16,29-05-2025 09:42
Black Round Fresh,black_round_fresh_IMG_20250412_115658_TIMEBURST8_3136_rgb_shift_iter1.jpg,JPG,1242x1242,24,Xiaomi,2312DRAABI,72,f/0.0,52,Daylight,16,29-05-2025 09:42
Black Round Fresh,black_round_fresh_IMG_20250412_115658_TIMEBURST7_2508_rgb_shift_iter2.jpg,JPG,1238x1238,24,Xiaomi,2312DRAABI,72,f/0.0,51,Daylight,16,29-05-2025 09:42
Black Round Fresh,black_round_fresh_IMG_20250412_115658_TIMEBURST7_2508_rotate_iter3.jpg,JPG,1238x1238,24,Xiaomi,2312DRAABI,72,f/0.0,51,Daylight,16,29-05-2025 09:42
Black Round Fresh,black_round_fresh_IMG_20250412_115658_TIMEBURST8_3136_rotate_iter2.jpg,JPG,1242x1242,24,Xiaomi,2312DRAABI,72,f/0.0,51,Daylight,16,29-05-2025 09:42
Black Round Fresh,black_round_fresh_IMG_20250412_115658_TIMEBURST7_2508_horizontal_flip_iter3.jpg,JPG,1238x1238,24,Xiaomi,2312DRAABI,72,f/0.0,51,Daylight,16,29-05-2025 09:42
Black Round Fresh,black_round_fresh_IMG_20250412_115658_TIMEBURST8_3136_horizontal_flip_iter2.jpg,JPG,1242x1242,24,Xiaomi,2312DRAABI,72,f/0.0,50,Daylight,16,29-05-2025 09:42
Black Round Fresh,black_round_fresh_IMG_20250412_115658_TIMEBURST7_2508_brightness_contrast_iter3.jpg,JPG,1238x1238,24,Xiaomi,2312DRAABI,72,f/0.0,52,Daylight,16,29-05-2025 09:42
Black Round Fresh,black_round_fresh_IMG_20250412_115658_TIMEBURST8_3136_brightness_contrast_iter2.jpg,JPG,1242x1242,24,Xiaomi,2312DRAABI,72,f/0.0,54,Daylight,16,29-05-2025 09:42
Black Round Fresh,black_round_fresh_IMG_20250412_115658_TIMEBURST7_2508_gamma_iter3.jpg,JPG,1238x1238,24,Xiaomi,2312DRAABI,72,f/0.0,52,Daylight,16,29-05-2025 09:42
Black Round Fresh,black_round_fresh_IMG_20250412_115658_TIMEBURST8_3136_gamma_iter2.jpg,JPG,1242x1242,24,Xiaomi,2312DRAABI,72,f/0.0,52,Daylight,16,29-05-2025 09:42
Black Round Fresh,black_round_fresh_IMG_20250412_115658_TIMEBURST7_2508_rgb_shift_iter3.jpg,JPG,1238x1238,24,Xiaomi,2312DRAABI,72,f/0.0,52,Daylight,16,29-05-2025 09:42
Black Round Fresh,black_round_fresh_IMG_20250412_115658_TIMEBURST8_3136_rgb_shift_iter2.jpg,JPG,1242x1242,24,Xiaomi,2312DRAABI,72,f/0.0,50,Daylight,16,29-05-2025 09:42
Black Round Fresh,black_round_fresh_IMG_20250412_115658_TIMEBURST7_2508_rotate_iter4.jpg,JPG,1238x1238,24,Xiaomi,2312DRAABI,72,f/0.0,51,Daylight,16,29-05-2025 09:42
Black Round Fresh,black_round_fresh_IMG_20250412_115658_TIMEBURST8_3136_rotate_iter3.jpg,JPG,1242x1242,24,Xiaomi,2312DRAABI,72,f/0.0,53,Daylight,16,29-05-2025 09:42
Black Round Fresh,black_round_fresh_IMG_20250412_115658_TIMEBURST7_2508_horizontal_flip_iter4.jpg,JPG,1238x1238,24,Xiaomi,2312DRAABI,72,f/0.0,53,Daylight,16,29-05-2025 09:42
Black Round Fresh,black_round_fresh_IMG_20250412_115658_TIMEBURST7_2508_brightness_contrast_iter4.jpg,JPG,1238x1238,24,Xiaomi,2312DRAABI,72,f/0.0,52,Daylight,16,29-05-2025 09:42
Black Round Fresh,black_round_fresh_IMG_20250412_115658_TIMEBURST8_3136_horizontal_flip_iter3.jpg,JPG,1242x1242,24,Xiaomi,2312DRAABI,72,f/0.0,52,Daylight,16,29-05-2025 09:42
Black Round Fresh,black_round_fresh_IMG_20250412_115658_TIMEBURST9_2562_rotate_iter1.jpg,JPG,1159x1159,24,Xiaomi,2312DRAABI,72,f/0.0,51,Daylight,16,29-05-2025 09:42
Black Round Fresh,black_round_fresh_IMG_20250412_115658_TIMEBURST7_2508_gamma_iter4.jpg,JPG,1238x1238,24,Xiaomi,2312DRAABI,72,f/0.0,54,Daylight,16,29-05-2025 09:42
Black Round Fresh,black_round_fresh_IMG_20250412_115658_TIMEBURST8_3136_brightness_contrast_iter3.jpg,JPG,1242x1242,24,Xiaomi,2312DRAABI,72,f/0.0,53,Daylight,16,29-05-2025 09:42
Black Round Fresh,black_round_fresh_IMG_20250412_115658_TIMEBURST9_2562_horizontal_flip_iter1.jpg,JPG,1159x1159,24,Xiaomi,2312DRAABI,72,f/0.0,50,Daylight,16,29-05-2025 09:42
Black Round Fresh,black_round_fresh_IMG_20250412_115658_TIMEBURST8_3136_gamma_iter3.jpg,JPG,1242x1242,24,Xiaomi,2312DRAABI,72,f/0.0,52,Daylight,16,29-05-2025 09:42
Black Round Fresh,black_round_fresh_IMG_20250412_115658_TIMEBURST7_2508_rgb_shift_iter4.jpg,JPG,1238x1238,24,Xiaomi,2312DRAABI,72,f/0.0,51,Daylight,16,29-05-2025 09:42
Black Round Fresh,black_round_fresh_IMG_20250412_115658_TIMEBURST9_2562_brightness_contrast_iter1.jpg,JPG,1159x1159,24,Xiaomi,2312DRAABI,72,f/0.0,50,Daylight,16,29-05-2025 09:42
Black Round Fresh,black_round_fresh_IMG_20250412_115658_TIMEBURST9_2562_gamma_iter1.jpg,JPG,1159x1159,24,Xiaomi,2312DRAABI,72,f/0.0,51,Daylight,16,29-05-2025 09:42
Black Round Fresh,black_round_fresh_IMG_20250412_115658_TIMEBURST7_2508_rotate_iter5.jpg,JPG,1238x1238,24,Xiaomi,2312DRAABI,72,f/0.0,53,Daylight,16,29-05-2025 09:42
Black Round Fresh,black_round_fresh_IMG_20250412_115658_TIMEBURST8_3136_rgb_shift_iter3.jpg,JPG,1242x1242,24,Xiaomi,2312DRAABI,72,f/0.0,53,Daylight,16,29-05-2025 09:42
Black Round Fresh,black_round_fresh_IMG_20250412_115658_TIMEBURST9_2562_rgb_shift_iter1.jpg,JPG,1159x1159,24,Xiaomi,2312DRAABI,72,f/0.0,53,Daylight,16,29-05-2025 09:42
Black Round Fresh,black_round_fresh_IMG_20250412_115658_TIMEBURST7_2508_horizontal_flip_iter5.jpg,JPG,1238x1238,24,Xiaomi,2312DRAABI,72,f/0.0,53,Daylight,16,29-05-2025 09:42
Black Round Fresh,black_round_fresh_IMG_20250412_115658_TIMEBURST8_3136_rotate_iter4.jpg,JPG,1242x1242,24,Xiaomi,2312DRAABI,72,f/0.0,53,Daylight,16,29-05-2025 09:42
Black Round Fresh,black_round_fresh_IMG_20250412_115658_TIMEBURST7_2508_brightness_contrast_iter5.jpg,JPG,1238x1238,24,Xiaomi,2312DRAABI,72,f/0.0,51,Daylight,16,29-05-2025 09:42
Black Round Fresh,black_round_fresh_IMG_20250412_115658_TIMEBURST9_2562_rotate_iter2.jpg,JPG,1159x1159,24,Xiaomi,2312DRAABI,72,f/0.0,53,Daylight,16,29-05-2025 09:42
Black Round Fresh,black_round_fresh_IMG_20250412_115658_TIMEBURST8_3136_horizontal_flip_iter4.jpg,JPG,1242x1242,24,Xiaomi,2312DRAABI,72,f/0.0,51,Daylight,16,29-05-2025 09:42
Black Round Fresh,black_round_fresh_IMG_20250412_115658_TIMEBURST7_2508_gamma_iter5.jpg,JPG,1238x1238,24,Xiaomi,2312DRAABI,72,f/0.0,51,Daylight,16,29-05-2025 09:42
Black Round Fresh,black_round_fresh_IMG_20250412_115658_TIMEBURST8_3136_brightness_contrast_iter4.jpg,JPG,1242x1242,24,Xiaomi,2312DRAABI,72,f/0.0,53,Daylight,16,29-05-2025 09:42
Black Round Fresh,black_round_fresh_IMG_20250412_115658_TIMEBURST9_2562_horizontal_flip_iter2.jpg,JPG,1159x1159,24,Xiaomi,2312DRAABI,72,f/0.0,52,Daylight,16,29-05-2025 09:42
Black Round Fresh,black_round_fresh_IMG_20250412_115658_TIMEBURST9_2562_brightness_contrast_iter2.jpg,JPG,1159x1159,24,Xiaomi,2312DRAABI,72,f/0.0,53,Daylight,16,29-05-2025 09:42
Black Round Fresh,black_round_fresh_IMG_20250412_115658_TIMEBURST8_3136_gamma_iter4.jpg,JPG,1242x1242,24,Xiaomi,2312DRAABI,72,f/0.0,53,Daylight,16,29-05-2025 09:42
Black Round Fresh,black_round_fresh_IMG_20250412_115658_TIMEBURST7_2508_rgb_shift_iter5.jpg,JPG,1238x1238,24,Xiaomi,2312DRAABI,72,f/0.0,53,Daylight,16,29-05-2025 09:42
Black Round Fresh,black_round_fresh_IMG_20250412_115658_TIMEBURST9_2562_gamma_iter2.jpg,JPG,1159x1159,24,Xiaomi,2312DRAABI,72,f/0.0,51,Daylight,16,29-05-2025 09:42
Black Round Fresh,black_round_fresh_IMG_20250412_115658_TIMEBURST8_3136_rgb_shift_iter4.jpg,JPG,1242x1242,24,Xiaomi,2312DRAABI,72,f/0.0,51,Daylight,16,29-05-2025 09:42
Black Round Fresh,black_round_fresh_IMG_20250412_115658_TIMEBURST9_2562_rgb_shift_iter2.jpg,JPG,1159x1159,24,Xiaomi,2312DRAABI,72,f/0.0,50,Daylight,16,29-05-2025 09:42
Black Round Fresh,black_round_fresh_IMG_20250412_115658_TIMEBURST8_3136_rotate_iter5.jpg,JPG,1242x1242,24,Xiaomi,2312DRAABI,72,f/0.0,52,Daylight,16,29-05-2025 09:42
Black Round Fresh,black_round_fresh_IMG_20250412_115658_TIMEBURST8_3136_horizontal_flip_iter5.jpg,JPG,1242x1242,24,Xiaomi,2312DRAABI,72,f/0.0,52,Daylight,16,29-05-2025 09:42
Black Round Fresh,black_round_fresh_IMG_20250412_115658_TIMEBURST9_2562_rotate_iter3.jpg,JPG,1159x1159,24,Xiaomi,2312DRAABI,72,f/0.0,52,Daylight,16,29-05-2025 09:42
Black Round Fresh,black_round_fresh_IMG_20250412_115658_TIMEBURST8_3136_brightness_contrast_iter5.jpg,JPG,1242x1242,24,Xiaomi,2312DRAABI,72,f/0.0,52,Daylight,16,29-05-2025 09:42
Black Round Fresh,black_round_fresh_IMG_20250412_115658_TIMEBURST9_2562_horizontal_flip_iter3.jpg,JPG,1159x1159,24,Xiaomi,2312DRAABI,72,f/0.0,51,Daylight,16,29-05-2025 09:42
Black Round Fresh,black_round_fresh_IMG_20250412_115658_TIMEBURST8_3136_gamma_iter5.jpg,JPG,1242x1242,24,Xiaomi,2312DRAABI,72,f/0.0,53,Daylight,16,29-05-2025 09:42
Black Round Fresh,black_round_fresh_IMG_20250412_115658_TIMEBURST9_2562_brightness_contrast_iter3.jpg,JPG,1159x1159,24,Xiaomi,2312DRAABI,72,f/0.0,53,Daylight,16,29-05-2025 09:42
Black Round Fresh,black_round_fresh_IMG_20250412_115658_TIMEBURST9_2562_gamma_iter3.jpg,JPG,1159x1159,24,Xiaomi,2312DRAABI,72,f/0.0,51,Daylight,16,29-05-2025 09:42
Black Round Fresh,black_round_fresh_IMG_20250412_115658_TIMEBURST8_3136_rgb_shift_iter5.jpg,JPG,1242x1242,24,Xiaomi,2312DRAABI,72,f/0.0,53,Daylight,16,29-05-2025 09:42
Black Round Fresh,black_round_fresh_IMG_20250412_115658_TIMEBURST9_2562_rgb_shift_iter3.jpg,JPG,1159x1159,24,Xiaomi,2312DRAABI,72,f/0.0,54,Daylight,16,29-05-2025 09:42
Black Round Fresh,black_round_fresh_IMG_20250412_115658_TIMEBURST9_2562_rotate_iter4.jpg,JPG,1159x1159,24,Xiaomi,2312DRAABI,72,f/0.0,53,Daylight,16,29-05-2025 09:42
Black Round Fresh,black_round_fresh_IMG_20250412_115658_TIMEBURST10_3015_rotate_iter1.jpg,JPG,1308x1308,24,Xiaomi,2312DRAABI,72,f/0.0,51,Daylight,16,29-05-2025 09:42
Black Round Fresh,black_round_fresh_IMG_20250412_115658_TIMEBURST9_2562_horizontal_flip_iter4.jpg,JPG,1159x1159,24,Xiaomi,2312DRAABI,72,f/0.0,53,Daylight,16,29-05-2025 09:42
Black Round Fresh,black_round_fresh_IMG_20250412_115658_TIMEBURST10_3015_horizontal_flip_iter1.jpg,JPG,1308x1308,24,Xiaomi,2312DRAABI,72,f/0.0,52,Daylight,16,29-05-2025 09:42
Black Round Fresh,black_round_fresh_IMG_20250412_115658_TIMEBURST9_2562_brightness_contrast_iter4.jpg,JPG,1159x1159,24,Xiaomi,2312DRAABI,72,f/0.0,50,Daylight,16,29-05-2025 09:42
Black Round Fresh,black_round_fresh_IMG_20250412_115658_TIMEBURST10_3015_brightness_contrast_iter1.jpg,JPG,1308x1308,24,Xiaomi,2312DRAABI,72,f/0.0,52,Daylight,16,29-05-2025 09:42
Black Round Fresh,black_round_fresh_IMG_20250412_115658_TIMEBURST9_2562_gamma_iter4.jpg,JPG,1159x1159,24,Xiaomi,2312DRAABI,72,f/0.0,52,Daylight,16,29-05-2025 09:42
Black Round Fresh,black_round_fresh_IMG_20250412_115658_TIMEBURST11_2983_rotate_iter1.jpg,JPG,1289x1289,24,Xiaomi,2312DRAABI,72,f/0.0,51,Daylight,16,29-05-2025 09:42
Black Round Fresh,black_round_fresh_IMG_20250412_115658_TIMEBURST10_3015_gamma_iter1.jpg,JPG,1308x1308,24,Xiaomi,2312DRAABI,72,f/0.0,51,Daylight,16,29-05-2025 09:42
Black Round Fresh,black_round_fresh_IMG_20250412_115658_TIMEBURST9_2562_rgb_shift_iter4.jpg,JPG,1159x1159,24,Xiaomi,2312DRAABI,72,f/0.0,51,Daylight,16,29-05-2025 09:42
Black Round Fresh,black_round_fresh_IMG_20250412_115658_TIMEBURST11_2983_horizontal_flip_iter1.jpg,JPG,1289x1289,24,Xiaomi,2312DRAABI,72,f/0.0,53,Daylight,16,29-05-2025 09:42
Black Round Fresh,black_round_fresh_IMG_20250412_115658_TIMEBURST11_2983_brightness_contrast_iter1.jpg,JPG,1289x1289,24,Xiaomi,2312DRAABI,72,f/0.0,51,Daylight,16,29-05-2025 09:42
Black Round Fresh,black_round_fresh_IMG_20250412_115658_TIMEBURST10_3015_rgb_shift_iter1.jpg,JPG,1308x1308,24,Xiaomi,2312DRAABI,72,f/0.0,50,Daylight,16,29-05-2025 09:42
Black Round Fresh,black_round_fresh_IMG_20250412_115658_TIMEBURST9_2562_rotate_iter5.jpg,JPG,1159x1159,24,Xiaomi,2312DRAABI,72,f/0.0,51,Daylight,16,29-05-2025 09:42
Black Round Fresh,black_round_fresh_IMG_20250412_115658_TIMEBURST9_2562_horizontal_flip_iter5.jpg,JPG,1159x1159,24,Xiaomi,2312DRAABI,72,f/0.0,51,Daylight,16,29-05-2025 09:42
Black Round Fresh,black_round_fresh_IMG_20250412_115658_TIMEBURST11_2983_gamma_iter1.jpg,JPG,1289x1289,24,Xiaomi,2312DRAABI,72,f/0.0,52,Daylight,16,29-05-2025 09:42
Black Round Fresh,black_round_fresh_IMG_20250412_115658_TIMEBURST10_3015_rotate_iter2.jpg,JPG,1308x1308,24,Xiaomi,2312DRAABI,72,f/0.0,51,Daylight,16,29-05-2025 09:42
Black Round Fresh,black_round_fresh_IMG_20250412_115658_TIMEBURST9_2562_brightness_contrast_iter5.jpg,JPG,1159x1159,24,Xiaomi,2312DRAABI,72,f/0.0,52,Daylight,16,29-05-2025 09:42
Black Round Fresh,black_round_fresh_IMG_20250412_115658_TIMEBURST10_3015_horizontal_flip_iter2.jpg,JPG,1308x1308,24,Xiaomi,2312DRAABI,72,f/0.0,50,Daylight,16,29-05-2025 09:42
Black Round Fresh,black_round_fresh_IMG_20250412_115658_TIMEBURST11_2983_rgb_shift_iter1.jpg,JPG,1289x1289,24,Xiaomi,2312DRAABI,72,f/0.0,53,Daylight,16,29-05-2025 09:42
Black Round Fresh,black_round_fresh_IMG_20250412_115658_TIMEBURST9_2562_gamma_iter5.jpg,JPG,1159x1159,24,Xiaomi,2312DRAABI,72,f/0.0,52,Daylight,16,29-05-2025 09:42
Black Round Fresh,black_round_fresh_IMG_20250412_115658_TIMEBURST10_3015_brightness_contrast_iter2.jpg,JPG,1308x1308,24,Xiaomi,2312DRAABI,72,f/0.0,52,Daylight,16,29-05-2025 09:42
Black Round Fresh,black_round_fresh_IMG_20250412_115658_TIMEBURST11_2983_rotate_iter2.jpg,JPG,1289x1289,24,Xiaomi,2312DRAABI,72,f/0.0,54,Daylight,16,29-05-2025 09:42
Black Round Fresh,black_round_fresh_IMG_20250412_115658_TIMEBURST9_2562_rgb_shift_iter5.jpg,JPG,1159x1159,24,Xiaomi,2312DRAABI,72,f/0.0,50,Daylight,16,29-05-2025 09:42
Black Round Fresh,black_round_fresh_IMG_20250412_115658_TIMEBURST10_3015_gamma_iter2.jpg,JPG,1308x1308,24,Xiaomi,2312DRAABI,72,f/0.0,54,Daylight,16,29-05-2025 09:42
Black Round Fresh,black_round_fresh_IMG_20250412_115658_TIMEBURST11_2983_horizontal_flip_iter2.jpg,JPG,1289x1289,24,Xiaomi,2312DRAABI,72,f/0.0,54,Daylight,16,29-05-2025 09:42
Black Round Fresh,black_round_fresh_IMG_20250412_115658_TIMEBURST11_2983_brightness_contrast_iter2.jpg,JPG,1289x1289,24,Xiaomi,2312DRAABI,72,f/0.0,54,Daylight,16,29-05-2025 09:42
Black Round Fresh,black_round_fresh_IMG_20250412_115658_TIMEBURST10_3015_rgb_shift_iter2.jpg,JPG,1308x1308,24,Xiaomi,2312DRAABI,72,f/0.0,52,Daylight,16,29-05-2025 09:42
Black Round Fresh,black_round_fresh_IMG_20250412_115658_TIMEBURST12_2931_rotate_iter1.jpg,JPG,955x955,24,Xiaomi,2312DRAABI,72,f/0.0,53,Daylight,16,29-05-2025 09:42
Black Round Fresh,black_round_fresh_IMG_20250412_115658_TIMEBURST11_2983_gamma_iter2.jpg,JPG,1289x1289,24,Xiaomi,2312DRAABI,72,f/0.0,53,Daylight,16,29-05-2025 09:42
Black Round Fresh,black_round_fresh_IMG_20250412_115658_TIMEBURST12_2931_horizontal_flip_iter1.jpg,JPG,955x955,24,Xiaomi,2312DRAABI,72,f/0.0,51,Daylight,16,29-05-2025 09:42
Black Round Fresh,black_round_fresh_IMG_20250412_115658_TIMEBURST10_3015_rotate_iter3.jpg,JPG,1308x1308,24,Xiaomi,2312DRAABI,72,f/0.0,52,Daylight,16,29-05-2025 09:42
Black Round Fresh,black_round_fresh_IMG_20250412_115658_TIMEBURST12_2931_brightness_contrast_iter1.jpg,JPG,955x955,24,Xiaomi,2312DRAABI,72,f/0.0,50,Daylight,16,29-05-2025 09:42
Black Round Fresh,black_round_fresh_IMG_20250412_115658_TIMEBURST11_2983_rgb_shift_iter2.jpg,JPG,1289x1289,24,Xiaomi,2312DRAABI,72,f/0.0,50,Daylight,16,29-05-2025 09:42
Black Round Fresh,black_round_fresh_IMG_20250412_115658_TIMEBURST10_3015_horizontal_flip_iter3.jpg,JPG,1308x1308,24,Xiaomi,2312DRAABI,72,f/0.0,53,Daylight,16,29-05-2025 09:42
Black Round Fresh,black_round_fresh_IMG_20250412_115658_TIMEBURST12_2931_gamma_iter1.jpg,JPG,955x955,24,Xiaomi,2312DRAABI,72,f/0.0,52,Daylight,16,29-05-2025 09:42
Black Round Fresh,black_round_fresh_IMG_20250412_115658_TIMEBURST12_2931_rgb_shift_iter1.jpg,JPG,955x955,24,Xiaomi,2312DRAABI,72,f/0.0,54,Daylight,16,29-05-2025 09:42
Black Round Fresh,black_round_fresh_IMG_20250412_115658_TIMEBURST10_3015_brightness_contrast_iter3.jpg,JPG,1308x1308,24,Xiaomi,2312DRAABI,72,f/0.0,51,Daylight,16,29-05-2025 09:42
Black Round Fresh,black_round_fresh_IMG_20250412_115658_TIMEBURST11_2983_rotate_iter3.jpg,JPG,1289x1289,24,Xiaomi,2312DRAABI,72,f/0.0,53,Daylight,16,29-05-2025 09:42
Black Round Fresh,black_round_fresh_IMG_20250412_115658_TIMEBURST12_2931_rotate_iter2.jpg,JPG,955x955,24,Xiaomi,2312DRAABI,72,f/0.0,52,Daylight,16,29-05-2025 09:42
Black Round Fresh,black_round_fresh_IMG_20250412_115658_TIMEBURST11_2983_horizontal_flip_iter3.jpg,JPG,1289x1289,24,Xiaomi,2312DRAABI,72,f/0.0,54,Daylight,16,29-05-2025 09:42
Black Round Fresh,black_round_fresh_IMG_20250412_115658_TIMEBURST10_3015_gamma_iter3.jpg,JPG,1308x1308,24,Xiaomi,2312DRAABI,72,f/0.0,51,Daylight,16,29-05-2025 09:42
Black Round Fresh,black_round_fresh_IMG_20250412_115658_TIMEBURST12_2931_horizontal_flip_iter2.jpg,JPG,955x955,24,Xiaomi,2312DRAABI,72,f/0.0,51,Daylight,16,29-05-2025 09:42
Black Round Fresh,black_round_fresh_IMG_20250412_115658_TIMEBURST11_2983_brightness_contrast_iter3.jpg,JPG,1289x1289,24,Xiaomi,2312DRAABI,72,f/0.0,52,Daylight,16,29-05-2025 09:42
Black Round Fresh,black_round_fresh_IMG_20250412_115658_TIMEBURST12_2931_brightness_contrast_iter2.jpg,JPG,955x955,24,Xiaomi,2312DRAABI,72,f/0.0,52,Daylight,16,29-05-2025 09:42
Black Round Fresh,black_round_fresh_IMG_20250412_115658_TIMEBURST10_3015_rgb_shift_iter3.jpg,JPG,1308x1308,24,Xiaomi,2312DRAABI,72,f/0.0,52,Daylight,16,29-05-2025 09:42
Black Round Fresh,black_round_fresh_IMG_20250412_115658_TIMEBURST11_2983_gamma_iter3.jpg,JPG,1289x1289,24,Xiaomi,2312DRAABI,72,f/0.0,52,Daylight,16,29-05-2025 09:42
Black Round Fresh,black_round_fresh_IMG_20250412_115658_TIMEBURST12_2931_gamma_iter2.jpg,JPG,955x955,24,Xiaomi,2312DRAABI,72,f/0.0,50,Daylight,16,29-05-2025 09:42
Black Round Fresh,black_round_fresh_IMG_20250412_115658_TIMEBURST12_2931_rgb_shift_iter2.jpg,JPG,955x955,24,Xiaomi,2312DRAABI,72,f/0.0,52,Daylight,16,29-05-2025 09:42
Black Round Fresh,black_round_fresh_IMG_20250412_115658_TIMEBURST10_3015_rotate_iter4.jpg,JPG,1308x1308,24,Xiaomi,2312DRAABI,72,f/0.0,53,Daylight,16,29-05-2025 09:42
Black Round Fresh,black_round_fresh_IMG_20250412_115658_TIMEBURST11_2983_rgb_shift_iter3.jpg,JPG,1289x1289,24,Xiaomi,2312DRAABI,72,f/0.0,51,Daylight,16,29-05-2025 09:42
Black Round Fresh,black_round_fresh_IMG_20250412_115658_TIMEBURST12_2931_rotate_iter3.jpg,JPG,955x955,24,Xiaomi,2312DRAABI,72,f/0.0,51,Daylight,16,29-05-2025 09:42
Black Round Fresh,black_round_fresh_IMG_20250412_115658_TIMEBURST11_2983_rotate_iter4.jpg,JPG,1289x1289,24,Xiaomi,2312DRAABI,72,f/0.0,51,Daylight,16,29-05-2025 09:42
Black Round Fresh,black_round_fresh_IMG_20250412_115658_TIMEBURST10_3015_horizontal_flip_iter4.jpg,JPG,1308x1308,24,Xiaomi,2312DRAABI,72,f/0.0,51,Daylight,16,29-05-2025 09:42
Black Round Fresh,black_round_fresh_IMG_20250412_115658_TIMEBURST12_2931_horizontal_flip_iter3.jpg,JPG,955x955,24,Xiaomi,2312DRAABI,72,f/0.0,51,Daylight,16,29-05-2025 09:42
Black Round Fresh,black_round_fresh_IMG_20250412_115658_TIMEBURST12_2931_brightness_contrast_iter3.jpg,JPG,955x955,24,Xiaomi,2312DRAABI,72,f/0.0,50,Daylight,16,29-05-2025 09:42
Black Round Fresh,black_round_fresh_IMG_20250412_115658_TIMEBURST10_3015_brightness_contrast_iter4.jpg,JPG,1308x1308,24,Xiaomi,2312DRAABI,72,f/0.0,53,Daylight,16,29-05-2025 09:42
Black Round Fresh,black_round_fresh_IMG_20250412_115658_TIMEBURST11_2983_horizontal_flip_iter4.jpg,JPG,1289x1289,24,Xiaomi,2312DRAABI,72,f/0.0,52,Daylight,16,29-05-2025 09:42
Black Round Fresh,black_round_fresh_IMG_20250412_115658_TIMEBURST12_2931_gamma_iter3.jpg,JPG,955x955,24,Xiaomi,2312DRAABI,72,f/0.0,53,Daylight,16,29-05-2025 09:42
Black Round Fresh,black_round_fresh_IMG_20250412_115658_TIMEBURST11_2983_brightness_contrast_iter4.jpg,JPG,1289x1289,24,Xiaomi,2312DRAABI,72,f/0.0,52,Daylight,16,29-05-2025 09:42
Black Round Fresh,black_round_fresh_IMG_20250412_115658_TIMEBURST10_3015_gamma_iter4.jpg,JPG,1308x1308,24,Xiaomi,2312DRAABI,72,f/0.0,51,Daylight,16,29-05-2025 09:42
Black Round Fresh,black_round_fresh_IMG_20250412_115658_TIMEBURST12_2931_rgb_shift_iter3.jpg,JPG,955x955,24,Xiaomi,2312DRAABI,72,f/0.0,53,Daylight,16,29-05-2025 09:42
Black Round Fresh,black_round_fresh_IMG_20250412_115658_TIMEBURST11_2983_gamma_iter4.jpg,JPG,1289x1289,24,Xiaomi,2312DRAABI,72,f/0.0,51,Daylight,16,29-05-2025 09:42
Black Round Fresh,black_round_fresh_IMG_20250412_115658_TIMEBURST12_2931_rotate_iter4.jpg,JPG,955x955,24,Xiaomi,2312DRAABI,72,f/0.0,51,Daylight,16,29-05-2025 09:42
Black Round Fresh,black_round_fresh_IMG_20250412_115658_TIMEBURST10_3015_rgb_shift_iter4.jpg,JPG,1308x1308,24,Xiaomi,2312DRAABI,72,f/0.0,52,Daylight,16,29-05-2025 09:42
Black Round Fresh,black_round_fresh_IMG_20250412_115658_TIMEBURST12_2931_horizontal_flip_iter4.jpg,JPG,955x955,24,Xiaomi,2312DRAABI,72,f/0.0,51,Daylight,16,29-05-2025 09:42
Black Round Fresh,black_round_fresh_IMG_20250412_115658_TIMEBURST11_2983_rgb_shift_iter4.jpg,JPG,1289x1289,24,Xiaomi,2312DRAABI,72,f/0.0,51,Daylight,16,29-05-2025 09:42
Black Round Fresh,black_round_fresh_IMG_20250412_115658_TIMEBURST12_2931_brightness_contrast_iter4.jpg,JPG,955x955,24,Xiaomi,2312DRAABI,72,f/0.0,51,Daylight,16,29-05-2025 09:42
Black Round Fresh,black_round_fresh_IMG_20250412_115658_TIMEBURST10_3015_rotate_iter5.jpg,JPG,1308x1308,24,Xiaomi,2312DRAABI,72,f/0.0,51,Daylight,16,29-05-2025 09:42
Black Round Fresh,black_round_fresh_IMG_20250412_115658_TIMEBURST12_2931_gamma_iter4.jpg,JPG,955x955,24,Xiaomi,2312DRAABI,72,f/0.0,50,Daylight,16,29-05-2025 09:42
Black Round Fresh,black_round_fresh_IMG_20250412_115658_TIMEBURST11_2983_rotate_iter5.jpg,JPG,1289x1289,24,Xiaomi,2312DRAABI,72,f/0.0,52,Daylight,16,29-05-2025 09:42
Black Round Fresh,black_round_fresh_IMG_20250412_115658_TIMEBURST10_3015_horizontal_flip_iter5.jpg,JPG,1308x1308,24,Xiaomi,2312DRAABI,72,f/0.0,54,Daylight,16,29-05-2025 09:42
Black Round Fresh,black_round_fresh_IMG_20250412_115658_TIMEBURST12_2931_rgb_shift_iter4.jpg,JPG,955x955,24,Xiaomi,2312DRAABI,72,f/0.0,52,Daylight,16,29-05-2025 09:42
Black Round Fresh,black_round_fresh_IMG_20250412_115658_TIMEBURST11_2983_horizontal_flip_iter5.jpg,JPG,1289x1289,24,Xiaomi,2312DRAABI,72,f/0.0,52,Daylight,16,29-05-2025 09:42
Black Round Fresh,black_round_fresh_IMG_20250412_115658_TIMEBURST10_3015_brightness_contrast_iter5.jpg,JPG,1308x1308,24,Xiaomi,2312DRAABI,72,f/0.0,52,Daylight,16,29-05-2025 09:42
Black Round Fresh,black_round_fresh_IMG_20250412_115658_TIMEBURST12_2931_rotate_iter5.jpg,JPG,955x955,24,Xiaomi,2312DRAABI,72,f/0.0,50,Daylight,16,29-05-2025 09:42
Black Round Fresh,black_round_fresh_IMG_20250412_115658_TIMEBURST11_2983_brightness_contrast_iter5.jpg,JPG,1289x1289,24,Xiaomi,2312DRAABI,72,f/0.0,51,Daylight,16,29-05-2025 09:42
Black Round Fresh,black_round_fresh_IMG_20250412_115658_TIMEBURST10_3015_gamma_iter5.jpg,JPG,1308x1308,24,Xiaomi,2312DRAABI,72,f/0.0,53,Daylight,16,29-05-2025 09:42
Black Round Fresh,black_round_fresh_IMG_20250412_115658_TIMEBURST12_2931_horizontal_flip_iter5.jpg,JPG,955x955,24,Xiaomi,2312DRAABI,72,f/0.0,53,Daylight,16,29-05-2025 09:42
Black Round Fresh,black_round_fresh_IMG_20250412_115658_TIMEBURST11_2983_gamma_iter5.jpg,JPG,1289x1289,24,Xiaomi,2312DRAABI,72,f/0.0,52,Daylight,16,29-05-2025 09:42
Black Round Fresh,black_round_fresh_IMG_20250412_115658_TIMEBURST12_2931_brightness_contrast_iter5.jpg,JPG,955x955,24,Xiaomi,2312DRAABI,72,f/0.0,52,Daylight,16,29-05-2025 09:42
Black Round Fresh,black_round_fresh_IMG_20250412_115658_TIMEBURST10_3015_rgb_shift_iter5.jpg,JPG,1308x1308,24,Xiaomi,2312DRAABI,72,f/0.0,51,Daylight,16,29-05-2025 09:42
Black Round Fresh,black_round_fresh_IMG_20250412_115658_TIMEBURST12_2931_gamma_iter5.jpg,JPG,955x955,24,Xiaomi,2312DRAABI,72,f/0.0,54,Daylight,16,29-05-2025 09:42
Black Round Fresh,black_round_fresh_IMG_20250412_115658_TIMEBURST11_2983_rgb_shift_iter5.jpg,JPG,1289x1289,24,Xiaomi,2312DRAABI,72,f/0.0,53,Daylight,16,29-05-2025 09:42
Black Round Fresh,black_round_fresh_IMG_20250412_115658_TIMEBURST13_2914_rotate_iter1.jpg,JPG,1003x1003,24,Xiaomi,2312DRAABI,72,f/0.0,50,Daylight,16,29-05-2025 09:42
Black Round Fresh,black_round_fresh_IMG_20250412_115658_TIMEBURST12_2931_rgb_shift_iter5.jpg,JPG,955x955,24,Xiaomi,2312DRAABI,72,f/0.0,52,Daylight,16,29-05-2025 09:42
Black Round Fresh,black_round_fresh_IMG_20250412_115658_TIMEBURST13_2914_horizontal_flip_iter1.jpg,JPG,1003x1003,24,Xiaomi,2312DRAABI,72,f/0.0,51,Daylight,16,29-05-2025 09:42
Black Round Fresh,black_round_fresh_IMG_20250412_115658_TIMEBURST13_2914_brightness_contrast_iter1.jpg,JPG,1003x1003,24,Xiaomi,2312DRAABI,72,f/0.0,50,Daylight,16,29-05-2025 09:42
Black Round Fresh,black_round_fresh_IMG_20250412_115658_TIMEBURST13_2914_gamma_iter1.jpg,JPG,1003x1003,24,Xiaomi,2312DRAABI,72,f/0.0,51,Daylight,16,29-05-2025 09:42
Black Round Fresh,black_round_fresh_IMG_20250412_115658_TIMEBURST15_3362_rotate_iter1.jpg,JPG,1121x1121,24,Xiaomi,2312DRAABI,72,f/0.0,53,Daylight,16,29-05-2025 09:42
Black Round Fresh,black_round_fresh_IMG_20250412_115658_TIMEBURST13_2914_rgb_shift_iter1.jpg,JPG,1003x1003,24,Xiaomi,2312DRAABI,72,f/0.0,53,Daylight,16,29-05-2025 09:42
Black Round Fresh,black_round_fresh_IMG_20250412_115658_TIMEBURST14_3495_rotate_iter1.jpg,JPG,1064x1064,24,Xiaomi,2312DRAABI,72,f/0.0,53,Daylight,16,29-05-2025 09:42
Black Round Fresh,black_round_fresh_IMG_20250412_115658_TIMEBURST15_3362_horizontal_flip_iter1.jpg,JPG,1121x1121,24,Xiaomi,2312DRAABI,72,f/0.0,53,Daylight,16,29-05-2025 09:42
Black Round Fresh,black_round_fresh_IMG_20250412_115658_TIMEBURST14_3495_horizontal_flip_iter1.jpg,JPG,1064x1064,24,Xiaomi,2312DRAABI,72,f/0.0,53,Daylight,16,29-05-2025 09:42
Black Round Fresh,black_round_fresh_IMG_20250412_115658_TIMEBURST13_2914_rotate_iter2.jpg,JPG,1003x1003,24,Xiaomi,2312DRAABI,72,f/0.0,51,Daylight,16,29-05-2025 09:42
Black Round Fresh,black_round_fresh_IMG_20250412_115658_TIMEBURST14_3495_brightness_contrast_iter1.jpg,JPG,1064x1064,24,Xiaomi,2312DRAABI,72,f/0.0,53,Daylight,16,29-05-2025 09:42
Black Round Fresh,black_round_fresh_IMG_20250412_115658_TIMEBURST16_3541_rotate_iter1.jpg,JPG,1519x1519,24,Xiaomi,2312DRAABI,72,f/0.0,51,Daylight,16,29-05-2025 09:42
Black Round Fresh,black_round_fresh_IMG_20250412_115658_TIMEBURST15_3362_brightness_contrast_iter1.jpg,JPG,1121x1121,24,Xiaomi,2312DRAABI,72,f/0.0,51,Daylight,16,29-05-2025 09:42
Black Round Fresh,black_round_fresh_IMG_20250412_115658_TIMEBURST13_2914_horizontal_flip_iter2.jpg,JPG,1003x1003,24,Xiaomi,2312DRAABI,72,f/0.0,53,Daylight,16,29-05-2025 09:42
Black Round Fresh,black_round_fresh_IMG_20250412_115658_TIMEBURST14_3495_gamma_iter1.jpg,JPG,1064x1064,24,Xiaomi,2312DRAABI,72,f/0.0,52,Daylight,16,29-05-2025 09:42
Black Round Fresh,black_round_fresh_IMG_20250412_115658_TIMEBURST13_2914_brightness_contrast_iter2.jpg,JPG,1003x1003,24,Xiaomi,2312DRAABI,72,f/0.0,53,Daylight,16,29-05-2025 09:42
Black Round Fresh,black_round_fresh_IMG_20250412_115658_TIMEBURST15_3362_gamma_iter1.jpg,JPG,1121x1121,24,Xiaomi,2312DRAABI,72,f/0.0,53,Daylight,16,29-05-2025 09:42
Black Round Fresh,black_round_fresh_IMG_20250412_115658_TIMEBURST16_3541_horizontal_flip_iter1.jpg,JPG,1519x1519,24,Xiaomi,2312DRAABI,72,f/0.0,53,Daylight,16,29-05-2025 09:42
Black Round Fresh,black_round_fresh_IMG_20250412_115658_TIMEBURST13_2914_gamma_iter2.jpg,JPG,1003x1003,24,Xiaomi,2312DRAABI,72,f/0.0,51,Daylight,16,29-05-2025 09:42
Black Round Fresh,black_round_fresh_IMG_20250412_115658_TIMEBURST14_3495_rgb_shift_iter1.jpg,JPG,1064x1064,24,Xiaomi,2312DRAABI,72,f/0.0,51,Daylight,16,29-05-2025 09:42
Black Round Fresh,black_round_fresh_IMG_20250412_115658_TIMEBURST16_3541_brightness_contrast_iter1.jpg,JPG,1519x1519,24,Xiaomi,2312DRAABI,72,f/0.0,50,Daylight,16,29-05-2025 09:42
Black Round Fresh,black_round_fresh_IMG_20250412_115658_TIMEBURST15_3362_rgb_shift_iter1.jpg,JPG,1121x1121,24,Xiaomi,2312DRAABI,72,f/0.0,52,Daylight,16,29-05-2025 09:42
Black Round Fresh,black_round_fresh_IMG_20250412_115658_TIMEBURST13_2914_rgb_shift_iter2.jpg,JPG,1003x1003,24,Xiaomi,2312DRAABI,72,f/0.0,52,Daylight,16,29-05-2025 09:42
Black Round Fresh,black_round_fresh_IMG_20250412_115658_TIMEBURST14_3495_rotate_iter2.jpg,JPG,1064x1064,24,Xiaomi,2312DRAABI,72,f/0.0,52,Daylight,16,29-05-2025 09:42
Black Round Fresh,black_round_fresh_IMG_20250412_115658_TIMEBURST15_3362_rotate_iter2.jpg,JPG,1121x1121,24,Xiaomi,2312DRAABI,72,f/0.0,52,Daylight,16,29-05-2025 09:42
Black Round Fresh,black_round_fresh_IMG_20250412_115658_TIMEBURST16_3541_gamma_iter1.jpg,JPG,1519x1519,24,Xiaomi,2312DRAABI,72,f/0.0,51,Daylight,16,29-05-2025 09:42
Black Round Fresh,black_round_fresh_IMG_20250412_115658_TIMEBURST14_3495_horizontal_flip_iter2.jpg,JPG,1064x1064,24,Xiaomi,2312DRAABI,72,f/0.0,53,Daylight,16,29-05-2025 09:42
Black Round Fresh,black_round_fresh_IMG_20250412_115658_TIMEBURST13_2914_rotate_iter3.jpg,JPG,1003x1003,24,Xiaomi,2312DRAABI,72,f/0.0,53,Daylight,16,29-05-2025 09:42
Black Round Fresh,black_round_fresh_IMG_20250412_115658_TIMEBURST15_3362_horizontal_flip_iter2.jpg,JPG,1121x1121,24,Xiaomi,2312DRAABI,72,f/0.0,51,Daylight,16,29-05-2025 09:42
Black Round Fresh,black_round_fresh_IMG_20250412_115658_TIMEBURST14_3495_brightness_contrast_iter2.jpg,JPG,1064x1064,24,Xiaomi,2312DRAABI,72,f/0.0,53,Daylight,16,29-05-2025 09:42
Black Round Fresh,black_round_fresh_IMG_20250412_115658_TIMEBURST13_2914_horizontal_flip_iter3.jpg,JPG,1003x1003,24,Xiaomi,2312DRAABI,72,f/0.0,54,Daylight,16,29-05-2025 09:42
Black Round Fresh,black_round_fresh_IMG_20250412_115658_TIMEBURST16_3541_rgb_shift_iter1.jpg,JPG,1519x1519,24,Xiaomi,2312DRAABI,72,f/0.0,53,Daylight,16,29-05-2025 09:42
Black Round Fresh,black_round_fresh_IMG_20250412_115658_TIMEBURST14_3495_gamma_iter2.jpg,JPG,1064x1064,24,Xiaomi,2312DRAABI,72,f/0.0,51,Daylight,16,29-05-2025 09:42
Black Round Fresh,black_round_fresh_IMG_20250412_115658_TIMEBURST15_3362_brightness_contrast_iter2.jpg,JPG,1121x1121,24,Xiaomi,2312DRAABI,72,f/0.0,53,Daylight,16,29-05-2025 09:42
Black Round Fresh,black_round_fresh_IMG_20250412_115658_TIMEBURST13_2914_brightness_contrast_iter3.jpg,JPG,1003x1003,24,Xiaomi,2312DRAABI,72,f/0.0,52,Daylight,16,29-05-2025 09:42
Black Round Fresh,black_round_fresh_IMG_20250412_115658_TIMEBURST16_3541_rotate_iter2.jpg,JPG,1519x1519,24,Xiaomi,2312DRAABI,72,f/0.0,50,Daylight,16,29-05-2025 09:42
Black Round Fresh,black_round_fresh_IMG_20250412_115658_TIMEBURST13_2914_gamma_iter3.jpg,JPG,1003x1003,24,Xiaomi,2312DRAABI,72,f/0.0,52,Daylight,16,29-05-2025 09:42
Black Round Fresh,black_round_fresh_IMG_20250412_115658_TIMEBURST15_3362_gamma_iter2.jpg,JPG,1121x1121,24,Xiaomi,2312DRAABI,72,f/0.0,52,Daylight,16,29-05-2025 09:42
Black Round Fresh,black_round_fresh_IMG_20250412_115658_TIMEBURST14_3495_rgb_shift_iter2.jpg,JPG,1064x1064,24,Xiaomi,2312DRAABI,72,f/0.0,51,Daylight,16,29-05-2025 09:42
Black Round Fresh,black_round_fresh_IMG_20250412_115658_TIMEBURST16_3541_horizontal_flip_iter2.jpg,JPG,1519x1519,24,Xiaomi,2312DRAABI,72,f/0.0,51,Daylight,16,29-05-2025 09:42
Black Round Fresh,black_round_fresh_IMG_20250412_115658_TIMEBURST14_3495_rotate_iter3.jpg,JPG,1064x1064,24,Xiaomi,2312DRAABI,72,f/0.0,51,Daylight,16,29-05-2025 09:42
Black Round Fresh,black_round_fresh_IMG_20250412_115658_TIMEBURST13_2914_rgb_shift_iter3.jpg,JPG,1003x1003,24,Xiaomi,2312DRAABI,72,f/0.0,53,Daylight,16,29-05-2025 09:42
Black Round Fresh,black_round_fresh_IMG_20250412_115658_TIMEBURST15_3362_rgb_shift_iter2.jpg,JPG,1121x1121,24,Xiaomi,2312DRAABI,72,f/0.0,51,Daylight,16,29-05-2025 09:42
Black Round Fresh,black_round_fresh_IMG_20250412_115658_TIMEBURST14_3495_horizontal_flip_iter3.jpg,JPG,1064x1064,24,Xiaomi,2312DRAABI,72,f/0.0,50,Daylight,16,29-05-2025 09:42
Black Round Fresh,black_round_fresh_IMG_20250412_115658_TIMEBURST16_3541_brightness_contrast_iter2.jpg,JPG,1519x1519,24,Xiaomi,2312DRAABI,72,f/0.0,51,Daylight,16,29-05-2025 09:42
Black Round Fresh,black_round_fresh_IMG_20250412_115658_TIMEBURST13_2914_rotate_iter4.jpg,JPG,1003x1003,24,Xiaomi,2312DRAABI,72,f/0.0,51,Daylight,16,29-05-2025 09:42
Black Round Fresh,black_round_fresh_IMG_20250412_115658_TIMEBURST14_3495_brightness_contrast_iter3.jpg,JPG,1064x1064,24,Xiaomi,2312DRAABI,72,f/0.0,52,Daylight,16,29-05-2025 09:42
Black Round Fresh,black_round_fresh_IMG_20250412_115658_TIMEBURST13_2914_horizontal_flip_iter4.jpg,JPG,1003x1003,24,Xiaomi,2312DRAABI,72,f/0.0,51,Daylight,16,29-05-2025 09:42
Black Round Fresh,black_round_fresh_IMG_20250412_115658_TIMEBURST15_3362_rotate_iter3.jpg,JPG,1121x1121,24,Xiaomi,2312DRAABI,72,f/0.0,52,Daylight,16,29-05-2025 09:42
Black Round Fresh,black_round_fresh_IMG_20250412_115658_TIMEBURST16_3541_gamma_iter2.jpg,JPG,1519x1519,24,Xiaomi,2312DRAABI,72,f/0.0,50,Daylight,16,29-05-2025 09:42
Black Round Fresh,black_round_fresh_IMG_20250412_115658_TIMEBURST13_2914_brightness_contrast_iter4.jpg,JPG,1003x1003,24,Xiaomi,2312DRAABI,72,f/0.0,53,Daylight,16,29-05-2025 09:42
Black Round Fresh,black_round_fresh_IMG_20250412_115658_TIMEBURST14_3495_gamma_iter3.jpg,JPG,1064x1064,24,Xiaomi,2312DRAABI,72,f/0.0,52,Daylight,16,29-05-2025 09:42
Black Round Fresh,black_round_fresh_IMG_20250412_115658_TIMEBURST15_3362_horizontal_flip_iter3.jpg,JPG,1121x1121,24,Xiaomi,2312DRAABI,72,f/0.0,52,Daylight,16,29-05-2025 09:42
Black Round Fresh,black_round_fresh_IMG_20250412_115658_TIMEBURST13_2914_gamma_iter4.jpg,JPG,1003x1003,24,Xiaomi,2312DRAABI,72,f/0.0,54,Daylight,16,29-05-2025 09:42
Black Round Fresh,black_round_fresh_IMG_20250412_115658_TIMEBURST15_3362_brightness_contrast_iter3.jpg,JPG,1121x1121,24,Xiaomi,2312DRAABI,72,f/0.0,50,Daylight,16,29-05-2025 09:42
Black Round Fresh,black_round_fresh_IMG_20250412_115658_TIMEBURST14_3495_rgb_shift_iter3.jpg,JPG,1064x1064,24,Xiaomi,2312DRAABI,72,f/0.0,54,Daylight,16,29-05-2025 09:42
Black Round Fresh,black_round_fresh_IMG_20250412_115658_TIMEBURST16_3541_rgb_shift_iter2.jpg,JPG,1519x1519,24,Xiaomi,2312DRAABI,72,f/0.0,54,Daylight,16,29-05-2025 09:42
Black Round Fresh,black_round_fresh_IMG_20250412_115658_TIMEBURST15_3362_gamma_iter3.jpg,JPG,1121x1121,24,Xiaomi,2312DRAABI,72,f/0.0,54,Daylight,16,29-05-2025 09:42
Black Round Fresh,black_round_fresh_IMG_20250412_115658_TIMEBURST13_2914_rgb_shift_iter4.jpg,JPG,1003x1003,24,Xiaomi,2312DRAABI,72,f/0.0,52,Daylight,16,29-05-2025 09:42
Black Round Fresh,black_round_fresh_IMG_20250412_115658_TIMEBURST14_3495_rotate_iter4.jpg,JPG,1064x1064,24,Xiaomi,2312DRAABI,72,f/0.0,53,Daylight,16,29-05-2025 09:42
Black Round Fresh,black_round_fresh_IMG_20250412_115658_TIMEBURST15_3362_rgb_shift_iter3.jpg,JPG,1121x1121,24,Xiaomi,2312DRAABI,72,f/0.0,53,Daylight,16,29-05-2025 09:42
Black Round Fresh,black_round_fresh_IMG_20250412_115658_TIMEBURST13_2914_rotate_iter5.jpg,JPG,1003x1003,24,Xiaomi,2312DRAABI,72,f/0.0,51,Daylight,16,29-05-2025 09:42
Black Round Fresh,black_round_fresh_IMG_20250412_115658_TIMEBURST14_3495_horizontal_flip_iter4.jpg,JPG,1064x1064,24,Xiaomi,2312DRAABI,72,f/0.0,52,Daylight,16,29-05-2025 09:42
Black Round Fresh,black_round_fresh_IMG_20250412_115658_TIMEBURST13_2914_horizontal_flip_iter5.jpg,JPG,1003x1003,24,Xiaomi,2312DRAABI,72,f/0.0,50,Daylight,16,29-05-2025 09:42
Black Round Fresh,black_round_fresh_IMG_20250412_115658_TIMEBURST14_3495_brightness_contrast_iter4.jpg,JPG,1064x1064,24,Xiaomi,2312DRAABI,72,f/0.0,50,Daylight,16,29-05-2025 09:42
Black Round Fresh,black_round_fresh_IMG_20250412_115658_TIMEBURST13_2914_brightness_contrast_iter5.jpg,JPG,1003x1003,24,Xiaomi,2312DRAABI,72,f/0.0,53,Daylight,16,29-05-2025 09:42
Black Round Fresh,black_round_fresh_IMG_20250412_115658_TIMEBURST16_3541_rotate_iter3.jpg,JPG,1519x1519,24,Xiaomi,2312DRAABI,72,f/0.0,52,Daylight,16,29-05-2025 09:42
Black Round Fresh,black_round_fresh_IMG_20250412_115658_TIMEBURST14_3495_gamma_iter4.jpg,JPG,1064x1064,24,Xiaomi,2312DRAABI,72,f/0.0,54,Daylight,16,29-05-2025 09:42
Black Round Fresh,black_round_fresh_IMG_20250412_115658_TIMEBURST15_3362_rotate_iter4.jpg,JPG,1121x1121,24,Xiaomi,2312DRAABI,72,f/0.0,51,Daylight,16,29-05-2025 09:42
Black Round Fresh,black_round_fresh_IMG_20250412_115658_TIMEBURST13_2914_gamma_iter5.jpg,JPG,1003x1003,24,Xiaomi,2312DRAABI,72,f/0.0,53,Daylight,16,29-05-2025 09:42
Black Round Fresh,black_round_fresh_IMG_20250412_115658_TIMEBURST15_3362_horizontal_flip_iter4.jpg,JPG,1121x1121,24,Xiaomi,2312DRAABI,72,f/0.0,52,Daylight,16,29-05-2025 09:42
Black Round Fresh,black_round_fresh_IMG_20250412_115658_TIMEBURST16_3541_horizontal_flip_iter3.jpg,JPG,1519x1519,24,Xiaomi,2312DRAABI,72,f/0.0,54,Daylight,16,29-05-2025 09:42
Black Round Fresh,black_round_fresh_IMG_20250412_115658_TIMEBURST14_3495_rgb_shift_iter4.jpg,JPG,1064x1064,24,Xiaomi,2312DRAABI,72,f/0.0,51,Daylight,16,29-05-2025 09:42
Black Round Fresh,black_round_fresh_IMG_20250412_115658_TIMEBURST15_3362_brightness_contrast_iter4.jpg,JPG,1121x1121,24,Xiaomi,2312DRAABI,72,f/0.0,51,Daylight,16,29-05-2025 09:42
Black Round Fresh,black_round_fresh_IMG_20250412_115658_TIMEBURST13_2914_rgb_shift_iter5.jpg,JPG,1003x1003,24,Xiaomi,2312DRAABI,72,f/0.0,52,Daylight,16,29-05-2025 09:42
Black Round Fresh,black_round_fresh_IMG_20250412_115658_TIMEBURST16_3541_brightness_contrast_iter3.jpg,JPG,1519x1519,24,Xiaomi,2312DRAABI,72,f/0.0,52,Daylight,16,29-05-2025 09:42
Black Round Fresh,black_round_fresh_IMG_20250412_115658_TIMEBURST14_3495_rotate_iter5.jpg,JPG,1064x1064,24,Xiaomi,2312DRAABI,72,f/0.0,52,Daylight,16,29-05-2025 09:42
Black Round Fresh,black_round_fresh_IMG_20250412_115658_TIMEBURST15_3362_gamma_iter4.jpg,JPG,1121x1121,24,Xiaomi,2312DRAABI,72,f/0.0,52,Daylight,16,29-05-2025 09:42
Black Round Fresh,black_round_fresh_IMG_20250412_115658_TIMEBURST14_3495_horizontal_flip_iter5.jpg,JPG,1064x1064,24,Xiaomi,2312DRAABI,72,f/0.0,50,Daylight,16,29-05-2025 09:42
Black Round Fresh,black_round_fresh_IMG_20250412_115658_TIMEBURST16_3541_gamma_iter3.jpg,JPG,1519x1519,24,Xiaomi,2312DRAABI,72,f/0.0,52,Daylight,16,29-05-2025 09:42
Black Round Fresh,black_round_fresh_IMG_20250412_115658_TIMEBURST14_3495_brightness_contrast_iter5.jpg,JPG,1064x1064,24,Xiaomi,2312DRAABI,72,f/0.0,53,Daylight,16,29-05-2025 09:42
Black Round Fresh,black_round_fresh_IMG_20250412_115658_TIMEBURST15_3362_rgb_shift_iter4.jpg,JPG,1121x1121,24,Xiaomi,2312DRAABI,72,f/0.0,51,Daylight,16,29-05-2025 09:42
Black Round Fresh,black_round_fresh_IMG_20250412_115658_TIMEBURST14_3495_gamma_iter5.jpg,JPG,1064x1064,24,Xiaomi,2312DRAABI,72,f/0.0,51,Daylight,16,29-05-2025 09:42
Black Round Fresh,black_round_fresh_IMG_20250412_115658_TIMEBURST15_3362_rotate_iter5.jpg,JPG,1121x1121,24,Xiaomi,2312DRAABI,72,f/0.0,51,Daylight,16,29-05-2025 09:42
Black Round Fresh,black_round_fresh_IMG_20250412_115658_TIMEBURST16_3541_rgb_shift_iter3.jpg,JPG,1519x1519,24,Xiaomi,2312DRAABI,72,f/0.0,51,Daylight,16,29-05-2025 09:42
Black Round Fresh,black_round_fresh_IMG_20250412_115658_TIMEBURST14_3495_rgb_shift_iter5.jpg,JPG,1064x1064,24,Xiaomi,2312DRAABI,72,f/0.0,51,Daylight,16,29-05-2025 09:42
Black Round Fresh,black_round_fresh_IMG_20250412_115658_TIMEBURST15_3362_horizontal_flip_iter5.jpg,JPG,1121x1121,24,Xiaomi,2312DRAABI,72,f/0.0,50,Daylight,16,29-05-2025 09:42
Black Round Fresh,black_round_fresh_IMG_20250412_115658_TIMEBURST15_3362_brightness_contrast_iter5.jpg,JPG,1121x1121,24,Xiaomi,2312DRAABI,72,f/0.0,53,Daylight,16,29-05-2025 09:42
Black Round Fresh,black_round_fresh_IMG_20250412_115658_TIMEBURST16_3541_rotate_iter4.jpg,JPG,1519x1519,24,Xiaomi,2312DRAABI,72,f/0.0,52,Daylight,16,29-05-2025 09:42
Black Round Fresh,black_round_fresh_IMG_20250412_115658_TIMEBURST15_3362_gamma_iter5.jpg,JPG,1121x1121,24,Xiaomi,2312DRAABI,72,f/0.0,53,Daylight,16,29-05-2025 09:42
Black Round Fresh,black_round_fresh_IMG_20250412_115658_TIMEBURST16_3541_horizontal_flip_iter4.jpg,JPG,1519x1519,24,Xiaomi,2312DRAABI,72,f/0.0,52,Daylight,16,29-05-2025 09:42
Black Round Fresh,black_round_fresh_IMG_20250412_115658_TIMEBURST15_3362_rgb_shift_iter5.jpg,JPG,1121x1121,24,Xiaomi,2312DRAABI,72,f/0.0,51,Daylight,16,29-05-2025 09:42
Black Round Fresh,black_round_fresh_IMG_20250412_115658_TIMEBURST16_3541_brightness_contrast_iter4.jpg,JPG,1519x1519,24,Xiaomi,2312DRAABI,72,f/0.0,53,Daylight,16,29-05-2025 09:42
Black Round Fresh,black_round_fresh_IMG_20250412_115658_TIMEBURST16_3541_gamma_iter4.jpg,JPG,1519x1519,24,Xiaomi,2312DRAABI,72,f/0.0,51,Daylight,16,29-05-2025 09:42
Black Round Fresh,black_round_fresh_IMG_20250412_115658_TIMEBURST16_3541_rgb_shift_iter4.jpg,JPG,1519x1519,24,Xiaomi,2312DRAABI,72,f/0.0,51,Daylight,16,29-05-2025 09:42
Black Round Fresh,black_round_fresh_IMG_20250412_115658_TIMEBURST16_3541_rotate_iter5.jpg,JPG,1519x1519,24,Xiaomi,2312DRAABI,72,f/0.0,52,Daylight,16,29-05-2025 09:42
Black Round Fresh,black_round_fresh_IMG_20250412_115658_TIMEBURST16_3541_horizontal_flip_iter5.jpg,JPG,1519x1519,24,Xiaomi,2312DRAABI,72,f/0.0,51,Daylight,16,29-05-2025 09:42
Black Round Fresh,black_round_fresh_IMG_20250412_115658_TIMEBURST16_3541_brightness_contrast_iter5.jpg,JPG,1519x1519,24,Xiaomi,2312DRAABI,72,f/0.0,51,Daylight,16,29-05-2025 09:42
Black Round Fresh,black_round_fresh_IMG_20250412_115658_TIMEBURST16_3541_gamma_iter5.jpg,JPG,1519x1519,24,Xiaomi,2312DRAABI,72,f/0.0,51,Daylight,16,29-05-2025 09:42
Black Round Fresh,black_round_fresh_IMG_20250412_115658_TIMEBURST16_3541_rgb_shift_iter5.jpg,JPG,1519x1519,24,Xiaomi,2312DRAABI,72,f/0.0,51,Daylight,16,29-05-2025 09:42
Black Round Fresh,black_round_fresh_IMG_20250412_115658_TIMEBURST17_3635_rotate_iter1.jpg,JPG,1015x1015,24,Xiaomi,2312DRAABI,72,f/0.0,50,Daylight,16,29-05-2025 09:42
Black Round Fresh,black_round_fresh_IMG_20250412_115658_TIMEBURST17_3635_horizontal_flip_iter1.jpg,JPG,1015x1015,24,Xiaomi,2312DRAABI,72,f/0.0,52,Daylight,16,29-05-2025 09:42
Black Round Fresh,black_round_fresh_IMG_20250412_115658_TIMEBURST17_3635_brightness_contrast_iter1.jpg,JPG,1015x1015,24,Xiaomi,2312DRAABI,72,f/0.0,54,Daylight,16,29-05-2025 09:42
Black Round Fresh,black_round_fresh_IMG_20250412_115658_TIMEBURST17_3635_gamma_iter1.jpg,JPG,1015x1015,24,Xiaomi,2312DRAABI,72,f/0.0,52,Daylight,16,29-05-2025 09:42
Black Round Fresh,black_round_fresh_IMG_20250412_115658_TIMEBURST17_3635_rgb_shift_iter1.jpg,JPG,1015x1015,24,Xiaomi,2312DRAABI,72,f/0.0,52,Daylight,16,29-05-2025 09:42
Black Round Fresh,black_round_fresh_IMG_20250412_115658_TIMEBURST17_3635_rotate_iter2.jpg,JPG,1015x1015,24,Xiaomi,2312DRAABI,72,f/0.0,52,Daylight,16,29-05-2025 09:42
Black Round Fresh,black_round_fresh_IMG_20250412_115658_TIMEBURST17_3635_horizontal_flip_iter2.jpg,JPG,1015x1015,24,Xiaomi,2312DRAABI,72,f/0.0,50,Daylight,16,29-05-2025 09:42
Black Round Fresh,black_round_fresh_IMG_20250412_115658_TIMEBURST18_3670_rotate_iter1.jpg,JPG,1121x1121,24,Xiaomi,2312DRAABI,72,f/0.0,51,Daylight,16,29-05-2025 09:42
Black Round Fresh,black_round_fresh_IMG_20250412_115658_TIMEBURST19_3178_rotate_iter1.jpg,JPG,1008x1008,24,Xiaomi,2312DRAABI,72,f/0.0,53,Daylight,16,29-05-2025 09:42
Black Round Fresh,black_round_fresh_IMG_20250412_115658_TIMEBURST18_3670_horizontal_flip_iter1.jpg,JPG,1121x1121,24,Xiaomi,2312DRAABI,72,f/0.0,53,Daylight,16,29-05-2025 09:42
Black Round Fresh,black_round_fresh_IMG_20250412_115658_TIMEBURST17_3635_brightness_contrast_iter2.jpg,JPG,1015x1015,24,Xiaomi,2312DRAABI,72,f/0.0,52,Daylight,16,29-05-2025 09:42
Black Round Fresh,black_round_fresh_IMG_20250412_115658_TIMEBURST17_3635_gamma_iter2.jpg,JPG,1015x1015,24,Xiaomi,2312DRAABI,72,f/0.0,52,Daylight,16,29-05-2025 09:42
Black Round Fresh,black_round_fresh_IMG_20250412_115658_TIMEBURST19_3178_horizontal_flip_iter1.jpg,JPG,1008x1008,24,Xiaomi,2312DRAABI,72,f/0.0,51,Daylight,16,29-05-2025 09:42
Black Round Fresh,black_round_fresh_IMG_20250412_115658_TIMEBURST18_3670_brightness_contrast_iter1.jpg,JPG,1121x1121,24,Xiaomi,2312DRAABI,72,f/0.0,54,Daylight,16,29-05-2025 09:42
Black Round Fresh,black_round_fresh_IMG_20250412_115658_TIMEBURST19_3178_brightness_contrast_iter1.jpg,JPG,1008x1008,24,Xiaomi,2312DRAABI,72,f/0.0,53,Daylight,16,29-05-2025 09:42
Black Round Fresh,black_round_fresh_IMG_20250412_115658_TIMEBURST20_2985_rotate_iter1.jpg,JPG,960x960,24,Xiaomi,2312DRAABI,72,f/0.0,50,Daylight,16,29-05-2025 09:42
Black Round Fresh,black_round_fresh_IMG_20250412_115658_TIMEBURST20_2985_horizontal_flip_iter1.jpg,JPG,960x960,24,Xiaomi,2312DRAABI,72,f/0.0,52,Daylight,16,29-05-2025 09:42
Black Round Fresh,black_round_fresh_IMG_20250412_115658_TIMEBURST18_3670_gamma_iter1.jpg,JPG,1121x1121,24,Xiaomi,2312DRAABI,72,f/0.0,51,Daylight,16,29-05-2025 09:42
Black Round Fresh,black_round_fresh_IMG_20250412_115658_TIMEBURST19_3178_gamma_iter1.jpg,JPG,1008x1008,24,Xiaomi,2312DRAABI,72,f/0.0,50,Daylight,16,29-05-2025 09:42
Black Round Fresh,black_round_fresh_IMG_20250412_115658_TIMEBURST17_3635_rgb_shift_iter2.jpg,JPG,1015x1015,24,Xiaomi,2312DRAABI,72,f/0.0,51,Daylight,16,29-05-2025 09:42
Black Round Fresh,black_round_fresh_IMG_20250412_115658_TIMEBURST18_3670_rgb_shift_iter1.jpg,JPG,1121x1121,24,Xiaomi,2312DRAABI,72,f/0.0,53,Daylight,16,29-05-2025 09:42
Black Round Fresh,black_round_fresh_IMG_20250412_115658_TIMEBURST20_2985_brightness_contrast_iter1.jpg,JPG,960x960,24,Xiaomi,2312DRAABI,72,f/0.0,53,Daylight,16,29-05-2025 09:42
Black Round Fresh,black_round_fresh_IMG_20250412_115658_TIMEBURST19_3178_rgb_shift_iter1.jpg,JPG,1008x1008,24,Xiaomi,2312DRAABI,72,f/0.0,53,Daylight,16,29-05-2025 09:42
Black Round Fresh,black_round_fresh_IMG_20250412_115658_TIMEBURST20_2985_gamma_iter1.jpg,JPG,960x960,24,Xiaomi,2312DRAABI,72,f/0.0,53,Daylight,16,29-05-2025 09:42
Black Round Fresh,black_round_fresh_IMG_20250412_115658_TIMEBURST17_3635_rotate_iter3.jpg,JPG,1015x1015,24,Xiaomi,2312DRAABI,72,f/0.0,53,Daylight,16,29-05-2025 09:42
Black Round Fresh,black_round_fresh_IMG_20250412_115658_TIMEBURST17_3635_horizontal_flip_iter3.jpg,JPG,1015x1015,24,Xiaomi,2312DRAABI,72,f/0.0,51,Daylight,16,29-05-2025 09:42
Black Round Fresh,black_round_fresh_IMG_20250412_115658_TIMEBURST18_3670_rotate_iter2.jpg,JPG,1121x1121,24,Xiaomi,2312DRAABI,72,f/0.0,53,Daylight,16,29-05-2025 09:42
Black Round Fresh,black_round_fresh_IMG_20250412_115658_TIMEBURST20_2985_rgb_shift_iter1.jpg,JPG,960x960,24,Xiaomi,2312DRAABI,72,f/0.0,51,Daylight,16,29-05-2025 09:42
Black Round Fresh,black_round_fresh_IMG_20250412_115658_TIMEBURST19_3178_rotate_iter2.jpg,JPG,1008x1008,24,Xiaomi,2312DRAABI,72,f/0.0,51,Daylight,16,29-05-2025 09:42
Black Round Fresh,black_round_fresh_IMG_20250412_115658_TIMEBURST18_3670_horizontal_flip_iter2.jpg,JPG,1121x1121,24,Xiaomi,2312DRAABI,72,f/0.0,53,Daylight,16,29-05-2025 09:42
Black Round Fresh,black_round_fresh_IMG_20250412_115658_TIMEBURST17_3635_brightness_contrast_iter3.jpg,JPG,1015x1015,24,Xiaomi,2312DRAABI,72,f/0.0,52,Daylight,16,29-05-2025 09:42
Black Round Fresh,black_round_fresh_IMG_20250412_115658_TIMEBURST20_2985_rotate_iter2.jpg,JPG,960x960,24,Xiaomi,2312DRAABI,72,f/0.0,53,Daylight,16,29-05-2025 09:42
Black Round Fresh,black_round_fresh_IMG_20250412_115658_TIMEBURST19_3178_horizontal_flip_iter2.jpg,JPG,1008x1008,24,Xiaomi,2312DRAABI,72,f/0.0,53,Daylight,16,29-05-2025 09:42
Black Round Fresh,black_round_fresh_IMG_20250412_115658_TIMEBURST18_3670_brightness_contrast_iter2.jpg,JPG,1121x1121,24,Xiaomi,2312DRAABI,72,f/0.0,53,Daylight,16,29-05-2025 09:42
Black Round Fresh,black_round_fresh_IMG_20250412_115658_TIMEBURST20_2985_horizontal_flip_iter2.jpg,JPG,960x960,24,Xiaomi,2312DRAABI,72,f/0.0,51,Daylight,16,29-05-2025 09:42
Black Round Fresh,black_round_fresh_IMG_20250412_115658_TIMEBURST17_3635_gamma_iter3.jpg,JPG,1015x1015,24,Xiaomi,2312DRAABI,72,f/0.0,51,Daylight,16,29-05-2025 09:42
Black Round Fresh,black_round_fresh_IMG_20250412_115658_TIMEBURST19_3178_brightness_contrast_iter2.jpg,JPG,1008x1008,24,Xiaomi,2312DRAABI,72,f/0.0,50,Daylight,16,29-05-2025 09:42
Black Round Fresh,black_round_fresh_IMG_20250412_115658_TIMEBURST20_2985_brightness_contrast_iter2.jpg,JPG,960x960,24,Xiaomi,2312DRAABI,72,f/0.0,52,Daylight,16,29-05-2025 09:42
Black Round Fresh,black_round_fresh_IMG_20250412_115658_TIMEBURST18_3670_gamma_iter2.jpg,JPG,1121x1121,24,Xiaomi,2312DRAABI,72,f/0.0,52,Daylight,16,29-05-2025 09:42
Black Round Fresh,black_round_fresh_IMG_20250412_115658_TIMEBURST19_3178_gamma_iter2.jpg,JPG,1008x1008,24,Xiaomi,2312DRAABI,72,f/0.0,52,Daylight,16,29-05-2025 09:42
Black Round Fresh,black_round_fresh_IMG_20250412_115658_TIMEBURST17_3635_rgb_shift_iter3.jpg,JPG,1015x1015,24,Xiaomi,2312DRAABI,72,f/0.0,52,Daylight,16,29-05-2025 09:42
Black Round Fresh,black_round_fresh_IMG_20250412_115658_TIMEBURST20_2985_gamma_iter2.jpg,JPG,960x960,24,Xiaomi,2312DRAABI,72,f/0.0,51,Daylight,16,29-05-2025 09:42
Black Round Fresh,black_round_fresh_IMG_20250412_115658_TIMEBURST18_3670_rgb_shift_iter2.jpg,JPG,1121x1121,24,Xiaomi,2312DRAABI,72,f/0.0,53,Daylight,16,29-05-2025 09:42
Black Round Fresh,black_round_fresh_IMG_20250412_115658_TIMEBURST19_3178_rgb_shift_iter2.jpg,JPG,1008x1008,24,Xiaomi,2312DRAABI,72,f/0.0,53,Daylight,16,29-05-2025 09:42
Black Round Fresh,black_round_fresh_IMG_20250412_115658_TIMEBURST20_2985_rgb_shift_iter2.jpg,JPG,960x960,24,Xiaomi,2312DRAABI,72,f/0.0,51,Daylight,16,29-05-2025 09:42
Black Round Fresh,black_round_fresh_IMG_20250412_115658_TIMEBURST17_3635_rotate_iter4.jpg,JPG,1015x1015,24,Xiaomi,2312DRAABI,72,f/0.0,53,Daylight,16,29-05-2025 09:42
Black Round Fresh,black_round_fresh_IMG_20250412_115658_TIMEBURST18_3670_rotate_iter3.jpg,JPG,1121x1121,24,Xiaomi,2312DRAABI,72,f/0.0,54,Daylight,16,29-05-2025 09:42
Black Round Fresh,black_round_fresh_IMG_20250412_115658_TIMEBURST17_3635_horizontal_flip_iter4.jpg,JPG,1015x1015,24,Xiaomi,2312DRAABI,72,f/0.0,53,Daylight,16,29-05-2025 09:42
Black Round Fresh,black_round_fresh_IMG_20250412_115658_TIMEBURST20_2985_rotate_iter3.jpg,JPG,960x960,24,Xiaomi,2312DRAABI,72,f/0.0,51,Daylight,16,29-05-2025 09:42
Black Round Fresh,black_round_fresh_IMG_20250412_115658_TIMEBURST18_3670_horizontal_flip_iter3.jpg,JPG,1121x1121,24,Xiaomi,2312DRAABI,72,f/0.0,53,Daylight,16,29-05-2025 09:42
Black Round Fresh,black_round_fresh_IMG_20250412_115658_TIMEBURST19_3178_rotate_iter3.jpg,JPG,1008x1008,24,Xiaomi,2312DRAABI,72,f/0.0,52,Daylight,16,29-05-2025 09:42
Black Round Fresh,black_round_fresh_IMG_20250412_115658_TIMEBURST20_2985_horizontal_flip_iter3.jpg,JPG,960x960,24,Xiaomi,2312DRAABI,72,f/0.0,50,Daylight,16,29-05-2025 09:42
Black Round Fresh,black_round_fresh_IMG_20250412_115658_TIMEBURST17_3635_brightness_contrast_iter4.jpg,JPG,1015x1015,24,Xiaomi,2312DRAABI,72,f/0.0,52,Daylight,16,29-05-2025 09:42
Black Round Fresh,black_round_fresh_IMG_20250412_115658_TIMEBURST18_3670_brightness_contrast_iter3.jpg,JPG,1121x1121,24,Xiaomi,2312DRAABI,72,f/0.0,52,Daylight,16,29-05-2025 09:42
Black Round Fresh,black_round_fresh_IMG_20250412_115658_TIMEBURST19_3178_horizontal_flip_iter3.jpg,JPG,1008x1008,24,Xiaomi,2312DRAABI,72,f/0.0,51,Daylight,16,29-05-2025 09:42
Black Round Fresh,black_round_fresh_IMG_20250412_115658_TIMEBURST20_2985_brightness_contrast_iter3.jpg,JPG,960x960,24,Xiaomi,2312DRAABI,72,f/0.0,51,Daylight,16,29-05-2025 09:42
Black Round Fresh,black_round_fresh_IMG_20250412_115658_TIMEBURST17_3635_gamma_iter4.jpg,JPG,1015x1015,24,Xiaomi,2312DRAABI,72,f/0.0,51,Daylight,16,29-05-2025 09:42
Black Round Fresh,black_round_fresh_IMG_20250412_115658_TIMEBURST18_3670_gamma_iter3.jpg,JPG,1121x1121,24,Xiaomi,2312DRAABI,72,f/0.0,53,Daylight,16,29-05-2025 09:42
Black Round Fresh,black_round_fresh_IMG_20250412_115658_TIMEBURST19_3178_brightness_contrast_iter3.jpg,JPG,1008x1008,24,Xiaomi,2312DRAABI,72,f/0.0,51,Daylight,16,29-05-2025 09:42
Black Round Fresh,black_round_fresh_IMG_20250412_115658_TIMEBURST20_2985_gamma_iter3.jpg,JPG,960x960,24,Xiaomi,2312DRAABI,72,f/0.0,50,Daylight,16,29-05-2025 09:42
Black Round Fresh,black_round_fresh_IMG_20250412_115658_TIMEBURST19_3178_gamma_iter3.jpg,JPG,1008x1008,24,Xiaomi,2312DRAABI,72,f/0.0,51,Daylight,16,29-05-2025 09:42
Black Round Fresh,black_round_fresh_IMG_20250412_115658_TIMEBURST18_3670_rgb_shift_iter3.jpg,JPG,1121x1121,24,Xiaomi,2312DRAABI,72,f/0.0,51,Daylight,16,29-05-2025 09:42
Black Round Fresh,black_round_fresh_IMG_20250412_115658_TIMEBURST20_2985_rgb_shift_iter3.jpg,JPG,960x960,24,Xiaomi,2312DRAABI,72,f/0.0,52,Daylight,16,29-05-2025 09:42
Black Round Fresh,black_round_fresh_IMG_20250412_115658_TIMEBURST17_3635_rgb_shift_iter4.jpg,JPG,1015x1015,24,Xiaomi,2312DRAABI,72,f/0.0,51,Daylight,16,29-05-2025 09:42
Black Round Fresh,black_round_fresh_IMG_20250412_115658_TIMEBURST19_3178_rgb_shift_iter3.jpg,JPG,1008x1008,24,Xiaomi,2312DRAABI,72,f/0.0,52,Daylight,16,29-05-2025 09:42
Black Round Fresh,black_round_fresh_IMG_20250412_115658_TIMEBURST20_2985_rotate_iter4.jpg,JPG,960x960,24,Xiaomi,2312DRAABI,72,f/0.0,50,Daylight,16,29-05-2025 09:42
Black Round Fresh,black_round_fresh_IMG_20250412_115658_TIMEBURST20_2985_horizontal_flip_iter4.jpg,JPG,960x960,24,Xiaomi,2312DRAABI,72,f/0.0,53,Daylight,16,29-05-2025 09:42
Black Round Fresh,black_round_fresh_IMG_20250412_115658_TIMEBURST19_3178_rotate_iter4.jpg,JPG,1008x1008,24,Xiaomi,2312DRAABI,72,f/0.0,52,Daylight,16,29-05-2025 09:42
Black Round Fresh,black_round_fresh_IMG_20250412_115658_TIMEBURST17_3635_rotate_iter5.jpg,JPG,1015x1015,24,Xiaomi,2312DRAABI,72,f/0.0,52,Daylight,16,29-05-2025 09:42
Black Round Fresh,black_round_fresh_IMG_20250412_115658_TIMEBURST18_3670_rotate_iter4.jpg,JPG,1121x1121,24,Xiaomi,2312DRAABI,72,f/0.0,54,Daylight,16,29-05-2025 09:42
Black Round Fresh,black_round_fresh_IMG_20250412_115658_TIMEBURST20_2985_brightness_contrast_iter4.jpg,JPG,960x960,24,Xiaomi,2312DRAABI,72,f/0.0,50,Daylight,16,29-05-2025 09:42
Black Round Fresh,black_round_fresh_IMG_20250412_115658_TIMEBURST19_3178_horizontal_flip_iter4.jpg,JPG,1008x1008,24,Xiaomi,2312DRAABI,72,f/0.0,54,Daylight,16,29-05-2025 09:42
Black Round Fresh,black_round_fresh_IMG_20250412_115658_TIMEBURST18_3670_horizontal_flip_iter4.jpg,JPG,1121x1121,24,Xiaomi,2312DRAABI,72,f/0.0,54,Daylight,16,29-05-2025 09:42
Black Round Fresh,black_round_fresh_IMG_20250412_115658_TIMEBURST17_3635_horizontal_flip_iter5.jpg,JPG,1015x1015,24,Xiaomi,2312DRAABI,72,f/0.0,54,Daylight,16,29-05-2025 09:42
Black Round Fresh,black_round_fresh_IMG_20250412_115658_TIMEBURST20_2985_gamma_iter4.jpg,JPG,960x960,24,Xiaomi,2312DRAABI,72,f/0.0,52,Daylight,16,29-05-2025 09:42
Black Round Fresh,black_round_fresh_IMG_20250412_115658_TIMEBURST19_3178_brightness_contrast_iter4.jpg,JPG,1008x1008,24,Xiaomi,2312DRAABI,72,f/0.0,53,Daylight,16,29-05-2025 09:42
Black Round Fresh,black_round_fresh_IMG_20250412_115658_TIMEBURST18_3670_brightness_contrast_iter4.jpg,JPG,1121x1121,24,Xiaomi,2312DRAABI,72,f/0.0,53,Daylight,16,29-05-2025 09:42
Black Round Fresh,black_round_fresh_IMG_20250412_115658_TIMEBURST20_2985_rgb_shift_iter4.jpg,JPG,960x960,24,Xiaomi,2312DRAABI,72,f/0.0,51,Daylight,16,29-05-2025 09:42
Black Round Fresh,black_round_fresh_IMG_20250412_115658_TIMEBURST17_3635_brightness_contrast_iter5.jpg,JPG,1015x1015,24,Xiaomi,2312DRAABI,72,f/0.0,52,Daylight,16,29-05-2025 09:42
Black Round Fresh,black_round_fresh_IMG_20250412_115658_TIMEBURST19_3178_gamma_iter4.jpg,JPG,1008x1008,24,Xiaomi,2312DRAABI,72,f/0.0,50,Daylight,16,29-05-2025 09:42
Black Round Fresh,black_round_fresh_IMG_20250412_115658_TIMEBURST18_3670_gamma_iter4.jpg,JPG,1121x1121,24,Xiaomi,2312DRAABI,72,f/0.0,50,Daylight,16,29-05-2025 09:42
Black Round Fresh,black_round_fresh_IMG_20250412_115658_TIMEBURST20_2985_rotate_iter5.jpg,JPG,960x960,24,Xiaomi,2312DRAABI,72,f/0.0,53,Daylight,16,29-05-2025 09:42
Black Round Fresh,black_round_fresh_IMG_20250412_115658_TIMEBURST20_2985_horizontal_flip_iter5.jpg,JPG,960x960,24,Xiaomi,2312DRAABI,72,f/0.0,52,Daylight,16,29-05-2025 09:42
Black Round Fresh,black_round_fresh_IMG_20250412_115658_TIMEBURST17_3635_gamma_iter5.jpg,JPG,1015x1015,24,Xiaomi,2312DRAABI,72,f/0.0,54,Daylight,16,29-05-2025 09:42
Black Round Fresh,black_round_fresh_IMG_20250412_115658_TIMEBURST19_3178_rgb_shift_iter4.jpg,JPG,1008x1008,24,Xiaomi,2312DRAABI,72,f/0.0,51,Daylight,16,29-05-2025 09:42
Black Round Fresh,black_round_fresh_IMG_20250412_115658_TIMEBURST18_3670_rgb_shift_iter4.jpg,JPG,1121x1121,24,Xiaomi,2312DRAABI,72,f/0.0,53,Daylight,16,29-05-2025 09:42
Black Round Fresh,black_round_fresh_IMG_20250412_115658_TIMEBURST20_2985_brightness_contrast_iter5.jpg,JPG,960x960,24,Xiaomi,2312DRAABI,72,f/0.0,52,Daylight,16,29-05-2025 09:42
Black Round Fresh,black_round_fresh_IMG_20250412_115658_TIMEBURST20_2985_gamma_iter5.jpg,JPG,960x960,24,Xiaomi,2312DRAABI,72,f/0.0,54,Daylight,16,29-05-2025 09:42
Black Round Fresh,black_round_fresh_IMG_20250412_115658_TIMEBURST19_3178_rotate_iter5.jpg,JPG,1008x1008,24,Xiaomi,2312DRAABI,72,f/0.0,51,Daylight,16,29-05-2025 09:42
Black Round Fresh,black_round_fresh_IMG_20250412_115658_TIMEBURST17_3635_rgb_shift_iter5.jpg,JPG,1015x1015,24,Xiaomi,2312DRAABI,72,f/0.0,51,Daylight,16,29-05-2025 09:42
Black Round Fresh,black_round_fresh_IMG_20250412_115658_TIMEBURST18_3670_rotate_iter5.jpg,JPG,1121x1121,24,Xiaomi,2312DRAABI,72,f/0.0,52,Daylight,16,29-05-2025 09:42
Black Round Fresh,black_round_fresh_IMG_20250412_115658_TIMEBURST19_3178_horizontal_flip_iter5.jpg,JPG,1008x1008,24,Xiaomi,2312DRAABI,72,f/0.0,52,Daylight,16,29-05-2025 09:42
Black Round Fresh,black_round_fresh_IMG_20250412_115658_TIMEBURST20_2985_rgb_shift_iter5.jpg,JPG,960x960,24,Xiaomi,2312DRAABI,72,f/0.0,52,Daylight,16,29-05-2025 09:42
Black Round Fresh,black_round_fresh_IMG_20250412_115658_TIMEBURST18_3670_horizontal_flip_iter5.jpg,JPG,1121x1121,24,Xiaomi,2312DRAABI,72,f/0.0,52,Daylight,16,29-05-2025 09:42
Black Round Fresh,black_round_fresh_IMG_20250412_115658_TIMEBURST19_3178_brightness_contrast_iter5.jpg,JPG,1008x1008,24,Xiaomi,2312DRAABI,72,f/0.0,50,Daylight,16,29-05-2025 09:42
Black Round Fresh,black_round_fresh_IMG_20250412_115658_TIMEBURST18_3670_brightness_contrast_iter5.jpg,JPG,1121x1121,24,Xiaomi,2312DRAABI,72,f/0.0,52,Daylight,16,29-05-2025 09:42
Black Round Fresh,black_round_fresh_IMG_20250412_115658_TIMEBURST19_3178_gamma_iter5.jpg,JPG,1008x1008,24,Xiaomi,2312DRAABI,72,f/0.0,53,Daylight,16,29-05-2025 09:42
Black Round Fresh,black_round_fresh_IMG_20250412_115658_TIMEBURST18_3670_gamma_iter5.jpg,JPG,1121x1121,24,Xiaomi,2312DRAABI,72,f/0.0,51,Daylight,16,29-05-2025 09:42
Black Round Fresh,black_round_fresh_IMG_20250412_115658_TIMEBURST19_3178_rgb_shift_iter5.jpg,JPG,1008x1008,24,Xiaomi,2312DRAABI,72,f/0.0,51,Daylight,16,29-05-2025 09:42
Black Round Fresh,black_round_fresh_IMG_20250412_115658_TIMEBURST18_3670_rgb_shift_iter5.jpg,JPG,1121x1121,24,Xiaomi,2312DRAABI,72,f/0.0,51,Daylight,16,29-05-2025 09:42
Black Round Fresh,black_round_fresh_IMG_20250412_115739_TIMEBURST4_3055_rotate_iter1.jpg,JPG,1516x1516,24,Xiaomi,2312DRAABI,72,f/0.0,51,Daylight,16,29-05-2025 09:42
Black Round Fresh,black_round_fresh_IMG_20250412_115739_TIMEBURST4_3055_horizontal_flip_iter1.jpg,JPG,1516x1516,24,Xiaomi,2312DRAABI,72,f/0.0,51,Daylight,16,29-05-2025 09:42
Black Round Fresh,black_round_fresh_IMG_20250412_115739_TIMEBURST4_3055_brightness_contrast_iter1.jpg,JPG,1516x1516,24,Xiaomi,2312DRAABI,72,f/0.0,50,Daylight,16,29-05-2025 09:42
Black Round Fresh,black_round_fresh_IMG_20250412_115739_TIMEBURST4_3055_gamma_iter1.jpg,JPG,1516x1516,24,Xiaomi,2312DRAABI,72,f/0.0,53,Daylight,16,29-05-2025 09:42
Black Round Fresh,black_round_fresh_IMG_20250412_115739_TIMEBURST4_3055_rgb_shift_iter1.jpg,JPG,1516x1516,24,Xiaomi,2312DRAABI,72,f/0.0,52,Daylight,16,29-05-2025 09:42
Black Round Fresh,black_round_fresh_IMG_20250412_115739_TIMEBURST5_3107_rotate_iter1.jpg,JPG,1177x1177,24,Xiaomi,2312DRAABI,72,f/0.0,53,Daylight,16,29-05-2025 09:42
Black Round Fresh,black_round_fresh_IMG_20250412_115739_TIMEBURST4_3055_rotate_iter2.jpg,JPG,1516x1516,24,Xiaomi,2312DRAABI,72,f/0.0,52,Daylight,16,29-05-2025 09:42
Black Round Fresh,black_round_fresh_IMG_20250412_115739_TIMEBURST5_3107_horizontal_flip_iter1.jpg,JPG,1177x1177,24,Xiaomi,2312DRAABI,72,f/0.0,51,Daylight,16,29-05-2025 09:42
Black Round Fresh,black_round_fresh_IMG_20250412_115739_TIMEBURST2_3591_rotate_iter1.jpg,JPG,1176x1176,24,Xiaomi,2312DRAABI,72,f/0.0,53,Daylight,16,29-05-2025 09:42
Black Round Fresh,black_round_fresh_IMG_20250412_115739_TIMEBURST4_3055_horizontal_flip_iter2.jpg,JPG,1516x1516,24,Xiaomi,2312DRAABI,72,f/0.0,51,Daylight,16,29-05-2025 09:42
Black Round Fresh,black_round_fresh_IMG_20250412_115739_TIMEBURST5_3107_brightness_contrast_iter1.jpg,JPG,1177x1177,24,Xiaomi,2312DRAABI,72,f/0.0,51,Daylight,16,29-05-2025 09:42
Black Round Fresh,black_round_fresh_IMG_20250412_115739_TIMEBURST2_3591_horizontal_flip_iter1.jpg,JPG,1176x1176,24,Xiaomi,2312DRAABI,72,f/0.0,52,Daylight,16,29-05-2025 09:42
Black Round Fresh,black_round_fresh_IMG_20250412_115739_TIMEBURST4_3055_brightness_contrast_iter2.jpg,JPG,1516x1516,24,Xiaomi,2312DRAABI,72,f/0.0,51,Daylight,16,29-05-2025 09:42
Black Round Fresh,black_round_fresh_IMG_20250412_115739_TIMEBURST5_3107_gamma_iter1.jpg,JPG,1177x1177,24,Xiaomi,2312DRAABI,72,f/0.0,51,Daylight,16,29-05-2025 09:42
Black Round Fresh,black_round_fresh_IMG_20250412_115739_TIMEBURST2_3591_brightness_contrast_iter1.jpg,JPG,1176x1176,24,Xiaomi,2312DRAABI,72,f/0.0,51,Daylight,16,29-05-2025 09:42
Black Round Fresh,black_round_fresh_IMG_20250412_115739_TIMEBURST2_3591_gamma_iter1.jpg,JPG,1176x1176,24,Xiaomi,2312DRAABI,72,f/0.0,51,Daylight,16,29-05-2025 09:42
Black Round Fresh,black_round_fresh_IMG_20250412_115739_TIMEBURST4_3055_gamma_iter2.jpg,JPG,1516x1516,24,Xiaomi,2312DRAABI,72,f/0.0,50,Daylight,16,29-05-2025 09:42
Black Round Fresh,black_round_fresh_IMG_20250412_115739_TIMEBURST5_3107_rgb_shift_iter1.jpg,JPG,1177x1177,24,Xiaomi,2312DRAABI,72,f/0.0,52,Daylight,16,29-05-2025 09:42
Black Round Fresh,black_round_fresh_IMG_20250412_115739_TIMEBURST5_3107_rotate_iter2.jpg,JPG,1177x1177,24,Xiaomi,2312DRAABI,72,f/0.0,54,Daylight,16,29-05-2025 09:42
Black Round Fresh,black_round_fresh_IMG_20250412_115739_TIMEBURST2_3591_rgb_shift_iter1.jpg,JPG,1176x1176,24,Xiaomi,2312DRAABI,72,f/0.0,52,Daylight,16,29-05-2025 09:42
Black Round Fresh,black_round_fresh_IMG_20250412_115739_TIMEBURST4_3055_rgb_shift_iter2.jpg,JPG,1516x1516,24,Xiaomi,2312DRAABI,72,f/0.0,52,Daylight,16,29-05-2025 09:42
Black Round Fresh,black_round_fresh_IMG_20250412_115739_TIMEBURST5_3107_horizontal_flip_iter2.jpg,JPG,1177x1177,24,Xiaomi,2312DRAABI,72,f/0.0,52,Daylight,16,29-05-2025 09:42
Black Round Fresh,black_round_fresh_IMG_20250412_115739_TIMEBURST2_3591_rotate_iter2.jpg,JPG,1176x1176,24,Xiaomi,2312DRAABI,72,f/0.0,50,Daylight,16,29-05-2025 09:42
Black Round Fresh,black_round_fresh_IMG_20250412_115739_TIMEBURST5_3107_brightness_contrast_iter2.jpg,JPG,1177x1177,24,Xiaomi,2312DRAABI,72,f/0.0,51,Daylight,16,29-05-2025 09:42
Black Round Fresh,black_round_fresh_IMG_20250412_115739_TIMEBURST2_3591_horizontal_flip_iter2.jpg,JPG,1176x1176,24,Xiaomi,2312DRAABI,72,f/0.0,53,Daylight,16,29-05-2025 09:42
Black Round Fresh,black_round_fresh_IMG_20250412_115739_TIMEBURST4_3055_rotate_iter3.jpg,JPG,1516x1516,24,Xiaomi,2312DRAABI,72,f/0.0,53,Daylight,16,29-05-2025 09:42
Black Round Fresh,black_round_fresh_IMG_20250412_115739_TIMEBURST2_3591_brightness_contrast_iter2.jpg,JPG,1176x1176,24,Xiaomi,2312DRAABI,72,f/0.0,52,Daylight,16,29-05-2025 09:42
Black Round Fresh,black_round_fresh_IMG_20250412_115739_TIMEBURST5_3107_gamma_iter2.jpg,JPG,1177x1177,24,Xiaomi,2312DRAABI,72,f/0.0,52,Daylight,16,29-05-2025 09:42
Black Round Fresh,black_round_fresh_IMG_20250412_115739_TIMEBURST3_3080_rotate_iter1.jpg,JPG,1385x1385,24,Xiaomi,2312DRAABI,72,f/0.0,51,Daylight,16,29-05-2025 09:42
Black Round Fresh,black_round_fresh_IMG_20250412_115739_TIMEBURST4_3055_horizontal_flip_iter3.jpg,JPG,1516x1516,24,Xiaomi,2312DRAABI,72,f/0.0,54,Daylight,16,29-05-2025 09:42
Black Round Fresh,black_round_fresh_IMG_20250412_115739_TIMEBURST2_3591_gamma_iter2.jpg,JPG,1176x1176,24,Xiaomi,2312DRAABI,72,f/0.0,53,Daylight,16,29-05-2025 09:42
Black Round Fresh,black_round_fresh_IMG_20250412_115739_TIMEBURST4_3055_brightness_contrast_iter3.jpg,JPG,1516x1516,24,Xiaomi,2312DRAABI,72,f/0.0,50,Daylight,16,29-05-2025 09:42
Black Round Fresh,black_round_fresh_IMG_20250412_115739_TIMEBURST5_3107_rgb_shift_iter2.jpg,JPG,1177x1177,24,Xiaomi,2312DRAABI,72,f/0.0,52,Daylight,16,29-05-2025 09:42
Black Round Fresh,black_round_fresh_IMG_20250412_115739_TIMEBURST2_3591_rgb_shift_iter2.jpg,JPG,1176x1176,24,Xiaomi,2312DRAABI,72,f/0.0,51,Daylight,16,29-05-2025 09:42
Black Round Fresh,black_round_fresh_IMG_20250412_115739_TIMEBURST5_3107_rotate_iter3.jpg,JPG,1177x1177,24,Xiaomi,2312DRAABI,72,f/0.0,50,Daylight,16,29-05-2025 09:42
Black Round Fresh,black_round_fresh_IMG_20250412_115739_TIMEBURST3_3080_horizontal_flip_iter1.jpg,JPG,1385x1385,24,Xiaomi,2312DRAABI,72,f/0.0,51,Daylight,16,29-05-2025 09:42
Black Round Fresh,black_round_fresh_IMG_20250412_115739_TIMEBURST4_3055_gamma_iter3.jpg,JPG,1516x1516,24,Xiaomi,2312DRAABI,72,f/0.0,53,Daylight,16,29-05-2025 09:42
Black Round Fresh,black_round_fresh_IMG_20250412_115739_TIMEBURST2_3591_rotate_iter3.jpg,JPG,1176x1176,24,Xiaomi,2312DRAABI,72,f/0.0,53,Daylight,16,29-05-2025 09:42
Black Round Fresh,black_round_fresh_IMG_20250412_115739_TIMEBURST5_3107_horizontal_flip_iter3.jpg,JPG,1177x1177,24,Xiaomi,2312DRAABI,72,f/0.0,53,Daylight,16,29-05-2025 09:42
Black Round Fresh,black_round_fresh_IMG_20250412_115739_TIMEBURST3_3080_brightness_contrast_iter1.jpg,JPG,1385x1385,24,Xiaomi,2312DRAABI,72,f/0.0,53,Daylight,16,29-05-2025 09:42
Black Round Fresh,black_round_fresh_IMG_20250412_115739_TIMEBURST2_3591_horizontal_flip_iter3.jpg,JPG,1176x1176,24,Xiaomi,2312DRAABI,72,f/0.0,53,Daylight,16,29-05-2025 09:42
Black Round Fresh,black_round_fresh_IMG_20250412_115739_TIMEBURST5_3107_brightness_contrast_iter3.jpg,JPG,1177x1177,24,Xiaomi,2312DRAABI,72,f/0.0,51,Daylight,16,29-05-2025 09:42
Black Round Fresh,black_round_fresh_IMG_20250412_115739_TIMEBURST3_3080_gamma_iter1.jpg,JPG,1385x1385,24,Xiaomi,2312DRAABI,72,f/0.0,53,Daylight,16,29-05-2025 09:42
Black Round Fresh,black_round_fresh_IMG_20250412_115739_TIMEBURST4_3055_rgb_shift_iter3.jpg,JPG,1516x1516,24,Xiaomi,2312DRAABI,72,f/0.0,51,Daylight,16,29-05-2025 09:42
Black Round Fresh,black_round_fresh_IMG_20250412_115739_TIMEBURST2_3591_brightness_contrast_iter3.jpg,JPG,1176x1176,24,Xiaomi,2312DRAABI,72,f/0.0,51,Daylight,16,29-05-2025 09:42
Black Round Fresh,black_round_fresh_IMG_20250412_115739_TIMEBURST5_3107_gamma_iter3.jpg,JPG,1177x1177,24,Xiaomi,2312DRAABI,72,f/0.0,53,Daylight,16,29-05-2025 09:42
Black Round Fresh,black_round_fresh_IMG_20250412_115739_TIMEBURST2_3591_gamma_iter3.jpg,JPG,1176x1176,24,Xiaomi,2312DRAABI,72,f/0.0,52,Daylight,16,29-05-2025 09:42
Black Round Fresh,black_round_fresh_IMG_20250412_115739_TIMEBURST3_3080_rgb_shift_iter1.jpg,JPG,1385x1385,24,Xiaomi,2312DRAABI,72,f/0.0,53,Daylight,16,29-05-2025 09:42
Black Round Fresh,black_round_fresh_IMG_20250412_115739_TIMEBURST5_3107_rgb_shift_iter3.jpg,JPG,1177x1177,24,Xiaomi,2312DRAABI,72,f/0.0,53,Daylight,16,29-05-2025 09:42
Black Round Fresh,black_round_fresh_IMG_20250412_115739_TIMEBURST4_3055_rotate_iter4.jpg,JPG,1516x1516,24,Xiaomi,2312DRAABI,72,f/0.0,53,Daylight,16,29-05-2025 09:42
Black Round Fresh,black_round_fresh_IMG_20250412_115739_TIMEBURST2_3591_rgb_shift_iter3.jpg,JPG,1176x1176,24,Xiaomi,2312DRAABI,72,f/0.0,51,Daylight,16,29-05-2025 09:42
Black Round Fresh,black_round_fresh_IMG_20250412_115739_TIMEBURST3_3080_rotate_iter2.jpg,JPG,1385x1385,24,Xiaomi,2312DRAABI,72,f/0.0,51,Daylight,16,29-05-2025 09:42
Black Round Fresh,black_round_fresh_IMG_20250412_115739_TIMEBURST4_3055_horizontal_flip_iter4.jpg,JPG,1516x1516,24,Xiaomi,2312DRAABI,72,f/0.0,50,Daylight,16,29-05-2025 09:42
Black Round Fresh,black_round_fresh_IMG_20250412_115739_TIMEBURST5_3107_rotate_iter4.jpg,JPG,1177x1177,24,Xiaomi,2312DRAABI,72,f/0.0,52,Daylight,16,29-05-2025 09:42
Black Round Fresh,black_round_fresh_IMG_20250412_115739_TIMEBURST3_3080_horizontal_flip_iter2.jpg,JPG,1385x1385,24,Xiaomi,2312DRAABI,72,f/0.0,52,Daylight,16,29-05-2025 09:42
Black Round Fresh,black_round_fresh_IMG_20250412_115739_TIMEBURST2_3591_rotate_iter4.jpg,JPG,1176x1176,24,Xiaomi,2312DRAABI,72,f/0.0,52,Daylight,16,29-05-2025 09:42
Black Round Fresh,black_round_fresh_IMG_20250412_115739_TIMEBURST4_3055_brightness_contrast_iter4.jpg,JPG,1516x1516,24,Xiaomi,2312DRAABI,72,f/0.0,52,Daylight,16,29-05-2025 09:42
Black Round Fresh,black_round_fresh_IMG_20250412_115739_TIMEBURST5_3107_horizontal_flip_iter4.jpg,JPG,1177x1177,24,Xiaomi,2312DRAABI,72,f/0.0,51,Daylight,16,29-05-2025 09:42
Black Round Fresh,black_round_fresh_IMG_20250412_115739_TIMEBURST2_3591_horizontal_flip_iter4.jpg,JPG,1176x1176,24,Xiaomi,2312DRAABI,72,f/0.0,53,Daylight,16,29-05-2025 09:42
Black Round Fresh,black_round_fresh_IMG_20250412_115739_TIMEBURST3_3080_brightness_contrast_iter2.jpg,JPG,1385x1385,24,Xiaomi,2312DRAABI,72,f/0.0,53,Daylight,16,29-05-2025 09:42
Black Round Fresh,black_round_fresh_IMG_20250412_115739_TIMEBURST4_3055_gamma_iter4.jpg,JPG,1516x1516,24,Xiaomi,2312DRAABI,72,f/0.0,51,Daylight,16,29-05-2025 09:42
Black Round Fresh,black_round_fresh_IMG_20250412_115739_TIMEBURST5_3107_brightness_contrast_iter4.jpg,JPG,1177x1177,24,Xiaomi,2312DRAABI,72,f/0.0,53,Daylight,16,29-05-2025 09:42
Black Round Fresh,black_round_fresh_IMG_20250412_115739_TIMEBURST2_3591_brightness_contrast_iter4.jpg,JPG,1176x1176,24,Xiaomi,2312DRAABI,72,f/0.0,54,Daylight,16,29-05-2025 09:42
Black Round Fresh,black_round_fresh_IMG_20250412_115739_TIMEBURST3_3080_gamma_iter2.jpg,JPG,1385x1385,24,Xiaomi,2312DRAABI,72,f/0.0,53,Daylight,16,29-05-2025 09:42
Black Round Fresh,black_round_fresh_IMG_20250412_115739_TIMEBURST5_3107_gamma_iter4.jpg,JPG,1177x1177,24,Xiaomi,2312DRAABI,72,f/0.0,51,Daylight,16,29-05-2025 09:42
Black Round Fresh,black_round_fresh_IMG_20250412_115739_TIMEBURST2_3591_gamma_iter4.jpg,JPG,1176x1176,24,Xiaomi,2312DRAABI,72,f/0.0,53,Daylight,16,29-05-2025 09:42
Black Round Fresh,black_round_fresh_IMG_20250412_115739_TIMEBURST4_3055_rgb_shift_iter4.jpg,JPG,1516x1516,24,Xiaomi,2312DRAABI,72,f/0.0,52,Daylight,16,29-05-2025 09:42
Black Round Fresh,black_round_fresh_IMG_20250412_115739_TIMEBURST5_3107_rgb_shift_iter4.jpg,JPG,1177x1177,24,Xiaomi,2312DRAABI,72,f/0.0,50,Daylight,16,29-05-2025 09:42
Black Round Fresh,black_round_fresh_IMG_20250412_115739_TIMEBURST2_3591_rgb_shift_iter4.jpg,JPG,1176x1176,24,Xiaomi,2312DRAABI,72,f/0.0,52,Daylight,16,29-05-2025 09:42
Black Round Fresh,black_round_fresh_IMG_20250412_115739_TIMEBURST3_3080_rgb_shift_iter2.jpg,JPG,1385x1385,24,Xiaomi,2312DRAABI,72,f/0.0,52,Daylight,16,29-05-2025 09:42
Black Round Fresh,black_round_fresh_IMG_20250412_115739_TIMEBURST4_3055_rotate_iter5.jpg,JPG,1516x1516,24,Xiaomi,2312DRAABI,72,f/0.0,51,Daylight,16,29-05-2025 09:42
Black Round Fresh,black_round_fresh_IMG_20250412_115739_TIMEBURST5_3107_rotate_iter5.jpg,JPG,1177x1177,24,Xiaomi,2312DRAABI,72,f/0.0,51,Daylight,16,29-05-2025 09:42
Black Round Fresh,black_round_fresh_IMG_20250412_115739_TIMEBURST2_3591_rotate_iter5.jpg,JPG,1176x1176,24,Xiaomi,2312DRAABI,72,f/0.0,51,Daylight,16,29-05-2025 09:42
Black Round Fresh,black_round_fresh_IMG_20250412_115739_TIMEBURST5_3107_horizontal_flip_iter5.jpg,JPG,1177x1177,24,Xiaomi,2312DRAABI,72,f/0.0,53,Daylight,16,29-05-2025 09:42
Black Round Fresh,black_round_fresh_IMG_20250412_115739_TIMEBURST4_3055_horizontal_flip_iter5.jpg,JPG,1516x1516,24,Xiaomi,2312DRAABI,72,f/0.0,51,Daylight,16,29-05-2025 09:42
Black Round Fresh,black_round_fresh_IMG_20250412_115739_TIMEBURST3_3080_rotate_iter3.jpg,JPG,1385x1385,24,Xiaomi,2312DRAABI,72,f/0.0,50,Daylight,16,29-05-2025 09:42
Black Round Fresh,black_round_fresh_IMG_20250412_115739_TIMEBURST2_3591_horizontal_flip_iter5.jpg,JPG,1176x1176,24,Xiaomi,2312DRAABI,72,f/0.0,51,Daylight,16,29-05-2025 09:42
Black Round Fresh,black_round_fresh_IMG_20250412_115739_TIMEBURST5_3107_brightness_contrast_iter5.jpg,JPG,1177x1177,24,Xiaomi,2312DRAABI,72,f/0.0,51,Daylight,16,29-05-2025 09:42
Black Round Fresh,black_round_fresh_IMG_20250412_115739_TIMEBURST4_3055_brightness_contrast_iter5.jpg,JPG,1516x1516,24,Xiaomi,2312DRAABI,72,f/0.0,52,Daylight,16,29-05-2025 09:42
Black Round Fresh,black_round_fresh_IMG_20250412_115739_TIMEBURST2_3591_brightness_contrast_iter5.jpg,JPG,1176x1176,24,Xiaomi,2312DRAABI,72,f/0.0,51,Daylight,16,29-05-2025 09:42
Black Round Fresh,black_round_fresh_IMG_20250412_115739_TIMEBURST3_3080_horizontal_flip_iter3.jpg,JPG,1385x1385,24,Xiaomi,2312DRAABI,72,f/0.0,52,Daylight,16,29-05-2025 09:42
Black Round Fresh,black_round_fresh_IMG_20250412_115739_TIMEBURST5_3107_gamma_iter5.jpg,JPG,1177x1177,24,Xiaomi,2312DRAABI,72,f/0.0,50,Daylight,16,29-05-2025 09:42
Black Round Fresh,black_round_fresh_IMG_20250412_115739_TIMEBURST2_3591_gamma_iter5.jpg,JPG,1176x1176,24,Xiaomi,2312DRAABI,72,f/0.0,53,Daylight,16,29-05-2025 09:42
Black Round Fresh,black_round_fresh_IMG_20250412_115739_TIMEBURST4_3055_gamma_iter5.jpg,JPG,1516x1516,24,Xiaomi,2312DRAABI,72,f/0.0,52,Daylight,16,29-05-2025 09:42
Black Round Fresh,black_round_fresh_IMG_20250412_115739_TIMEBURST3_3080_brightness_contrast_iter3.jpg,JPG,1385x1385,24,Xiaomi,2312DRAABI,72,f/0.0,52,Daylight,16,29-05-2025 09:42
Black Round Fresh,black_round_fresh_IMG_20250412_115739_TIMEBURST5_3107_rgb_shift_iter5.jpg,JPG,1177x1177,24,Xiaomi,2312DRAABI,72,f/0.0,54,Daylight,16,29-05-2025 09:42
Black Round Fresh,black_round_fresh_IMG_20250412_115739_TIMEBURST3_3080_gamma_iter3.jpg,JPG,1385x1385,24,Xiaomi,2312DRAABI,72,f/0.0,50,Daylight,16,29-05-2025 09:42
Black Round Fresh,black_round_fresh_IMG_20250412_115739_TIMEBURST2_3591_rgb_shift_iter5.jpg,JPG,1176x1176,24,Xiaomi,2312DRAABI,72,f/0.0,54,Daylight,16,29-05-2025 09:42
Black Round Fresh,black_round_fresh_IMG_20250412_115739_TIMEBURST4_3055_rgb_shift_iter5.jpg,JPG,1516x1516,24,Xiaomi,2312DRAABI,72,f/0.0,54,Daylight,16,29-05-2025 09:42
Black Round Fresh,black_round_fresh_IMG_20250412_115739_TIMEBURST3_3080_rgb_shift_iter3.jpg,JPG,1385x1385,24,Xiaomi,2312DRAABI,72,f/0.0,54,Daylight,16,29-05-2025 09:42
Black Round Fresh,black_round_fresh_IMG_20250412_115739_TIMEBURST3_3080_rotate_iter4.jpg,JPG,1385x1385,24,Xiaomi,2312DRAABI,72,f/0.0,52,Daylight,16,29-05-2025 09:42
Black Round Fresh,black_round_fresh_IMG_20250412_115739_TIMEBURST3_3080_horizontal_flip_iter4.jpg,JPG,1385x1385,24,Xiaomi,2312DRAABI,72,f/0.0,53,Daylight,16,29-05-2025 09:42
Black Round Fresh,black_round_fresh_IMG_20250412_115739_TIMEBURST3_3080_brightness_contrast_iter4.jpg,JPG,1385x1385,24,Xiaomi,2312DRAABI,72,f/0.0,53,Daylight,16,29-05-2025 09:42
Black Round Fresh,black_round_fresh_IMG_20250412_115739_TIMEBURST3_3080_gamma_iter4.jpg,JPG,1385x1385,24,Xiaomi,2312DRAABI,72,f/0.0,51,Daylight,16,29-05-2025 09:42
Black Round Fresh,black_round_fresh_IMG_20250412_115739_TIMEBURST3_3080_rgb_shift_iter4.jpg,JPG,1385x1385,24,Xiaomi,2312DRAABI,72,f/0.0,52,Daylight,16,29-05-2025 09:42
Black Round Fresh,black_round_fresh_IMG_20250412_115739_TIMEBURST3_3080_rotate_iter5.jpg,JPG,1385x1385,24,Xiaomi,2312DRAABI,72,f/0.0,50,Daylight,16,29-05-2025 09:42
Black Round Fresh,black_round_fresh_IMG_20250412_115739_TIMEBURST3_3080_horizontal_flip_iter5.jpg,JPG,1385x1385,24,Xiaomi,2312DRAABI,72,f/0.0,50,Daylight,16,29-05-2025 09:42
Black Round Fresh,black_round_fresh_IMG_20250412_115739_TIMEBURST3_3080_brightness_contrast_iter5.jpg,JPG,1385x1385,24,Xiaomi,2312DRAABI,72,f/0.0,53,Daylight,16,29-05-2025 09:42
Black Round Fresh,black_round_fresh_IMG_20250412_115739_TIMEBURST3_3080_gamma_iter5.jpg,JPG,1385x1385,24,Xiaomi,2312DRAABI,72,f/0.0,52,Daylight,16,29-05-2025 09:42
Black Round Fresh,black_round_fresh_IMG_20250412_115739_TIMEBURST3_3080_rgb_shift_iter5.jpg,JPG,1385x1385,24,Xiaomi,2312DRAABI,72,f/0.0,54,Daylight,16,29-05-2025 09:42
Black Round Fresh,black_round_fresh_IMG_20250412_115739_TIMEBURST6_2980_rotate_iter1.jpg,JPG,2092x2092,24,Xiaomi,2312DRAABI,72,f/0.0,51,Daylight,16,29-05-2025 09:42
Black Round Fresh,black_round_fresh_IMG_20250412_115739_TIMEBURST7_3619_rotate_iter1.jpg,JPG,1612x1612,24,Xiaomi,2312DRAABI,72,f/0.0,53,Daylight,16,29-05-2025 09:42
Black Round Fresh,black_round_fresh_IMG_20250412_115739_TIMEBURST6_2980_horizontal_flip_iter1.jpg,JPG,2092x2092,24,Xiaomi,2312DRAABI,72,f/0.0,52,Daylight,16,29-05-2025 09:42
Black Round Fresh,black_round_fresh_IMG_20250412_115739_TIMEBURST7_3619_horizontal_flip_iter1.jpg,JPG,1612x1612,24,Xiaomi,2312DRAABI,72,f/0.0,54,Daylight,16,29-05-2025 09:42
Black Round Fresh,black_round_fresh_IMG_20250412_115739_TIMEBURST6_2980_brightness_contrast_iter1.jpg,JPG,2092x2092,24,Xiaomi,2312DRAABI,72,f/0.0,51,Daylight,16,29-05-2025 09:42
Black Round Fresh,black_round_fresh_IMG_20250412_115739_TIMEBURST7_3619_brightness_contrast_iter1.jpg,JPG,1612x1612,24,Xiaomi,2312DRAABI,72,f/0.0,51,Daylight,16,29-05-2025 09:42
Black Round Fresh,black_round_fresh_IMG_20250412_115739_TIMEBURST8_3339_rotate_iter1.jpg,JPG,2088x2088,24,Xiaomi,2312DRAABI,72,f/0.0,52,Daylight,16,29-05-2025 09:42
Black Round Fresh,black_round_fresh_IMG_20250412_115739_TIMEBURST6_2980_gamma_iter1.jpg,JPG,2092x2092,24,Xiaomi,2312DRAABI,72,f/0.0,52,Daylight,16,29-05-2025 09:42
Black Round Fresh,black_round_fresh_IMG_20250412_115739_TIMEBURST7_3619_gamma_iter1.jpg,JPG,1612x1612,24,Xiaomi,2312DRAABI,72,f/0.0,52,Daylight,16,29-05-2025 09:42
Black Round Fresh,black_round_fresh_IMG_20250412_115739_TIMEBURST6_2980_rgb_shift_iter1.jpg,JPG,2092x2092,24,Xiaomi,2312DRAABI,72,f/0.0,52,Daylight,16,29-05-2025 09:42
Black Round Fresh,black_round_fresh_IMG_20250412_115739_TIMEBURST8_3339_horizontal_flip_iter1.jpg,JPG,2088x2088,24,Xiaomi,2312DRAABI,72,f/0.0,50,Daylight,16,29-05-2025 09:42
Black Round Fresh,black_round_fresh_IMG_20250412_115739_TIMEBURST7_3619_rgb_shift_iter1.jpg,JPG,1612x1612,24,Xiaomi,2312DRAABI,72,f/0.0,52,Daylight,16,29-05-2025 09:42
Black Round Fresh,black_round_fresh_IMG_20250412_115739_TIMEBURST8_3339_brightness_contrast_iter1.jpg,JPG,2088x2088,24,Xiaomi,2312DRAABI,72,f/0.0,53,Daylight,16,29-05-2025 09:42
Black Round Fresh,black_round_fresh_IMG_20250412_115739_TIMEBURST9_3808_rotate_iter1.jpg,JPG,1887x1887,24,Xiaomi,2312DRAABI,72,f/0.0,51,Daylight,16,29-05-2025 09:42
Black Round Fresh,black_round_fresh_IMG_20250412_115739_TIMEBURST8_3339_gamma_iter1.jpg,JPG,2088x2088,24,Xiaomi,2312DRAABI,72,f/0.0,51,Daylight,16,29-05-2025 09:42
Black Round Fresh,black_round_fresh_IMG_20250412_115739_TIMEBURST9_3808_horizontal_flip_iter1.jpg,JPG,1887x1887,24,Xiaomi,2312DRAABI,72,f/0.0,51,Daylight,16,29-05-2025 09:42
Black Round Fresh,black_round_fresh_IMG_20250412_115739_TIMEBURST7_3619_rotate_iter2.jpg,JPG,1612x1612,24,Xiaomi,2312DRAABI,72,f/0.0,51,Daylight,16,29-05-2025 09:42
Black Round Fresh,black_round_fresh_IMG_20250412_115739_TIMEBURST6_2980_rotate_iter2.jpg,JPG,2092x2092,24,Xiaomi,2312DRAABI,72,f/0.0,51,Daylight,16,29-05-2025 09:42
Black Round Fresh,black_round_fresh_IMG_20250412_115739_TIMEBURST9_3808_brightness_contrast_iter1.jpg,JPG,1887x1887,24,Xiaomi,2312DRAABI,72,f/0.0,50,Daylight,16,29-05-2025 09:42
Black Round Fresh,black_round_fresh_IMG_20250412_115739_TIMEBURST7_3619_horizontal_flip_iter2.jpg,JPG,1612x1612,24,Xiaomi,2312DRAABI,72,f/0.0,53,Daylight,16,29-05-2025 09:42
Black Round Fresh,black_round_fresh_IMG_20250412_115739_TIMEBURST8_3339_rgb_shift_iter1.jpg,JPG,2088x2088,24,Xiaomi,2312DRAABI,72,f/0.0,52,Daylight,16,29-05-2025 09:42
Black Round Fresh,black_round_fresh_IMG_20250412_115739_TIMEBURST7_3619_brightness_contrast_iter2.jpg,JPG,1612x1612,24,Xiaomi,2312DRAABI,72,f/0.0,53,Daylight,16,29-05-2025 09:42
Black Round Fresh,black_round_fresh_IMG_20250412_115739_TIMEBURST6_2980_brightness_contrast_iter2.jpg,JPG,2092x2092,24,Xiaomi,2312DRAABI,72,f/0.0,52,Daylight,16,29-05-2025 09:42
Black Round Fresh,black_round_fresh_IMG_20250412_115739_TIMEBURST9_3808_gamma_iter1.jpg,JPG,1887x1887,24,Xiaomi,2312DRAABI,72,f/0.0,51,Daylight,16,29-05-2025 09:42
Black Round Fresh,black_round_fresh_IMG_20250412_115739_TIMEBURST6_2980_horizontal_flip_iter2.jpg,JPG,2092x2092,24,Xiaomi,2312DRAABI,72,f/0.0,53,Daylight,16,29-05-2025 09:42
Black Round Fresh,black_round_fresh_IMG_20250412_115739_TIMEBURST7_3619_gamma_iter2.jpg,JPG,1612x1612,24,Xiaomi,2312DRAABI,72,f/0.0,51,Daylight,16,29-05-2025 09:42
Black Round Fresh,black_round_fresh_IMG_20250412_115739_TIMEBURST8_3339_rotate_iter2.jpg,JPG,2088x2088,24,Xiaomi,2312DRAABI,72,f/0.0,51,Daylight,16,29-05-2025 09:42
Black Round Fresh,black_round_fresh_IMG_20250412_115739_TIMEBURST9_3808_rgb_shift_iter1.jpg,JPG,1887x1887,24,Xiaomi,2312DRAABI,72,f/0.0,52,Daylight,16,29-05-2025 09:42
Black Round Fresh,black_round_fresh_IMG_20250412_115739_TIMEBURST8_3339_horizontal_flip_iter2.jpg,JPG,2088x2088,24,Xiaomi,2312DRAABI,72,f/0.0,51,Daylight,16,29-05-2025 09:42
Black Round Fresh,black_round_fresh_IMG_20250412_115739_TIMEBURST7_3619_rgb_shift_iter2.jpg,JPG,1612x1612,24,Xiaomi,2312DRAABI,72,f/0.0,51,Daylight,16,29-05-2025 09:42
Black Round Fresh,black_round_fresh_IMG_20250412_115739_TIMEBURST6_2980_gamma_iter2.jpg,JPG,2092x2092,24,Xiaomi,2312DRAABI,72,f/0.0,51,Daylight,16,29-05-2025 09:42
Black Round Fresh,black_round_fresh_IMG_20250412_115739_TIMEBURST7_3619_rotate_iter3.jpg,JPG,1612x1612,24,Xiaomi,2312DRAABI,72,f/0.0,51,Daylight,16,29-05-2025 09:42
Black Round Fresh,black_round_fresh_IMG_20250412_115739_TIMEBURST8_3339_brightness_contrast_iter2.jpg,JPG,2088x2088,24,Xiaomi,2312DRAABI,72,f/0.0,50,Daylight,16,29-05-2025 09:42
Black Round Fresh,black_round_fresh_IMG_20250412_115739_TIMEBURST9_3808_rotate_iter2.jpg,JPG,1887x1887,24,Xiaomi,2312DRAABI,72,f/0.0,52,Daylight,16,29-05-2025 09:42
Black Round Fresh,black_round_fresh_IMG_20250412_115739_TIMEBURST7_3619_horizontal_flip_iter3.jpg,JPG,1612x1612,24,Xiaomi,2312DRAABI,72,f/0.0,54,Daylight,16,29-05-2025 09:42
Black Round Fresh,black_round_fresh_IMG_20250412_115739_TIMEBURST6_2980_rgb_shift_iter2.jpg,JPG,2092x2092,24,Xiaomi,2312DRAABI,72,f/0.0,52,Daylight,16,29-05-2025 09:42
Black Round Fresh,black_round_fresh_IMG_20250412_115739_TIMEBURST8_3339_gamma_iter2.jpg,JPG,2088x2088,24,Xiaomi,2312DRAABI,72,f/0.0,52,Daylight,16,29-05-2025 09:42
Black Round Fresh,black_round_fresh_IMG_20250412_115739_TIMEBURST7_3619_brightness_contrast_iter3.jpg,JPG,1612x1612,24,Xiaomi,2312DRAABI,72,f/0.0,52,Daylight,16,29-05-2025 09:42
Black Round Fresh,black_round_fresh_IMG_20250412_115739_TIMEBURST9_3808_horizontal_flip_iter2.jpg,JPG,1887x1887,24,Xiaomi,2312DRAABI,72,f/0.0,50,Daylight,16,29-05-2025 09:42
Black Round Fresh,black_round_fresh_IMG_20250412_115739_TIMEBURST7_3619_gamma_iter3.jpg,JPG,1612x1612,24,Xiaomi,2312DRAABI,72,f/0.0,51,Daylight,16,29-05-2025 09:42
Black Round Fresh,black_round_fresh_IMG_20250412_115739_TIMEBURST9_3808_brightness_contrast_iter2.jpg,JPG,1887x1887,24,Xiaomi,2312DRAABI,72,f/0.0,53,Daylight,16,29-05-2025 09:42
Black Round Fresh,black_round_fresh_IMG_20250412_115739_TIMEBURST6_2980_rotate_iter3.jpg,JPG,2092x2092,24,Xiaomi,2312DRAABI,72,f/0.0,53,Daylight,16,29-05-2025 09:42
Black Round Fresh,black_round_fresh_IMG_20250412_115739_TIMEBURST8_3339_rgb_shift_iter2.jpg,JPG,2088x2088,24,Xiaomi,2312DRAABI,72,f/0.0,52,Daylight,16,29-05-2025 09:42
Black Round Fresh,black_round_fresh_IMG_20250412_115739_TIMEBURST7_3619_rgb_shift_iter3.jpg,JPG,1612x1612,24,Xiaomi,2312DRAABI,72,f/0.0,52,Daylight,16,29-05-2025 09:42
Black Round Fresh,black_round_fresh_IMG_20250412_115739_TIMEBURST9_3808_gamma_iter2.jpg,JPG,1887x1887,24,Xiaomi,2312DRAABI,72,f/0.0,51,Daylight,16,29-05-2025 09:42
Black Round Fresh,black_round_fresh_IMG_20250412_115739_TIMEBURST6_2980_horizontal_flip_iter3.jpg,JPG,2092x2092,24,Xiaomi,2312DRAABI,72,f/0.0,54,Daylight,16,29-05-2025 09:42
Black Round Fresh,black_round_fresh_IMG_20250412_115739_TIMEBURST7_3619_rotate_iter4.jpg,JPG,1612x1612,24,Xiaomi,2312DRAABI,72,f/0.0,53,Daylight,16,29-05-2025 09:42
Black Round Fresh,black_round_fresh_IMG_20250412_115739_TIMEBURST8_3339_rotate_iter3.jpg,JPG,2088x2088,24,Xiaomi,2312DRAABI,72,f/0.0,50,Daylight,16,29-05-2025 09:42
Black Round Fresh,black_round_fresh_IMG_20250412_115739_TIMEBURST7_3619_horizontal_flip_iter4.jpg,JPG,1612x1612,24,Xiaomi,2312DRAABI,72,f/0.0,52,Daylight,16,29-05-2025 09:42
Black Round Fresh,black_round_fresh_IMG_20250412_115739_TIMEBURST6_2980_brightness_contrast_iter3.jpg,JPG,2092x2092,24,Xiaomi,2312DRAABI,72,f/0.0,51,Daylight,16,29-05-2025 09:42
Black Round Fresh,black_round_fresh_IMG_20250412_115739_TIMEBURST9_3808_rgb_shift_iter2.jpg,JPG,1887x1887,24,Xiaomi,2312DRAABI,72,f/0.0,50,Daylight,16,29-05-2025 09:42
Black Round Fresh,black_round_fresh_IMG_20250412_115739_TIMEBURST7_3619_brightness_contrast_iter4.jpg,JPG,1612x1612,24,Xiaomi,2312DRAABI,72,f/0.0,51,Daylight,16,29-05-2025 09:42
Black Round Fresh,black_round_fresh_IMG_20250412_115739_TIMEBURST8_3339_horizontal_flip_iter3.jpg,JPG,2088x2088,24,Xiaomi,2312DRAABI,72,f/0.0,53,Daylight,16,29-05-2025 09:42
Black Round Fresh,black_round_fresh_IMG_20250412_115739_TIMEBURST6_2980_gamma_iter3.jpg,JPG,2092x2092,24,Xiaomi,2312DRAABI,72,f/0.0,53,Daylight,16,29-05-2025 09:42
Black Round Fresh,black_round_fresh_IMG_20250412_115739_TIMEBURST9_3808_rotate_iter3.jpg,JPG,1887x1887,24,Xiaomi,2312DRAABI,72,f/0.0,53,Daylight,16,29-05-2025 09:42
Black Round Fresh,black_round_fresh_IMG_20250412_115739_TIMEBURST7_3619_gamma_iter4.jpg,JPG,1612x1612,24,Xiaomi,2312DRAABI,72,f/0.0,53,Daylight,16,29-05-2025 09:42
Black Round Fresh,black_round_fresh_IMG_20250412_115739_TIMEBURST8_3339_brightness_contrast_iter3.jpg,JPG,2088x2088,24,Xiaomi,2312DRAABI,72,f/0.0,53,Daylight,16,29-05-2025 09:42
Black Round Fresh,black_round_fresh_IMG_20250412_115739_TIMEBURST9_3808_horizontal_flip_iter3.jpg,JPG,1887x1887,24,Xiaomi,2312DRAABI,72,f/0.0,51,Daylight,16,29-05-2025 09:42
Black Round Fresh,black_round_fresh_IMG_20250412_115739_TIMEBURST6_2980_rgb_shift_iter3.jpg,JPG,2092x2092,24,Xiaomi,2312DRAABI,72,f/0.0,53,Daylight,16,29-05-2025 09:42
Black Round Fresh,black_round_fresh_IMG_20250412_115739_TIMEBURST7_3619_rgb_shift_iter4.jpg,JPG,1612x1612,24,Xiaomi,2312DRAABI,72,f/0.0,51,Daylight,16,29-05-2025 09:42
Black Round Fresh,black_round_fresh_IMG_20250412_115739_TIMEBURST9_3808_brightness_contrast_iter3.jpg,JPG,1887x1887,24,Xiaomi,2312DRAABI,72,f/0.0,51,Daylight,16,29-05-2025 09:42
Black Round Fresh,black_round_fresh_IMG_20250412_115739_TIMEBURST8_3339_gamma_iter3.jpg,JPG,2088x2088,24,Xiaomi,2312DRAABI,72,f/0.0,53,Daylight,16,29-05-2025 09:42
Black Round Fresh,black_round_fresh_IMG_20250412_115739_TIMEBURST7_3619_rotate_iter5.jpg,JPG,1612x1612,24,Xiaomi,2312DRAABI,72,f/0.0,52,Daylight,16,29-05-2025 09:42
Black Round Fresh,black_round_fresh_IMG_20250412_115739_TIMEBURST9_3808_gamma_iter3.jpg,JPG,1887x1887,24,Xiaomi,2312DRAABI,72,f/0.0,53,Daylight,16,29-05-2025 09:42
Black Round Fresh,black_round_fresh_IMG_20250412_115739_TIMEBURST7_3619_horizontal_flip_iter5.jpg,JPG,1612x1612,24,Xiaomi,2312DRAABI,72,f/0.0,53,Daylight,16,29-05-2025 09:42
Black Round Fresh,black_round_fresh_IMG_20250412_115739_TIMEBURST6_2980_rotate_iter4.jpg,JPG,2092x2092,24,Xiaomi,2312DRAABI,72,f/0.0,53,Daylight,16,29-05-2025 09:42
Black Round Fresh,black_round_fresh_IMG_20250412_115739_TIMEBURST7_3619_brightness_contrast_iter5.jpg,JPG,1612x1612,24,Xiaomi,2312DRAABI,72,f/0.0,51,Daylight,16,29-05-2025 09:42
Black Round Fresh,black_round_fresh_IMG_20250412_115739_TIMEBURST8_3339_rgb_shift_iter3.jpg,JPG,2088x2088,24,Xiaomi,2312DRAABI,72,f/0.0,51,Daylight,16,29-05-2025 09:42
Black Round Fresh,black_round_fresh_IMG_20250412_115739_TIMEBURST7_3619_gamma_iter5.jpg,JPG,1612x1612,24,Xiaomi,2312DRAABI,72,f/0.0,50,Daylight,16,29-05-2025 09:42
Black Round Fresh,black_round_fresh_IMG_20250412_115739_TIMEBURST9_3808_rgb_shift_iter3.jpg,JPG,1887x1887,24,Xiaomi,2312DRAABI,72,f/0.0,52,Daylight,16,29-05-2025 09:42
Black Round Fresh,black_round_fresh_IMG_20250412_115739_TIMEBURST6_2980_horizontal_flip_iter4.jpg,JPG,2092x2092,24,Xiaomi,2312DRAABI,72,f/0.0,52,Daylight,16,29-05-2025 09:42
Black Round Fresh,black_round_fresh_IMG_20250412_115739_TIMEBURST8_3339_rotate_iter4.jpg,JPG,2088x2088,24,Xiaomi,2312DRAABI,72,f/0.0,52,Daylight,16,29-05-2025 09:42
Black Round Fresh,black_round_fresh_IMG_20250412_115739_TIMEBURST7_3619_rgb_shift_iter5.jpg,JPG,1612x1612,24,Xiaomi,2312DRAABI,72,f/0.0,52,Daylight,16,29-05-2025 09:42
Black Round Fresh,black_round_fresh_IMG_20250412_115739_TIMEBURST6_2980_brightness_contrast_iter4.jpg,JPG,2092x2092,24,Xiaomi,2312DRAABI,72,f/0.0,51,Daylight,16,29-05-2025 09:42
Black Round Fresh,black_round_fresh_IMG_20250412_115739_TIMEBURST8_3339_horizontal_flip_iter4.jpg,JPG,2088x2088,24,Xiaomi,2312DRAABI,72,f/0.0,53,Daylight,16,29-05-2025 09:42
Black Round Fresh,black_round_fresh_IMG_20250412_115739_TIMEBURST9_3808_rotate_iter4.jpg,JPG,1887x1887,24,Xiaomi,2312DRAABI,72,f/0.0,53,Daylight,16,29-05-2025 09:42
Black Round Fresh,black_round_fresh_IMG_20250412_115739_TIMEBURST6_2980_gamma_iter4.jpg,JPG,2092x2092,24,Xiaomi,2312DRAABI,72,f/0.0,51,Daylight,16,29-05-2025 09:42
Black Round Fresh,black_round_fresh_IMG_20250412_115739_TIMEBURST9_3808_horizontal_flip_iter4.jpg,JPG,1887x1887,24,Xiaomi,2312DRAABI,72,f/0.0,53,Daylight,16,29-05-2025 09:42
Black Round Fresh,black_round_fresh_IMG_20250412_115739_TIMEBURST8_3339_brightness_contrast_iter4.jpg,JPG,2088x2088,24,Xiaomi,2312DRAABI,72,f/0.0,54,Daylight,16,29-05-2025 09:42
Black Round Fresh,black_round_fresh_IMG_20250412_115739_TIMEBURST6_2980_rgb_shift_iter4.jpg,JPG,2092x2092,24,Xiaomi,2312DRAABI,72,f/0.0,53,Daylight,16,29-05-2025 09:42
Black Round Fresh,black_round_fresh_IMG_20250412_115739_TIMEBURST9_3808_brightness_contrast_iter4.jpg,JPG,1887x1887,24,Xiaomi,2312DRAABI,72,f/0.0,51,Daylight,16,29-05-2025 09:42
Black Round Fresh,black_round_fresh_IMG_20250412_115739_TIMEBURST8_3339_gamma_iter4.jpg,JPG,2088x2088,24,Xiaomi,2312DRAABI,72,f/0.0,53,Daylight,16,29-05-2025 09:42
Black Round Fresh,black_round_fresh_IMG_20250412_115739_TIMEBURST6_2980_rotate_iter5.jpg,JPG,2092x2092,24,Xiaomi,2312DRAABI,72,f/0.0,52,Daylight,16,29-05-2025 09:42
Black Round Fresh,black_round_fresh_IMG_20250412_115739_TIMEBURST6_2980_horizontal_flip_iter5.jpg,JPG,2092x2092,24,Xiaomi,2312DRAABI,72,f/0.0,50,Daylight,16,29-05-2025 09:42
Black Round Fresh,black_round_fresh_IMG_20250412_115739_TIMEBURST9_3808_gamma_iter4.jpg,JPG,1887x1887,24,Xiaomi,2312DRAABI,72,f/0.0,52,Daylight,16,29-05-2025 09:42
Black Round Fresh,black_round_fresh_IMG_20250412_115739_TIMEBURST8_3339_rgb_shift_iter4.jpg,JPG,2088x2088,24,Xiaomi,2312DRAABI,72,f/0.0,52,Daylight,16,29-05-2025 09:42
Black Round Fresh,black_round_fresh_IMG_20250412_115739_TIMEBURST9_3808_rgb_shift_iter4.jpg,JPG,1887x1887,24,Xiaomi,2312DRAABI,72,f/0.0,51,Daylight,16,29-05-2025 09:42
Black Round Fresh,black_round_fresh_IMG_20250412_115739_TIMEBURST6_2980_brightness_contrast_iter5.jpg,JPG,2092x2092,24,Xiaomi,2312DRAABI,72,f/0.0,51,Daylight,16,29-05-2025 09:42
Black Round Fresh,black_round_fresh_IMG_20250412_115739_TIMEBURST8_3339_rotate_iter5.jpg,JPG,2088x2088,24,Xiaomi,2312DRAABI,72,f/0.0,51,Daylight,16,29-05-2025 09:42
Black Round Fresh,black_round_fresh_IMG_20250412_115739_TIMEBURST6_2980_gamma_iter5.jpg,JPG,2092x2092,24,Xiaomi,2312DRAABI,72,f/0.0,53,Daylight,16,29-05-2025 09:42
Black Round Fresh,black_round_fresh_IMG_20250412_115739_TIMEBURST8_3339_horizontal_flip_iter5.jpg,JPG,2088x2088,24,Xiaomi,2312DRAABI,72,f/0.0,51,Daylight,16,29-05-2025 09:42
Black Round Fresh,black_round_fresh_IMG_20250412_115739_TIMEBURST9_3808_rotate_iter5.jpg,JPG,1887x1887,24,Xiaomi,2312DRAABI,72,f/0.0,50,Daylight,16,29-05-2025 09:42
Black Round Fresh,black_round_fresh_IMG_20250412_115739_TIMEBURST6_2980_rgb_shift_iter5.jpg,JPG,2092x2092,24,Xiaomi,2312DRAABI,72,f/0.0,51,Daylight,16,29-05-2025 09:42
Black Round Fresh,black_round_fresh_IMG_20250412_115739_TIMEBURST9_3808_horizontal_flip_iter5.jpg,JPG,1887x1887,24,Xiaomi,2312DRAABI,72,f/0.0,51,Daylight,16,29-05-2025 09:42
Black Round Fresh,black_round_fresh_IMG_20250412_115739_TIMEBURST9_3808_brightness_contrast_iter5.jpg,JPG,1887x1887,24,Xiaomi,2312DRAABI,72,f/0.0,52,Daylight,16,29-05-2025 09:42
Black Round Fresh,black_round_fresh_IMG_20250412_115739_TIMEBURST8_3339_brightness_contrast_iter5.jpg,JPG,2088x2088,24,Xiaomi,2312DRAABI,72,f/0.0,51,Daylight,16,29-05-2025 09:42
Black Round Fresh,black_round_fresh_IMG_20250412_115739_TIMEBURST8_3339_gamma_iter5.jpg,JPG,2088x2088,24,Xiaomi,2312DRAABI,72,f/0.0,52,Daylight,16,29-05-2025 09:42
Black Round Fresh,black_round_fresh_IMG_20250412_115739_TIMEBURST10_3084_rotate_iter1.jpg,JPG,1454x1454,24,Xiaomi,2312DRAABI,72,f/0.0,50,Daylight,16,29-05-2025 09:42
Black Round Fresh,black_round_fresh_IMG_20250412_115739_TIMEBURST9_3808_gamma_iter5.jpg,JPG,1887x1887,24,Xiaomi,2312DRAABI,72,f/0.0,53,Daylight,16,29-05-2025 09:42
Black Round Fresh,black_round_fresh_IMG_20250412_115739_TIMEBURST10_3084_horizontal_flip_iter1.jpg,JPG,1454x1454,24,Xiaomi,2312DRAABI,72,f/0.0,52,Daylight,16,29-05-2025 09:42
Black Round Fresh,black_round_fresh_IMG_20250412_115739_TIMEBURST10_3084_brightness_contrast_iter1.jpg,JPG,1454x1454,24,Xiaomi,2312DRAABI,72,f/0.0,52,Daylight,16,29-05-2025 09:42
Black Round Fresh,black_round_fresh_IMG_20250412_115739_TIMEBURST8_3339_rgb_shift_iter5.jpg,JPG,2088x2088,24,Xiaomi,2312DRAABI,72,f/0.0,54,Daylight,16,29-05-2025 09:42
Black Round Fresh,black_round_fresh_IMG_20250412_115739_TIMEBURST10_3084_gamma_iter1.jpg,JPG,1454x1454,24,Xiaomi,2312DRAABI,72,f/0.0,50,Daylight,16,29-05-2025 09:42
Black Round Fresh,black_round_fresh_IMG_20250412_115739_TIMEBURST9_3808_rgb_shift_iter5.jpg,JPG,1887x1887,24,Xiaomi,2312DRAABI,72,f/0.0,54,Daylight,16,29-05-2025 09:42
Black Round Fresh,black_round_fresh_IMG_20250412_115739_TIMEBURST10_3084_rgb_shift_iter1.jpg,JPG,1454x1454,24,Xiaomi,2312DRAABI,72,f/0.0,54,Daylight,16,29-05-2025 09:42
Black Round Fresh,black_round_fresh_IMG_20250412_115739_TIMEBURST10_3084_rotate_iter2.jpg,JPG,1454x1454,24,Xiaomi,2312DRAABI,72,f/0.0,54,Daylight,16,29-05-2025 09:42
Black Round Fresh,black_round_fresh_IMG_20250412_115739_TIMEBURST10_3084_horizontal_flip_iter2.jpg,JPG,1454x1454,24,Xiaomi,2312DRAABI,72,f/0.0,52,Daylight,16,29-05-2025 09:42
Black Round Fresh,black_round_fresh_IMG_20250412_115739_TIMEBURST10_3084_brightness_contrast_iter2.jpg,JPG,1454x1454,24,Xiaomi,2312DRAABI,72,f/0.0,53,Daylight,16,29-05-2025 09:42
Black Round Fresh,black_round_fresh_IMG_20250412_115739_TIMEBURST10_3084_gamma_iter2.jpg,JPG,1454x1454,24,Xiaomi,2312DRAABI,72,f/0.0,53,Daylight,16,29-05-2025 09:42
Black Round Fresh,black_round_fresh_IMG_20250412_115739_TIMEBURST10_3084_rgb_shift_iter2.jpg,JPG,1454x1454,24,Xiaomi,2312DRAABI,72,f/0.0,51,Daylight,16,29-05-2025 09:42
Black Round Fresh,black_round_fresh_IMG_20250412_115739_TIMEBURST10_3084_rotate_iter3.jpg,JPG,1454x1454,24,Xiaomi,2312DRAABI,72,f/0.0,52,Daylight,16,29-05-2025 09:42
Black Round Fresh,black_round_fresh_IMG_20250412_115739_TIMEBURST10_3084_horizontal_flip_iter3.jpg,JPG,1454x1454,24,Xiaomi,2312DRAABI,72,f/0.0,50,Daylight,16,29-05-2025 09:42
Black Round Fresh,black_round_fresh_IMG_20250412_115739_TIMEBURST10_3084_brightness_contrast_iter3.jpg,JPG,1454x1454,24,Xiaomi,2312DRAABI,72,f/0.0,50,Daylight,16,29-05-2025 09:42
Black Round Fresh,black_round_fresh_IMG_20250412_115739_TIMEBURST10_3084_gamma_iter3.jpg,JPG,1454x1454,24,Xiaomi,2312DRAABI,72,f/0.0,53,Daylight,16,29-05-2025 09:42
Black Round Fresh,black_round_fresh_IMG_20250412_115739_TIMEBURST10_3084_rgb_shift_iter3.jpg,JPG,1454x1454,24,Xiaomi,2312DRAABI,72,f/0.0,52,Daylight,16,29-05-2025 09:42
Black Round Fresh,black_round_fresh_IMG_20250412_115739_TIMEBURST10_3084_rotate_iter4.jpg,JPG,1454x1454,24,Xiaomi,2312DRAABI,72,f/0.0,54,Daylight,16,29-05-2025 09:42
Black Round Fresh,black_round_fresh_IMG_20250412_115739_TIMEBURST10_3084_horizontal_flip_iter4.jpg,JPG,1454x1454,24,Xiaomi,2312DRAABI,72,f/0.0,51,Daylight,16,29-05-2025 09:42
Black Round Fresh,black_round_fresh_IMG_20250412_115739_TIMEBURST10_3084_brightness_contrast_iter4.jpg,JPG,1454x1454,24,Xiaomi,2312DRAABI,72,f/0.0,53,Daylight,16,29-05-2025 09:42
Black Round Fresh,black_round_fresh_IMG_20250412_115739_TIMEBURST10_3084_gamma_iter4.jpg,JPG,1454x1454,24,Xiaomi,2312DRAABI,72,f/0.0,52,Daylight,16,29-05-2025 09:42
Black Round Fresh,black_round_fresh_IMG_20250412_115739_TIMEBURST11_3031_rotate_iter1.jpg,JPG,1378x1378,24,Xiaomi,2312DRAABI,72,f/0.0,54,Daylight,16,29-05-2025 09:42
Black Round Fresh,black_round_fresh_IMG_20250412_115739_TIMEBURST11_3031_horizontal_flip_iter1.jpg,JPG,1378x1378,24,Xiaomi,2312DRAABI,72,f/0.0,51,Daylight,16,29-05-2025 09:42
Black Round Fresh,black_round_fresh_IMG_20250412_115739_TIMEBURST10_3084_rgb_shift_iter4.jpg,JPG,1454x1454,24,Xiaomi,2312DRAABI,72,f/0.0,51,Daylight,16,29-05-2025 09:42
Black Round Fresh,black_round_fresh_IMG_20250412_115739_TIMEBURST11_3031_brightness_contrast_iter1.jpg,JPG,1378x1378,24,Xiaomi,2312DRAABI,72,f/0.0,52,Daylight,16,29-05-2025 09:42
Black Round Fresh,black_round_fresh_IMG_20250412_115739_TIMEBURST14_3558_rotate_iter1.jpg,JPG,1694x1694,24,Xiaomi,2312DRAABI,72,f/0.0,52,Daylight,16,29-05-2025 09:42
Black Round Fresh,black_round_fresh_IMG_20250412_115739_TIMEBURST10_3084_rotate_iter5.jpg,JPG,1454x1454,24,Xiaomi,2312DRAABI,72,f/0.0,52,Daylight,16,29-05-2025 09:42
Black Round Fresh,black_round_fresh_IMG_20250412_115739_TIMEBURST11_3031_gamma_iter1.jpg,JPG,1378x1378,24,Xiaomi,2312DRAABI,72,f/0.0,52,Daylight,16,29-05-2025 09:42
Black Round Fresh,black_round_fresh_IMG_20250412_115739_TIMEBURST14_3558_horizontal_flip_iter1.jpg,JPG,1694x1694,24,Xiaomi,2312DRAABI,72,f/0.0,50,Daylight,16,29-05-2025 09:42
Black Round Fresh,black_round_fresh_IMG_20250412_115739_TIMEBURST14_3558_brightness_contrast_iter1.jpg,JPG,1694x1694,24,Xiaomi,2312DRAABI,72,f/0.0,52,Daylight,16,29-05-2025 09:42
Black Round Fresh,black_round_fresh_IMG_20250412_115739_TIMEBURST10_3084_horizontal_flip_iter5.jpg,JPG,1454x1454,24,Xiaomi,2312DRAABI,72,f/0.0,53,Daylight,16,29-05-2025 09:42
Black Round Fresh,black_round_fresh_IMG_20250412_115739_TIMEBURST11_3031_rgb_shift_iter1.jpg,JPG,1378x1378,24,Xiaomi,2312DRAABI,72,f/0.0,51,Daylight,16,29-05-2025 09:42
Black Round Fresh,black_round_fresh_IMG_20250412_115739_TIMEBURST12_3330_rotate_iter1.jpg,JPG,1178x1178,24,Xiaomi,2312DRAABI,72,f/0.0,51,Daylight,16,29-05-2025 09:42
Black Round Fresh,black_round_fresh_IMG_20250412_115739_TIMEBURST10_3084_brightness_contrast_iter5.jpg,JPG,1454x1454,24,Xiaomi,2312DRAABI,72,f/0.0,51,Daylight,16,29-05-2025 09:42
Black Round Fresh,black_round_fresh_IMG_20250412_115739_TIMEBURST10_3084_gamma_iter5.jpg,JPG,1454x1454,24,Xiaomi,2312DRAABI,72,f/0.0,51,Daylight,16,29-05-2025 09:42
Black Round Fresh,black_round_fresh_IMG_20250412_115739_TIMEBURST14_3558_gamma_iter1.jpg,JPG,1694x1694,24,Xiaomi,2312DRAABI,72,f/0.0,51,Daylight,16,29-05-2025 09:42
Black Round Fresh,black_round_fresh_IMG_20250412_115739_TIMEBURST11_3031_rotate_iter2.jpg,JPG,1378x1378,24,Xiaomi,2312DRAABI,72,f/0.0,50,Daylight,16,29-05-2025 09:42
Black Round Fresh,black_round_fresh_IMG_20250412_115739_TIMEBURST12_3330_horizontal_flip_iter1.jpg,JPG,1178x1178,24,Xiaomi,2312DRAABI,72,f/0.0,53,Daylight,16,29-05-2025 09:42
Black Round Fresh,black_round_fresh_IMG_20250412_115739_TIMEBURST11_3031_horizontal_flip_iter2.jpg,JPG,1378x1378,24,Xiaomi,2312DRAABI,72,f/0.0,52,Daylight,16,29-05-2025 09:42
Black Round Fresh,black_round_fresh_IMG_20250412_115739_TIMEBURST12_3330_brightness_contrast_iter1.jpg,JPG,1178x1178,24,Xiaomi,2312DRAABI,72,f/0.0,53,Daylight,16,29-05-2025 09:42
Black Round Fresh,black_round_fresh_IMG_20250412_115739_TIMEBURST10_3084_rgb_shift_iter5.jpg,JPG,1454x1454,24,Xiaomi,2312DRAABI,72,f/0.0,52,Daylight,16,29-05-2025 09:42
Black Round Fresh,black_round_fresh_IMG_20250412_115739_TIMEBURST14_3558_rgb_shift_iter1.jpg,JPG,1694x1694,24,Xiaomi,2312DRAABI,72,f/0.0,51,Daylight,16,29-05-2025 09:42
Black Round Fresh,black_round_fresh_IMG_20250412_115739_TIMEBURST12_3330_gamma_iter1.jpg,JPG,1178x1178,24,Xiaomi,2312DRAABI,72,f/0.0,53,Daylight,16,29-05-2025 09:42
Black Round Fresh,black_round_fresh_IMG_20250412_115739_TIMEBURST11_3031_brightness_contrast_iter2.jpg,JPG,1378x1378,24,Xiaomi,2312DRAABI,72,f/0.0,51,Daylight,16,29-05-2025 09:42
Black Round Fresh,black_round_fresh_IMG_20250412_115739_TIMEBURST12_3330_rgb_shift_iter1.jpg,JPG,1178x1178,24,Xiaomi,2312DRAABI,72,f/0.0,51,Daylight,16,29-05-2025 09:42
Black Round Fresh,black_round_fresh_IMG_20250412_115739_TIMEBURST11_3031_gamma_iter2.jpg,JPG,1378x1378,24,Xiaomi,2312DRAABI,72,f/0.0,52,Daylight,16,29-05-2025 09:42
Black Round Fresh,black_round_fresh_IMG_20250412_115739_TIMEBURST14_3558_rotate_iter2.jpg,JPG,1694x1694,24,Xiaomi,2312DRAABI,72,f/0.0,51,Daylight,16,29-05-2025 09:42
Black Round Fresh,black_round_fresh_IMG_20250412_115739_TIMEBURST12_3330_rotate_iter2.jpg,JPG,1178x1178,24,Xiaomi,2312DRAABI,72,f/0.0,51,Daylight,16,29-05-2025 09:42
Black Round Fresh,black_round_fresh_IMG_20250412_115739_TIMEBURST11_3031_rgb_shift_iter2.jpg,JPG,1378x1378,24,Xiaomi,2312DRAABI,72,f/0.0,51,Daylight,16,29-05-2025 09:42
Black Round Fresh,black_round_fresh_IMG_20250412_115739_TIMEBURST14_3558_horizontal_flip_iter2.jpg,JPG,1694x1694,24,Xiaomi,2312DRAABI,72,f/0.0,51,Daylight,16,29-05-2025 09:42
Black Round Fresh,black_round_fresh_IMG_20250412_115739_TIMEBURST12_3330_horizontal_flip_iter2.jpg,JPG,1178x1178,24,Xiaomi,2312DRAABI,72,f/0.0,50,Daylight,16,29-05-2025 09:42
Black Round Fresh,black_round_fresh_IMG_20250412_115739_TIMEBURST14_3558_brightness_contrast_iter2.jpg,JPG,1694x1694,24,Xiaomi,2312DRAABI,72,f/0.0,52,Daylight,16,29-05-2025 09:42
Black Round Fresh,black_round_fresh_IMG_20250412_115739_TIMEBURST12_3330_brightness_contrast_iter2.jpg,JPG,1178x1178,24,Xiaomi,2312DRAABI,72,f/0.0,54,Daylight,16,29-05-2025 09:42
Black Round Fresh,black_round_fresh_IMG_20250412_115739_TIMEBURST11_3031_rotate_iter3.jpg,JPG,1378x1378,24,Xiaomi,2312DRAABI,72,f/0.0,52,Daylight,16,29-05-2025 09:42
Black Round Fresh,black_round_fresh_IMG_20250412_115739_TIMEBURST12_3330_gamma_iter2.jpg,JPG,1178x1178,24,Xiaomi,2312DRAABI,72,f/0.0,52,Daylight,16,29-05-2025 09:42
Black Round Fresh,black_round_fresh_IMG_20250412_115739_TIMEBURST11_3031_horizontal_flip_iter3.jpg,JPG,1378x1378,24,Xiaomi,2312DRAABI,72,f/0.0,52,Daylight,16,29-05-2025 09:42
Black Round Fresh,black_round_fresh_IMG_20250412_115739_TIMEBURST14_3558_gamma_iter2.jpg,JPG,1694x1694,24,Xiaomi,2312DRAABI,72,f/0.0,50,Daylight,16,29-05-2025 09:42
Black Round Fresh,black_round_fresh_IMG_20250412_115739_TIMEBURST12_3330_rgb_shift_iter2.jpg,JPG,1178x1178,24,Xiaomi,2312DRAABI,72,f/0.0,51,Daylight,16,29-05-2025 09:42
Black Round Fresh,black_round_fresh_IMG_20250412_115739_TIMEBURST11_3031_brightness_contrast_iter3.jpg,JPG,1378x1378,24,Xiaomi,2312DRAABI,72,f/0.0,53,Daylight,16,29-05-2025 09:42
Black Round Fresh,black_round_fresh_IMG_20250412_115739_TIMEBURST14_3558_rgb_shift_iter2.jpg,JPG,1694x1694,24,Xiaomi,2312DRAABI,72,f/0.0,53,Daylight,16,29-05-2025 09:42
Black Round Fresh,black_round_fresh_IMG_20250412_115739_TIMEBURST12_3330_rotate_iter3.jpg,JPG,1178x1178,24,Xiaomi,2312DRAABI,72,f/0.0,52,Daylight,16,29-05-2025 09:42
Black Round Fresh,black_round_fresh_IMG_20250412_115739_TIMEBURST11_3031_gamma_iter3.jpg,JPG,1378x1378,24,Xiaomi,2312DRAABI,72,f/0.0,52,Daylight,16,29-05-2025 09:42
Black Round Fresh,black_round_fresh_IMG_20250412_115739_TIMEBURST12_3330_horizontal_flip_iter3.jpg,JPG,1178x1178,24,Xiaomi,2312DRAABI,72,f/0.0,51,Daylight,16,29-05-2025 09:42
Black Round Fresh,black_round_fresh_IMG_20250412_115739_TIMEBURST14_3558_rotate_iter3.jpg,JPG,1694x1694,24,Xiaomi,2312DRAABI,72,f/0.0,54,Daylight,16,29-05-2025 09:42
Black Round Fresh,black_round_fresh_IMG_20250412_115739_TIMEBURST11_3031_rgb_shift_iter3.jpg,JPG,1378x1378,24,Xiaomi,2312DRAABI,72,f/0.0,53,Daylight,16,29-05-2025 09:42
Black Round Fresh,black_round_fresh_IMG_20250412_115739_TIMEBURST12_3330_brightness_contrast_iter3.jpg,JPG,1178x1178,24,Xiaomi,2312DRAABI,72,f/0.0,50,Daylight,16,29-05-2025 09:42
Black Round Fresh,black_round_fresh_IMG_20250412_115739_TIMEBURST12_3330_gamma_iter3.jpg,JPG,1178x1178,24,Xiaomi,2312DRAABI,72,f/0.0,52,Daylight,16,29-05-2025 09:42
Black Round Fresh,black_round_fresh_IMG_20250412_115739_TIMEBURST14_3558_horizontal_flip_iter3.jpg,JPG,1694x1694,24,Xiaomi,2312DRAABI,72,f/0.0,51,Daylight,16,29-05-2025 09:42
Black Round Fresh,black_round_fresh_IMG_20250412_115739_TIMEBURST11_3031_rotate_iter4.jpg,JPG,1378x1378,24,Xiaomi,2312DRAABI,72,f/0.0,50,Daylight,16,29-05-2025 09:42
Black Round Fresh,black_round_fresh_IMG_20250412_115739_TIMEBURST12_3330_rgb_shift_iter3.jpg,JPG,1178x1178,24,Xiaomi,2312DRAABI,72,f/0.0,51,Daylight,16,29-05-2025 09:42
Black Round Fresh,black_round_fresh_IMG_20250412_115739_TIMEBURST14_3558_brightness_contrast_iter3.jpg,JPG,1694x1694,24,Xiaomi,2312DRAABI,72,f/0.0,53,Daylight,16,29-05-2025 09:42
Black Round Fresh,black_round_fresh_IMG_20250412_115739_TIMEBURST11_3031_horizontal_flip_iter4.jpg,JPG,1378x1378,24,Xiaomi,2312DRAABI,72,f/0.0,53,Daylight,16,29-05-2025 09:42
Black Round Fresh,black_round_fresh_IMG_20250412_115739_TIMEBURST11_3031_brightness_contrast_iter4.jpg,JPG,1378x1378,24,Xiaomi,2312DRAABI,72,f/0.0,53,Daylight,16,29-05-2025 09:42
Black Round Fresh,black_round_fresh_IMG_20250412_115739_TIMEBURST12_3330_rotate_iter4.jpg,JPG,1178x1178,24,Xiaomi,2312DRAABI,72,f/0.0,53,Daylight,16,29-05-2025 09:42
Black Round Fresh,black_round_fresh_IMG_20250412_115739_TIMEBURST14_3558_gamma_iter3.jpg,JPG,1694x1694,24,Xiaomi,2312DRAABI,72,f/0.0,53,Daylight,16,29-05-2025 09:42
Black Round Fresh,black_round_fresh_IMG_20250412_115739_TIMEBURST11_3031_gamma_iter4.jpg,JPG,1378x1378,24,Xiaomi,2312DRAABI,72,f/0.0,51,Daylight,16,29-05-2025 09:42
Black Round Fresh,black_round_fresh_IMG_20250412_115739_TIMEBURST12_3330_horizontal_flip_iter4.jpg,JPG,1178x1178,24,Xiaomi,2312DRAABI,72,f/0.0,53,Daylight,16,29-05-2025 09:42
Black Round Fresh,black_round_fresh_IMG_20250412_115739_TIMEBURST14_3558_rgb_shift_iter3.jpg,JPG,1694x1694,24,Xiaomi,2312DRAABI,72,f/0.0,51,Daylight,16,29-05-2025 09:42
Black Round Fresh,black_round_fresh_IMG_20250412_115739_TIMEBURST12_3330_brightness_contrast_iter4.jpg,JPG,1178x1178,24,Xiaomi,2312DRAABI,72,f/0.0,51,Daylight,16,29-05-2025 09:42
Black Round Fresh,black_round_fresh_IMG_20250412_115739_TIMEBURST11_3031_rgb_shift_iter4.jpg,JPG,1378x1378,24,Xiaomi,2312DRAABI,72,f/0.0,53,Daylight,16,29-05-2025 09:42
Black Round Fresh,black_round_fresh_IMG_20250412_115739_TIMEBURST12_3330_gamma_iter4.jpg,JPG,1178x1178,24,Xiaomi,2312DRAABI,72,f/0.0,52,Daylight,16,29-05-2025 09:42
Black Round Fresh,black_round_fresh_IMG_20250412_115739_TIMEBURST14_3558_rotate_iter4.jpg,JPG,1694x1694,24,Xiaomi,2312DRAABI,72,f/0.0,53,Daylight,16,29-05-2025 09:42
Black Round Fresh,black_round_fresh_IMG_20250412_115739_TIMEBURST12_3330_rgb_shift_iter4.jpg,JPG,1178x1178,24,Xiaomi,2312DRAABI,72,f/0.0,53,Daylight,16,29-05-2025 09:42
Black Round Fresh,black_round_fresh_IMG_20250412_115739_TIMEBURST11_3031_rotate_iter5.jpg,JPG,1378x1378,24,Xiaomi,2312DRAABI,72,f/0.0,53,Daylight,16,29-05-2025 09:42
Black Round Fresh,black_round_fresh_IMG_20250412_115739_TIMEBURST14_3558_horizontal_flip_iter4.jpg,JPG,1694x1694,24,Xiaomi,2312DRAABI,72,f/0.0,51,Daylight,16,29-05-2025 09:42
Black Round Fresh,black_round_fresh_IMG_20250412_115739_TIMEBURST14_3558_brightness_contrast_iter4.jpg,JPG,1694x1694,24,Xiaomi,2312DRAABI,72,f/0.0,51,Daylight,16,29-05-2025 09:42
Black Round Fresh,black_round_fresh_IMG_20250412_115739_TIMEBURST12_3330_rotate_iter5.jpg,JPG,1178x1178,24,Xiaomi,2312DRAABI,72,f/0.0,50,Daylight,16,29-05-2025 09:42
Black Round Fresh,black_round_fresh_IMG_20250412_115739_TIMEBURST15_3508_rotate_iter1.jpg,JPG,1515x1532,24,Xiaomi,2312DRAABI,72,f/0.0,52,Daylight,16,29-05-2025 09:42
Black Round Fresh,black_round_fresh_IMG_20250412_115739_TIMEBURST12_3330_horizontal_flip_iter5.jpg,JPG,1178x1178,24,Xiaomi,2312DRAABI,72,f/0.0,52,Daylight,16,29-05-2025 09:42
Black Round Fresh,black_round_fresh_IMG_20250412_115739_TIMEBURST11_3031_horizontal_flip_iter5.jpg,JPG,1378x1378,24,Xiaomi,2312DRAABI,72,f/0.0,52,Daylight,16,29-05-2025 09:42
Black Round Fresh,black_round_fresh_IMG_20250412_115739_TIMEBURST11_3031_brightness_contrast_iter5.jpg,JPG,1378x1378,24,Xiaomi,2312DRAABI,72,f/0.0,52,Daylight,16,29-05-2025 09:42
Black Round Fresh,black_round_fresh_IMG_20250412_115739_TIMEBURST14_3558_gamma_iter4.jpg,JPG,1694x1694,24,Xiaomi,2312DRAABI,72,f/0.0,51,Daylight,16,29-05-2025 09:42
Black Round Fresh,black_round_fresh_IMG_20250412_115739_TIMEBURST12_3330_brightness_contrast_iter5.jpg,JPG,1178x1178,24,Xiaomi,2312DRAABI,72,f/0.0,53,Daylight,16,29-05-2025 09:42
Black Round Fresh,black_round_fresh_IMG_20250412_115739_TIMEBURST11_3031_gamma_iter5.jpg,JPG,1378x1378,24,Xiaomi,2312DRAABI,72,f/0.0,53,Daylight,16,29-05-2025 09:42
Black Round Fresh,black_round_fresh_IMG_20250412_115739_TIMEBURST15_3508_horizontal_flip_iter1.jpg,JPG,1515x1532,24,Xiaomi,2312DRAABI,72,f/0.0,51,Daylight,16,29-05-2025 09:42
Black Round Fresh,black_round_fresh_IMG_20250412_115739_TIMEBURST12_3330_gamma_iter5.jpg,JPG,1178x1178,24,Xiaomi,2312DRAABI,72,f/0.0,53,Daylight,16,29-05-2025 09:42
Black Round Fresh,black_round_fresh_IMG_20250412_115739_TIMEBURST15_3508_brightness_contrast_iter1.jpg,JPG,1515x1532,24,Xiaomi,2312DRAABI,72,f/0.0,54,Daylight,16,29-05-2025 09:42
Black Round Fresh,black_round_fresh_IMG_20250412_115739_TIMEBURST11_3031_rgb_shift_iter5.jpg,JPG,1378x1378,24,Xiaomi,2312DRAABI,72,f/0.0,53,Daylight,16,29-05-2025 09:42
Black Round Fresh,black_round_fresh_IMG_20250412_115739_TIMEBURST14_3558_rgb_shift_iter4.jpg,JPG,1694x1694,24,Xiaomi,2312DRAABI,72,f/0.0,51,Daylight,16,29-05-2025 09:42
Black Round Fresh,black_round_fresh_IMG_20250412_115739_TIMEBURST12_3330_rgb_shift_iter5.jpg,JPG,1178x1178,24,Xiaomi,2312DRAABI,72,f/0.0,53,Daylight,16,29-05-2025 09:42
Black Round Fresh,black_round_fresh_IMG_20250412_115739_TIMEBURST15_3508_gamma_iter1.jpg,JPG,1515x1532,24,Xiaomi,2312DRAABI,72,f/0.0,52,Daylight,16,29-05-2025 09:42
Black Round Fresh,black_round_fresh_IMG_20250412_115739_TIMEBURST14_3558_rotate_iter5.jpg,JPG,1694x1694,24,Xiaomi,2312DRAABI,72,f/0.0,50,Daylight,16,29-05-2025 09:42
Black Round Fresh,black_round_fresh_IMG_20250412_115739_TIMEBURST14_3558_horizontal_flip_iter5.jpg,JPG,1694x1694,24,Xiaomi,2312DRAABI,72,f/0.0,52,Daylight,16,29-05-2025 09:42
Black Round Fresh,black_round_fresh_IMG_20250412_115739_TIMEBURST15_3508_rgb_shift_iter1.jpg,JPG,1515x1532,24,Xiaomi,2312DRAABI,72,f/0.0,52,Daylight,16,29-05-2025 09:42
Black Round Fresh,black_round_fresh_IMG_20250412_115739_TIMEBURST14_3558_brightness_contrast_iter5.jpg,JPG,1694x1694,24,Xiaomi,2312DRAABI,72,f/0.0,51,Daylight,16,29-05-2025 09:42
Black Round Fresh,black_round_fresh_IMG_20250412_115739_TIMEBURST15_3508_rotate_iter2.jpg,JPG,1515x1532,24,Xiaomi,2312DRAABI,72,f/0.0,51,Daylight,16,29-05-2025 09:42
Black Round Fresh,black_round_fresh_IMG_20250412_115739_TIMEBURST14_3558_gamma_iter5.jpg,JPG,1694x1694,24,Xiaomi,2312DRAABI,72,f/0.0,51,Daylight,16,29-05-2025 09:42
Black Round Fresh,black_round_fresh_IMG_20250412_115739_TIMEBURST15_3508_horizontal_flip_iter2.jpg,JPG,1515x1532,24,Xiaomi,2312DRAABI,72,f/0.0,53,Daylight,16,29-05-2025 09:42
Black Round Fresh,black_round_fresh_IMG_20250412_115739_TIMEBURST15_3508_brightness_contrast_iter2.jpg,JPG,1515x1532,24,Xiaomi,2312DRAABI,72,f/0.0,51,Daylight,16,29-05-2025 09:42
Black Round Fresh,black_round_fresh_IMG_20250412_115739_TIMEBURST14_3558_rgb_shift_iter5.jpg,JPG,1694x1694,24,Xiaomi,2312DRAABI,72,f/0.0,50,Daylight,16,29-05-2025 09:42
Black Round Fresh,black_round_fresh_IMG_20250412_115739_TIMEBURST15_3508_gamma_iter2.jpg,JPG,1515x1532,24,Xiaomi,2312DRAABI,72,f/0.0,51,Daylight,16,29-05-2025 09:42
Black Round Fresh,black_round_fresh_IMG_20250412_115739_TIMEBURST15_3508_rgb_shift_iter2.jpg,JPG,1515x1532,24,Xiaomi,2312DRAABI,72,f/0.0,51,Daylight,16,29-05-2025 09:42
Black Round Fresh,black_round_fresh_IMG_20250412_115739_TIMEBURST15_3508_rotate_iter3.jpg,JPG,1515x1532,24,Xiaomi,2312DRAABI,72,f/0.0,52,Daylight,16,29-05-2025 09:42
Black Round Fresh,black_round_fresh_IMG_20250412_115739_TIMEBURST15_3508_horizontal_flip_iter3.jpg,JPG,1515x1532,24,Xiaomi,2312DRAABI,72,f/0.0,51,Daylight,16,29-05-2025 09:42
Black Round Fresh,black_round_fresh_IMG_20250412_115739_TIMEBURST15_3508_brightness_contrast_iter3.jpg,JPG,1515x1532,24,Xiaomi,2312DRAABI,72,f/0.0,52,Daylight,16,29-05-2025 09:42
Black Round Fresh,black_round_fresh_IMG_20250412_115739_TIMEBURST15_3508_gamma_iter3.jpg,JPG,1515x1532,24,Xiaomi,2312DRAABI,72,f/0.0,50,Daylight,16,29-05-2025 09:42
Black Round Fresh,black_round_fresh_IMG_20250412_115739_TIMEBURST15_3508_rgb_shift_iter3.jpg,JPG,1515x1532,24,Xiaomi,2312DRAABI,72,f/0.0,53,Daylight,16,29-05-2025 09:42
Black Round Fresh,black_round_fresh_IMG_20250412_115739_TIMEBURST15_3508_rotate_iter4.jpg,JPG,1515x1532,24,Xiaomi,2312DRAABI,72,f/0.0,52,Daylight,16,29-05-2025 09:42
Black Round Fresh,black_round_fresh_IMG_20250412_115739_TIMEBURST15_3508_horizontal_flip_iter4.jpg,JPG,1515x1532,24,Xiaomi,2312DRAABI,72,f/0.0,52,Daylight,16,29-05-2025 09:42
Black Round Fresh,black_round_fresh_IMG_20250412_115739_TIMEBURST15_3508_brightness_contrast_iter4.jpg,JPG,1515x1532,24,Xiaomi,2312DRAABI,72,f/0.0,54,Daylight,16,29-05-2025 09:42
Black Round Fresh,black_round_fresh_IMG_20250412_115739_TIMEBURST15_3508_gamma_iter4.jpg,JPG,1515x1532,24,Xiaomi,2312DRAABI,72,f/0.0,50,Daylight,16,29-05-2025 09:42
Black Round Fresh,black_round_fresh_IMG_20250412_115739_TIMEBURST15_3508_rgb_shift_iter4.jpg,JPG,1515x1532,24,Xiaomi,2312DRAABI,72,f/0.0,54,Daylight,16,29-05-2025 09:42
Black Round Fresh,black_round_fresh_IMG_20250412_115739_TIMEBURST15_3508_rotate_iter5.jpg,JPG,1515x1532,24,Xiaomi,2312DRAABI,72,f/0.0,54,Daylight,16,29-05-2025 09:42
Black Round Fresh,black_round_fresh_IMG_20250412_115739_TIMEBURST15_3508_horizontal_flip_iter5.jpg,JPG,1515x1532,24,Xiaomi,2312DRAABI,72,f/0.0,54,Daylight,16,29-05-2025 09:42
Black Round Fresh,black_round_fresh_IMG_20250412_115739_TIMEBURST15_3508_brightness_contrast_iter5.jpg,JPG,1515x1532,24,Xiaomi,2312DRAABI,72,f/0.0,52,Daylight,16,29-05-2025 09:42
Black Round Fresh,black_round_fresh_IMG_20250412_115739_TIMEBURST15_3508_gamma_iter5.jpg,JPG,1515x1532,24,Xiaomi,2312DRAABI,72,f/0.0,53,Daylight,16,29-05-2025 09:42
Black Round Fresh,black_round_fresh_IMG_20250412_115739_TIMEBURST15_3508_rgb_shift_iter5.jpg,JPG,1515x1532,24,Xiaomi,2312DRAABI,72,f/0.0,53,Daylight,16,29-05-2025 09:42
Black Round Fresh,black_round_fresh_IMG_20250412_115739_TIMEBURST16_3859_rotate_iter1.jpg,JPG,1123x1123,24,Xiaomi,2312DRAABI,72,f/0.0,51,Daylight,16,29-05-2025 09:42
Black Round Fresh,black_round_fresh_IMG_20250412_115739_TIMEBURST16_3859_horizontal_flip_iter1.jpg,JPG,1123x1123,24,Xiaomi,2312DRAABI,72,f/0.0,52,Daylight,16,29-05-2025 09:42
Black Round Fresh,black_round_fresh_IMG_20250412_115739_TIMEBURST16_3859_brightness_contrast_iter1.jpg,JPG,1123x1123,24,Xiaomi,2312DRAABI,72,f/0.0,50,Daylight,16,29-05-2025 09:42
Black Round Fresh,black_round_fresh_IMG_20250412_115739_TIMEBURST17_4032_rotate_iter1.jpg,JPG,1062x1062,24,Xiaomi,2312DRAABI,72,f/0.0,50,Daylight,16,29-05-2025 09:42
Black Round Fresh,black_round_fresh_IMG_20250412_115739_TIMEBURST16_3859_gamma_iter1.jpg,JPG,1123x1123,24,Xiaomi,2312DRAABI,72,f/0.0,53,Daylight,16,29-05-2025 09:42
Black Round Fresh,black_round_fresh_IMG_20250412_115739_TIMEBURST17_4032_horizontal_flip_iter1.jpg,JPG,1062x1062,24,Xiaomi,2312DRAABI,72,f/0.0,52,Daylight,16,29-05-2025 09:42
Black Round Fresh,black_round_fresh_IMG_20250412_115739_TIMEBURST16_3859_rgb_shift_iter1.jpg,JPG,1123x1123,24,Xiaomi,2312DRAABI,72,f/0.0,54,Daylight,16,29-05-2025 09:42
Black Round Fresh,black_round_fresh_IMG_20250412_115739_TIMEBURST17_4032_brightness_contrast_iter1.jpg,JPG,1062x1062,24,Xiaomi,2312DRAABI,72,f/0.0,51,Daylight,16,29-05-2025 09:42
Black Round Fresh,black_round_fresh_IMG_20250412_115739_TIMEBURST17_4032_gamma_iter1.jpg,JPG,1062x1062,24,Xiaomi,2312DRAABI,72,f/0.0,53,Daylight,16,29-05-2025 09:42
Black Round Fresh,black_round_fresh_IMG_20250412_115739_TIMEBURST16_3859_rotate_iter2.jpg,JPG,1123x1123,24,Xiaomi,2312DRAABI,72,f/0.0,52,Daylight,16,29-05-2025 09:42
Black Round Fresh,black_round_fresh_IMG_20250412_115739_TIMEBURST16_3859_horizontal_flip_iter2.jpg,JPG,1123x1123,24,Xiaomi,2312DRAABI,72,f/0.0,54,Daylight,16,29-05-2025 09:42
Black Round Fresh,black_round_fresh_IMG_20250412_115739_TIMEBURST17_4032_rgb_shift_iter1.jpg,JPG,1062x1062,24,Xiaomi,2312DRAABI,72,f/0.0,51,Daylight,16,29-05-2025 09:42
Black Round Fresh,black_round_fresh_IMG_20250412_115739_TIMEBURST20_3641_rotate_iter1.jpg,JPG,1061x1061,24,Xiaomi,2312DRAABI,72,f/0.0,51,Daylight,16,29-05-2025 09:42
Black Round Fresh,black_round_fresh_IMG_20250412_115739_TIMEBURST16_3859_brightness_contrast_iter2.jpg,JPG,1123x1123,24,Xiaomi,2312DRAABI,72,f/0.0,52,Daylight,16,29-05-2025 09:42
Black Round Fresh,black_round_fresh_IMG_20250412_115739_TIMEBURST17_4032_rotate_iter2.jpg,JPG,1062x1062,24,Xiaomi,2312DRAABI,72,f/0.0,52,Daylight,16,29-05-2025 09:42
Black Round Fresh,black_round_fresh_IMG_20250412_115739_TIMEBURST20_3641_horizontal_flip_iter1.jpg,JPG,1061x1061,24,Xiaomi,2312DRAABI,72,f/0.0,52,Daylight,16,29-05-2025 09:42
Black Round Fresh,black_round_fresh_IMG_20250412_115739_TIMEBURST16_3859_gamma_iter2.jpg,JPG,1123x1123,24,Xiaomi,2312DRAABI,72,f/0.0,52,Daylight,16,29-05-2025 09:42
Black Round Fresh,black_round_fresh_IMG_20250412_115739_TIMEBURST17_4032_horizontal_flip_iter2.jpg,JPG,1062x1062,24,Xiaomi,2312DRAABI,72,f/0.0,50,Daylight,16,29-05-2025 09:42
Black Round Fresh,black_round_fresh_IMG_20250412_115739_TIMEBURST20_3641_brightness_contrast_iter1.jpg,JPG,1061x1061,24,Xiaomi,2312DRAABI,72,f/0.0,52,Daylight,16,29-05-2025 09:42
Black Round Fresh,black_round_fresh_IMG_20250412_115739_TIMEBURST17_4032_brightness_contrast_iter2.jpg,JPG,1062x1062,24,Xiaomi,2312DRAABI,72,f/0.0,53,Daylight,16,29-05-2025 09:42
Black Round Fresh,black_round_fresh_IMG_20250412_115739_TIMEBURST20_3641_gamma_iter1.jpg,JPG,1061x1061,24,Xiaomi,2312DRAABI,72,f/0.0,51,Daylight,16,29-05-2025 09:42
Black Round Fresh,black_round_fresh_IMG_20250412_115739_TIMEBURST16_3859_rgb_shift_iter2.jpg,JPG,1123x1123,24,Xiaomi,2312DRAABI,72,f/0.0,51,Daylight,16,29-05-2025 09:42
Black Round Fresh,black_round_fresh_IMG_20250412_115739_TIMEBURST20_3641_rgb_shift_iter1.jpg,JPG,1061x1061,24,Xiaomi,2312DRAABI,72,f/0.0,51,Daylight,16,29-05-2025 09:42
Black Round Fresh,black_round_fresh_IMG_20250412_115739_TIMEBURST18_3388_rotate_iter1.jpg,JPG,1448x1448,24,Xiaomi,2312DRAABI,72,f/0.0,51,Daylight,16,29-05-2025 09:42
Black Round Fresh,black_round_fresh_IMG_20250412_115739_TIMEBURST17_4032_gamma_iter2.jpg,JPG,1062x1062,24,Xiaomi,2312DRAABI,72,f/0.0,51,Daylight,16,29-05-2025 09:42
Black Round Fresh,black_round_fresh_IMG_20250412_115739_TIMEBURST16_3859_rotate_iter3.jpg,JPG,1123x1123,24,Xiaomi,2312DRAABI,72,f/0.0,50,Daylight,16,29-05-2025 09:42
Black Round Fresh,black_round_fresh_IMG_20250412_115739_TIMEBURST17_4032_rgb_shift_iter2.jpg,JPG,1062x1062,24,Xiaomi,2312DRAABI,72,f/0.0,53,Daylight,16,29-05-2025 09:42
Black Round Fresh,black_round_fresh_IMG_20250412_115739_TIMEBURST16_3859_horizontal_flip_iter3.jpg,JPG,1123x1123,24,Xiaomi,2312DRAABI,72,f/0.0,52,Daylight,16,29-05-2025 09:42
Black Round Fresh,black_round_fresh_IMG_20250412_115739_TIMEBURST20_3641_rotate_iter2.jpg,JPG,1061x1061,24,Xiaomi,2312DRAABI,72,f/0.0,53,Daylight,16,29-05-2025 09:42
Black Round Fresh,black_round_fresh_IMG_20250412_115739_TIMEBURST16_3859_brightness_contrast_iter3.jpg,JPG,1123x1123,24,Xiaomi,2312DRAABI,72,f/0.0,52,Daylight,16,29-05-2025 09:42
Black Round Fresh,black_round_fresh_IMG_20250412_115739_TIMEBURST18_3388_horizontal_flip_iter1.jpg,JPG,1448x1448,24,Xiaomi,2312DRAABI,72,f/0.0,51,Daylight,16,29-05-2025 09:42
Black Round Fresh,black_round_fresh_IMG_20250412_115739_TIMEBURST17_4032_rotate_iter3.jpg,JPG,1062x1062,24,Xiaomi,2312DRAABI,72,f/0.0,53,Daylight,16,29-05-2025 09:42
Black Round Fresh,black_round_fresh_IMG_20250412_115739_TIMEBURST20_3641_horizontal_flip_iter2.jpg,JPG,1061x1061,24,Xiaomi,2312DRAABI,72,f/0.0,51,Daylight,16,29-05-2025 09:42
Black Round Fresh,black_round_fresh_IMG_20250412_115739_TIMEBURST16_3859_gamma_iter3.jpg,JPG,1123x1123,24,Xiaomi,2312DRAABI,72,f/0.0,51,Daylight,16,29-05-2025 09:42
Black Round Fresh,black_round_fresh_IMG_20250412_115739_TIMEBURST17_4032_horizontal_flip_iter3.jpg,JPG,1062x1062,24,Xiaomi,2312DRAABI,72,f/0.0,52,Daylight,16,29-05-2025 09:42
Black Round Fresh,black_round_fresh_IMG_20250412_115739_TIMEBURST20_3641_brightness_contrast_iter2.jpg,JPG,1061x1061,24,Xiaomi,2312DRAABI,72,f/0.0,51,Daylight,16,29-05-2025 09:42
Black Round Fresh,black_round_fresh_IMG_20250412_115739_TIMEBURST18_3388_brightness_contrast_iter1.jpg,JPG,1448x1448,24,Xiaomi,2312DRAABI,72,f/0.0,51,Daylight,16,29-05-2025 09:42
Black Round Fresh,black_round_fresh_IMG_20250412_115739_TIMEBURST17_4032_brightness_contrast_iter3.jpg,JPG,1062x1062,24,Xiaomi,2312DRAABI,72,f/0.0,51,Daylight,16,29-05-2025 09:42
Black Round Fresh,black_round_fresh_IMG_20250412_115739_TIMEBURST20_3641_gamma_iter2.jpg,JPG,1061x1061,24,Xiaomi,2312DRAABI,72,f/0.0,51,Daylight,16,29-05-2025 09:42
Black Round Fresh,black_round_fresh_IMG_20250412_115739_TIMEBURST16_3859_rgb_shift_iter3.jpg,JPG,1123x1123,24,Xiaomi,2312DRAABI,72,f/0.0,50,Daylight,16,29-05-2025 09:42
Black Round Fresh,black_round_fresh_IMG_20250412_115739_TIMEBURST18_3388_gamma_iter1.jpg,JPG,1448x1448,24,Xiaomi,2312DRAABI,72,f/0.0,52,Daylight,16,29-05-2025 09:42
Black Round Fresh,black_round_fresh_IMG_20250412_115739_TIMEBURST17_4032_gamma_iter3.jpg,JPG,1062x1062,24,Xiaomi,2312DRAABI,72,f/0.0,54,Daylight,16,29-05-2025 09:42
Black Round Fresh,black_round_fresh_IMG_20250412_115739_TIMEBURST16_3859_rotate_iter4.jpg,JPG,1123x1123,24,Xiaomi,2312DRAABI,72,f/0.0,52,Daylight,16,29-05-2025 09:42
Black Round Fresh,black_round_fresh_IMG_20250412_115739_TIMEBURST20_3641_rgb_shift_iter2.jpg,JPG,1061x1061,24,Xiaomi,2312DRAABI,72,f/0.0,52,Daylight,16,29-05-2025 09:42
Black Round Fresh,black_round_fresh_IMG_20250412_115739_TIMEBURST17_4032_rgb_shift_iter3.jpg,JPG,1062x1062,24,Xiaomi,2312DRAABI,72,f/0.0,52,Daylight,16,29-05-2025 09:42
Black Round Fresh,black_round_fresh_IMG_20250412_115739_TIMEBURST18_3388_rgb_shift_iter1.jpg,JPG,1448x1448,24,Xiaomi,2312DRAABI,72,f/0.0,50,Daylight,16,29-05-2025 09:42
Black Round Fresh,black_round_fresh_IMG_20250412_115739_TIMEBURST20_3641_rotate_iter3.jpg,JPG,1061x1061,24,Xiaomi,2312DRAABI,72,f/0.0,51,Daylight,16,29-05-2025 09:42
Black Round Fresh,black_round_fresh_IMG_20250412_115739_TIMEBURST16_3859_horizontal_flip_iter4.jpg,JPG,1123x1123,24,Xiaomi,2312DRAABI,72,f/0.0,53,Daylight,16,29-05-2025 09:42
Black Round Fresh,black_round_fresh_IMG_20250412_115739_TIMEBURST17_4032_rotate_iter4.jpg,JPG,1062x1062,24,Xiaomi,2312DRAABI,72,f/0.0,53,Daylight,16,29-05-2025 09:42
Black Round Fresh,black_round_fresh_IMG_20250412_115739_TIMEBURST16_3859_brightness_contrast_iter4.jpg,JPG,1123x1123,24,Xiaomi,2312DRAABI,72,f/0.0,52,Daylight,16,29-05-2025 09:42
Black Round Fresh,black_round_fresh_IMG_20250412_115739_TIMEBURST17_4032_horizontal_flip_iter4.jpg,JPG,1062x1062,24,Xiaomi,2312DRAABI,72,f/0.0,52,Daylight,16,29-05-2025 09:42
Black Round Fresh,black_round_fresh_IMG_20250412_115739_TIMEBURST20_3641_horizontal_flip_iter3.jpg,JPG,1061x1061,24,Xiaomi,2312DRAABI,72,f/0.0,51,Daylight,16,29-05-2025 09:42
Black Round Fresh,black_round_fresh_IMG_20250412_115739_TIMEBURST16_3859_gamma_iter4.jpg,JPG,1123x1123,24,Xiaomi,2312DRAABI,72,f/0.0,54,Daylight,16,29-05-2025 09:42
Black Round Fresh,black_round_fresh_IMG_20250412_115739_TIMEBURST18_3388_rotate_iter2.jpg,JPG,1448x1448,24,Xiaomi,2312DRAABI,72,f/0.0,53,Daylight,16,29-05-2025 09:42
Black Round Fresh,black_round_fresh_IMG_20250412_115739_TIMEBURST17_4032_brightness_contrast_iter4.jpg,JPG,1062x1062,24,Xiaomi,2312DRAABI,72,f/0.0,50,Daylight,16,29-05-2025 09:42
Black Round Fresh,black_round_fresh_IMG_20250412_115739_TIMEBURST20_3641_brightness_contrast_iter3.jpg,JPG,1061x1061,24,Xiaomi,2312DRAABI,72,f/0.0,52,Daylight,16,29-05-2025 09:42
Black Round Fresh,black_round_fresh_IMG_20250412_115739_TIMEBURST16_3859_rgb_shift_iter4.jpg,JPG,1123x1123,24,Xiaomi,2312DRAABI,72,f/0.0,51,Daylight,16,29-05-2025 09:42
Black Round Fresh,black_round_fresh_IMG_20250412_115739_TIMEBURST18_3388_horizontal_flip_iter2.jpg,JPG,1448x1448,24,Xiaomi,2312DRAABI,72,f/0.0,50,Daylight,16,29-05-2025 09:42
Black Round Fresh,black_round_fresh_IMG_20250412_115739_TIMEBURST17_4032_gamma_iter4.jpg,JPG,1062x1062,24,Xiaomi,2312DRAABI,72,f/0.0,51,Daylight,16,29-05-2025 09:42
Black Round Fresh,black_round_fresh_IMG_20250412_115739_TIMEBURST20_3641_gamma_iter3.jpg,JPG,1061x1061,24,Xiaomi,2312DRAABI,72,f/0.0,53,Daylight,16,29-05-2025 09:42
Black Round Fresh,black_round_fresh_IMG_20250412_115739_TIMEBURST16_3859_rotate_iter5.jpg,JPG,1123x1123,24,Xiaomi,2312DRAABI,72,f/0.0,53,Daylight,16,29-05-2025 09:42
Black Round Fresh,black_round_fresh_IMG_20250412_115739_TIMEBURST17_4032_rgb_shift_iter4.jpg,JPG,1062x1062,24,Xiaomi,2312DRAABI,72,f/0.0,53,Daylight,16,29-05-2025 09:42
Black Round Fresh,black_round_fresh_IMG_20250412_115739_TIMEBURST20_3641_rgb_shift_iter3.jpg,JPG,1061x1061,24,Xiaomi,2312DRAABI,72,f/0.0,53,Daylight,16,29-05-2025 09:42
Black Round Fresh,black_round_fresh_IMG_20250412_115739_TIMEBURST18_3388_brightness_contrast_iter2.jpg,JPG,1448x1448,24,Xiaomi,2312DRAABI,72,f/0.0,53,Daylight,16,29-05-2025 09:42
Black Round Fresh,black_round_fresh_IMG_20250412_115739_TIMEBURST16_3859_horizontal_flip_iter5.jpg,JPG,1123x1123,24,Xiaomi,2312DRAABI,72,f/0.0,51,Daylight,16,29-05-2025 09:42
Black Round Fresh,black_round_fresh_IMG_20250412_115739_TIMEBURST18_3388_gamma_iter2.jpg,JPG,1448x1448,24,Xiaomi,2312DRAABI,72,f/0.0,53,Daylight,16,29-05-2025 09:42
Black Round Fresh,black_round_fresh_IMG_20250412_115739_TIMEBURST17_4032_rotate_iter5.jpg,JPG,1062x1062,24,Xiaomi,2312DRAABI,72,f/0.0,51,Daylight,16,29-05-2025 09:42
Black Round Fresh,black_round_fresh_IMG_20250412_115739_TIMEBURST20_3641_rotate_iter4.jpg,JPG,1061x1061,24,Xiaomi,2312DRAABI,72,f/0.0,51,Daylight,16,29-05-2025 09:42
Black Round Fresh,black_round_fresh_IMG_20250412_115739_TIMEBURST16_3859_brightness_contrast_iter5.jpg,JPG,1123x1123,24,Xiaomi,2312DRAABI,72,f/0.0,53,Daylight,16,29-05-2025 09:42
Black Round Fresh,black_round_fresh_IMG_20250412_115739_TIMEBURST17_4032_horizontal_flip_iter5.jpg,JPG,1062x1062,24,Xiaomi,2312DRAABI,72,f/0.0,52,Daylight,16,29-05-2025 09:42
Black Round Fresh,black_round_fresh_IMG_20250412_115739_TIMEBURST16_3859_gamma_iter5.jpg,JPG,1123x1123,24,Xiaomi,2312DRAABI,72,f/0.0,53,Daylight,16,29-05-2025 09:42
Black Round Fresh,black_round_fresh_IMG_20250412_115739_TIMEBURST17_4032_brightness_contrast_iter5.jpg,JPG,1062x1062,24,Xiaomi,2312DRAABI,72,f/0.0,53,Daylight,16,29-05-2025 09:42
Black Round Fresh,black_round_fresh_IMG_20250412_115739_TIMEBURST20_3641_horizontal_flip_iter4.jpg,JPG,1061x1061,24,Xiaomi,2312DRAABI,72,f/0.0,53,Daylight,16,29-05-2025 09:42
Black Round Fresh,black_round_fresh_IMG_20250412_115739_TIMEBURST18_3388_rgb_shift_iter2.jpg,JPG,1448x1448,24,Xiaomi,2312DRAABI,72,f/0.0,51,Daylight,16,29-05-2025 09:42
Black Round Fresh,black_round_fresh_IMG_20250412_115739_TIMEBURST16_3859_rgb_shift_iter5.jpg,JPG,1123x1123,24,Xiaomi,2312DRAABI,72,f/0.0,51,Daylight,16,29-05-2025 09:42
Black Round Fresh,black_round_fresh_IMG_20250412_115739_TIMEBURST17_4032_gamma_iter5.jpg,JPG,1062x1062,24,Xiaomi,2312DRAABI,72,f/0.0,50,Daylight,16,29-05-2025 09:42
Black Round Fresh,black_round_fresh_IMG_20250412_115739_TIMEBURST20_3641_brightness_contrast_iter4.jpg,JPG,1061x1061,24,Xiaomi,2312DRAABI,72,f/0.0,52,Daylight,16,29-05-2025 09:42
Black Round Fresh,black_round_fresh_IMG_20250412_115739_TIMEBURST17_4032_rgb_shift_iter5.jpg,JPG,1062x1062,24,Xiaomi,2312DRAABI,72,f/0.0,52,Daylight,16,29-05-2025 09:42
Black Round Fresh,black_round_fresh_IMG_20250412_115739_TIMEBURST20_3641_gamma_iter4.jpg,JPG,1061x1061,24,Xiaomi,2312DRAABI,72,f/0.0,52,Daylight,16,29-05-2025 09:42
Black Round Fresh,black_round_fresh_IMG_20250412_115739_TIMEBURST18_3388_rotate_iter3.jpg,JPG,1448x1448,24,Xiaomi,2312DRAABI,72,f/0.0,52,Daylight,16,29-05-2025 09:42
Black Round Fresh,black_round_fresh_IMG_20250412_115739_TIMEBURST20_3641_rgb_shift_iter4.jpg,JPG,1061x1061,24,Xiaomi,2312DRAABI,72,f/0.0,51,Daylight,16,29-05-2025 09:42
Black Round Fresh,black_round_fresh_IMG_20250412_115739_TIMEBURST18_3388_horizontal_flip_iter3.jpg,JPG,1448x1448,24,Xiaomi,2312DRAABI,72,f/0.0,53,Daylight,16,29-05-2025 09:42
Black Round Fresh,black_round_fresh_IMG_20250412_115739_TIMEBURST20_3641_rotate_iter5.jpg,JPG,1061x1061,24,Xiaomi,2312DRAABI,72,f/0.0,53,Daylight,16,29-05-2025 09:42
Black Round Fresh,black_round_fresh_IMG_20250412_115739_TIMEBURST20_3641_horizontal_flip_iter5.jpg,JPG,1061x1061,24,Xiaomi,2312DRAABI,72,f/0.0,51,Daylight,16,29-05-2025 09:42
Black Round Fresh,black_round_fresh_IMG_20250412_115739_TIMEBURST18_3388_brightness_contrast_iter3.jpg,JPG,1448x1448,24,Xiaomi,2312DRAABI,72,f/0.0,53,Daylight,16,29-05-2025 09:42
Black Round Fresh,black_round_fresh_IMG_20250412_115739_TIMEBURST20_3641_brightness_contrast_iter5.jpg,JPG,1061x1061,24,Xiaomi,2312DRAABI,72,f/0.0,54,Daylight,16,29-05-2025 09:42
Black Round Fresh,black_round_fresh_IMG_20250412_115739_TIMEBURST18_3388_gamma_iter3.jpg,JPG,1448x1448,24,Xiaomi,2312DRAABI,72,f/0.0,53,Daylight,16,29-05-2025 09:42
Black Round Fresh,black_round_fresh_IMG_20250412_115739_TIMEBURST20_3641_gamma_iter5.jpg,JPG,1061x1061,24,Xiaomi,2312DRAABI,72,f/0.0,51,Daylight,16,29-05-2025 09:42
Black Round Fresh,black_round_fresh_IMG_20250412_115739_TIMEBURST20_3641_rgb_shift_iter5.jpg,JPG,1061x1061,24,Xiaomi,2312DRAABI,72,f/0.0,53,Daylight,16,29-05-2025 09:42
Black Round Fresh,black_round_fresh_IMG_20250412_115739_TIMEBURST18_3388_rgb_shift_iter3.jpg,JPG,1448x1448,24,Xiaomi,2312DRAABI,72,f/0.0,52,Daylight,16,29-05-2025 09:42
Black Round Fresh,black_round_fresh_IMG_20250412_115739_TIMEBURST18_3388_rotate_iter4.jpg,JPG,1448x1448,24,Xiaomi,2312DRAABI,72,f/0.0,50,Daylight,16,29-05-2025 09:42
Black Round Fresh,black_round_fresh_IMG_20250412_115739_TIMEBURST18_3388_horizontal_flip_iter4.jpg,JPG,1448x1448,24,Xiaomi,2312DRAABI,72,f/0.0,52,Daylight,16,29-05-2025 09:42
Black Round Fresh,black_round_fresh_IMG_20250412_115739_TIMEBURST18_3388_brightness_contrast_iter4.jpg,JPG,1448x1448,24,Xiaomi,2312DRAABI,72,f/0.0,52,Daylight,16,29-05-2025 09:42
Black Round Fresh,black_round_fresh_IMG_20250412_115739_TIMEBURST18_3388_gamma_iter4.jpg,JPG,1448x1448,24,Xiaomi,2312DRAABI,72,f/0.0,51,Daylight,16,29-05-2025 09:42
Black Round Fresh,black_round_fresh_IMG_20250412_115739_TIMEBURST18_3388_rgb_shift_iter4.jpg,JPG,1448x1448,24,Xiaomi,2312DRAABI,72,f/0.0,51,Daylight,16,29-05-2025 09:42
Black Round Fresh,black_round_fresh_IMG_20250412_115739_TIMEBURST18_3388_rotate_iter5.jpg,JPG,1448x1448,24,Xiaomi,2312DRAABI,72,f/0.0,51,Daylight,16,29-05-2025 09:42
Black Round Fresh,black_round_fresh_IMG_20250412_115739_TIMEBURST18_3388_horizontal_flip_iter5.jpg,JPG,1448x1448,24,Xiaomi,2312DRAABI,72,f/0.0,53,Daylight,16,29-05-2025 09:42
Black Round Fresh,black_round_fresh_IMG_20250412_115739_TIMEBURST18_3388_brightness_contrast_iter5.jpg,JPG,1448x1448,24,Xiaomi,2312DRAABI,72,f/0.0,51,Daylight,16,29-05-2025 09:42
Black Round Fresh,black_round_fresh_IMG_20250412_115739_TIMEBURST18_3388_gamma_iter5.jpg,JPG,1448x1448,24,Xiaomi,2312DRAABI,72,f/0.0,50,Daylight,16,29-05-2025 09:42
Black Round Fresh,black_round_fresh_IMG_20250412_115739_TIMEBURST18_3388_rgb_shift_iter5.jpg,JPG,1448x1448,24,Xiaomi,2312DRAABI,72,f/0.0,51,Daylight,16,29-05-2025 09:42
Black Round Fresh,black_round_fresh_IMG_20250412_115529_115529_rotate_iter1.jpg,JPG,1455x1455,24,Xiaomi,2312DRAABI,72,f/0.0,51,Daylight,16,29-05-2025 09:42
Black Round Fresh,black_round_fresh_IMG_20250412_115529_115529_horizontal_flip_iter1.jpg,JPG,1455x1455,24,Xiaomi,2312DRAABI,72,f/0.0,52,Daylight,16,29-05-2025 09:42
Black Round Fresh,black_round_fresh_IMG_20250412_115529_115529_brightness_contrast_iter1.jpg,JPG,1455x1455,24,Xiaomi,2312DRAABI,72,f/0.0,51,Daylight,16,29-05-2025 09:42
Black Round Fresh,black_round_fresh_IMG_20250412_115529_115529_gamma_iter1.jpg,JPG,1455x1455,24,Xiaomi,2312DRAABI,72,f/0.0,52,Daylight,16,29-05-2025 09:42
Black Round Fresh,black_round_fresh_IMG_20250412_115529_115529_rgb_shift_iter1.jpg,JPG,1455x1455,24,Xiaomi,2312DRAABI,72,f/0.0,50,Daylight,16,29-05-2025 09:42
Black Round Fresh,black_round_fresh_IMG_20250412_115529_115529_rotate_iter2.jpg,JPG,1455x1455,24,Xiaomi,2312DRAABI,72,f/0.0,53,Daylight,16,29-05-2025 09:42
Black Round Fresh,black_round_fresh_IMG_20250412_115529_115529_horizontal_flip_iter2.jpg,JPG,1455x1455,24,Xiaomi,2312DRAABI,72,f/0.0,52,Daylight,16,29-05-2025 09:42
Black Round Fresh,black_round_fresh_IMG_20250412_115529_115529_brightness_contrast_iter2.jpg,JPG,1455x1455,24,Xiaomi,2312DRAABI,72,f/0.0,52,Daylight,16,29-05-2025 09:42
Black Round Fresh,black_round_fresh_IMG_20250412_115529_115529_gamma_iter2.jpg,JPG,1455x1455,24,Xiaomi,2312DRAABI,72,f/0.0,54,Daylight,16,29-05-2025 09:42
Black Round Fresh,black_round_fresh_IMG_20250412_115529_115529_rgb_shift_iter2.jpg,JPG,1455x1455,24,Xiaomi,2312DRAABI,72,f/0.0,50,Daylight,16,29-05-2025 09:42
Black Round Fresh,black_round_fresh_IMG_20250412_115529_115529_rotate_iter3.jpg,JPG,1455x1455,24,Xiaomi,2312DRAABI,72,f/0.0,54,Daylight,16,29-05-2025 09:42
Black Round Fresh,black_round_fresh_IMG_20250412_115529_115529_horizontal_flip_iter3.jpg,JPG,1455x1455,24,Xiaomi,2312DRAABI,72,f/0.0,54,Daylight,16,29-05-2025 09:42
Black Round Fresh,black_round_fresh_IMG_20250412_115529_115529_brightness_contrast_iter3.jpg,JPG,1455x1455,24,Xiaomi,2312DRAABI,72,f/0.0,54,Daylight,16,29-05-2025 09:42
Black Round Fresh,black_round_fresh_IMG_20250412_115529_115529_gamma_iter3.jpg,JPG,1455x1455,24,Xiaomi,2312DRAABI,72,f/0.0,52,Daylight,16,29-05-2025 09:42
Black Round Fresh,black_round_fresh_IMG_20250412_115529_115529_rgb_shift_iter3.jpg,JPG,1455x1455,24,Xiaomi,2312DRAABI,72,f/0.0,53,Daylight,16,29-05-2025 09:42
Black Round Fresh,black_round_fresh_IMG_20250412_115529_115529_rotate_iter4.jpg,JPG,1455x1455,24,Xiaomi,2312DRAABI,72,f/0.0,53,Daylight,16,29-05-2025 09:42
Black Round Fresh,black_round_fresh_IMG_20250412_115529_115529_horizontal_flip_iter4.jpg,JPG,1455x1455,24,Xiaomi,2312DRAABI,72,f/0.0,51,Daylight,16,29-05-2025 09:42
Black Round Fresh,black_round_fresh_IMG_20250412_115529_115529_brightness_contrast_iter4.jpg,JPG,1455x1455,24,Xiaomi,2312DRAABI,72,f/0.0,52,Daylight,16,29-05-2025 09:42
Black Round Fresh,black_round_fresh_IMG_20250412_115529_115529_gamma_iter4.jpg,JPG,1455x1455,24,Xiaomi,2312DRAABI,72,f/0.0,50,Daylight,16,29-05-2025 09:42
Black Round Fresh,black_round_fresh_IMG_20250412_115529_115529_rgb_shift_iter4.jpg,JPG,1455x1455,24,Xiaomi,2312DRAABI,72,f/0.0,50,Daylight,16,29-05-2025 09:42
Black Round Fresh,black_round_fresh_IMG_20250412_115529_115529_rotate_iter5.jpg,JPG,1455x1455,24,Xiaomi,2312DRAABI,72,f/0.0,53,Daylight,16,29-05-2025 09:42
Black Round Fresh,black_round_fresh_IMG_20250412_115529_115529_horizontal_flip_iter5.jpg,JPG,1455x1455,24,Xiaomi,2312DRAABI,72,f/0.0,52,Daylight,16,29-05-2025 09:42
Black Round Fresh,black_round_fresh_IMG_20250412_115529_115529_brightness_contrast_iter5.jpg,JPG,1455x1455,24,Xiaomi,2312DRAABI,72,f/0.0,54,Daylight,16,29-05-2025 09:42
Black Round Fresh,black_round_fresh_IMG_20250412_115529_115529_gamma_iter5.jpg,JPG,1455x1455,24,Xiaomi,2312DRAABI,72,f/0.0,51,Daylight,16,29-05-2025 09:42
Black Round Fresh,black_round_fresh_IMG_20250412_115529_115529_rgb_shift_iter5.jpg,JPG,1455x1455,24,Xiaomi,2312DRAABI,72,f/0.0,53,Daylight,16,29-05-2025 09:42
Black Round Fresh,black_round_fresh_IMG_20250412_115540_TIMEBURST3_2000_rotate_iter1.jpg,JPG,1689x1689,24,Xiaomi,2312DRAABI,72,f/0.0,52,Daylight,16,29-05-2025 09:42
Black Round Fresh,black_round_fresh_IMG_20250412_115540_TIMEBURST3_2000_horizontal_flip_iter1.jpg,JPG,1689x1689,24,Xiaomi,2312DRAABI,72,f/0.0,54,Daylight,16,29-05-2025 09:42
Black Round Fresh,black_round_fresh_IMG_20250412_115540_TIMEBURST1_2335_rotate_iter1.jpg,JPG,1450x1450,24,Xiaomi,2312DRAABI,72,f/0.0,51,Daylight,16,29-05-2025 09:42
Black Round Fresh,black_round_fresh_IMG_20250412_115540_TIMEBURST3_2000_brightness_contrast_iter1.jpg,JPG,1689x1689,24,Xiaomi,2312DRAABI,72,f/0.0,51,Daylight,16,29-05-2025 09:42
Black Round Fresh,black_round_fresh_IMG_20250412_115540_TIMEBURST1_2335_horizontal_flip_iter1.jpg,JPG,1450x1450,24,Xiaomi,2312DRAABI,72,f/0.0,52,Daylight,16,29-05-2025 09:42
Black Round Fresh,black_round_fresh_IMG_20250412_115540_TIMEBURST2_2155_rotate_iter1.jpg,JPG,1511x1511,24,Xiaomi,2312DRAABI,72,f/0.0,52,Daylight,16,29-05-2025 09:42
Black Round Fresh,black_round_fresh_IMG_20250412_115540_TIMEBURST1_2335_brightness_contrast_iter1.jpg,JPG,1450x1450,24,Xiaomi,2312DRAABI,72,f/0.0,52,Daylight,16,29-05-2025 09:42
Black Round Fresh,black_round_fresh_IMG_20250412_115540_TIMEBURST2_2155_horizontal_flip_iter1.jpg,JPG,1511x1511,24,Xiaomi,2312DRAABI,72,f/0.0,52,Daylight,16,29-05-2025 09:42
Black Round Fresh,black_round_fresh_IMG_20250412_115540_TIMEBURST3_2000_gamma_iter1.jpg,JPG,1689x1689,24,Xiaomi,2312DRAABI,72,f/0.0,50,Daylight,16,29-05-2025 09:42
Black Round Fresh,black_round_fresh_IMG_20250412_115540_TIMEBURST1_2335_gamma_iter1.jpg,JPG,1450x1450,24,Xiaomi,2312DRAABI,72,f/0.0,52,Daylight,16,29-05-2025 09:42
Black Round Fresh,black_round_fresh_IMG_20250412_115540_TIMEBURST2_2155_brightness_contrast_iter1.jpg,JPG,1511x1511,24,Xiaomi,2312DRAABI,72,f/0.0,53,Daylight,16,29-05-2025 09:42
Black Round Fresh,black_round_fresh_IMG_20250412_115540_TIMEBURST2_2155_gamma_iter1.jpg,JPG,1511x1511,24,Xiaomi,2312DRAABI,72,f/0.0,51,Daylight,16,29-05-2025 09:42
Black Round Fresh,black_round_fresh_IMG_20250412_115540_TIMEBURST3_2000_rgb_shift_iter1.jpg,JPG,1689x1689,24,Xiaomi,2312DRAABI,72,f/0.0,51,Daylight,16,29-05-2025 09:42
Black Round Fresh,black_round_fresh_IMG_20250412_115540_TIMEBURST1_2335_rgb_shift_iter1.jpg,JPG,1450x1450,24,Xiaomi,2312DRAABI,72,f/0.0,51,Daylight,16,29-05-2025 09:42
Black Round Fresh,black_round_fresh_IMG_20250412_115540_TIMEBURST1_2335_rotate_iter2.jpg,JPG,1450x1450,24,Xiaomi,2312DRAABI,72,f/0.0,51,Daylight,16,29-05-2025 09:42
Black Round Fresh,black_round_fresh_IMG_20250412_115540_TIMEBURST2_2155_rgb_shift_iter1.jpg,JPG,1511x1511,24,Xiaomi,2312DRAABI,72,f/0.0,51,Daylight,16,29-05-2025 09:42
Black Round Fresh,black_round_fresh_IMG_20250412_115540_TIMEBURST1_2335_horizontal_flip_iter2.jpg,JPG,1450x1450,24,Xiaomi,2312DRAABI,72,f/0.0,50,Daylight,16,29-05-2025 09:42
Black Round Fresh,black_round_fresh_IMG_20250412_115540_TIMEBURST1_2335_brightness_contrast_iter2.jpg,JPG,1450x1450,24,Xiaomi,2312DRAABI,72,f/0.0,53,Daylight,16,29-05-2025 09:42
Black Round Fresh,black_round_fresh_IMG_20250412_115540_TIMEBURST3_2000_rotate_iter2.jpg,JPG,1689x1689,24,Xiaomi,2312DRAABI,72,f/0.0,52,Daylight,16,29-05-2025 09:42
Black Round Fresh,black_round_fresh_IMG_20250412_115540_TIMEBURST2_2155_rotate_iter2.jpg,JPG,1511x1511,24,Xiaomi,2312DRAABI,72,f/0.0,53,Daylight,16,29-05-2025 09:42
Black Round Fresh,black_round_fresh_IMG_20250412_115540_TIMEBURST1_2335_gamma_iter2.jpg,JPG,1450x1450,24,Xiaomi,2312DRAABI,72,f/0.0,52,Daylight,16,29-05-2025 09:42
Black Round Fresh,black_round_fresh_IMG_20250412_115540_TIMEBURST2_2155_horizontal_flip_iter2.jpg,JPG,1511x1511,24,Xiaomi,2312DRAABI,72,f/0.0,51,Daylight,16,29-05-2025 09:42
Black Round Fresh,black_round_fresh_IMG_20250412_115540_TIMEBURST3_2000_horizontal_flip_iter2.jpg,JPG,1689x1689,24,Xiaomi,2312DRAABI,72,f/0.0,53,Daylight,16,29-05-2025 09:42
Black Round Fresh,black_round_fresh_IMG_20250412_115540_TIMEBURST2_2155_brightness_contrast_iter2.jpg,JPG,1511x1511,24,Xiaomi,2312DRAABI,72,f/0.0,51,Daylight,16,29-05-2025 09:42
Black Round Fresh,black_round_fresh_IMG_20250412_115540_TIMEBURST1_2335_rgb_shift_iter2.jpg,JPG,1450x1450,24,Xiaomi,2312DRAABI,72,f/0.0,51,Daylight,16,29-05-2025 09:42
Black Round Fresh,black_round_fresh_IMG_20250412_115540_TIMEBURST3_2000_brightness_contrast_iter2.jpg,JPG,1689x1689,24,Xiaomi,2312DRAABI,72,f/0.0,52,Daylight,16,29-05-2025 09:42
Black Round Fresh,black_round_fresh_IMG_20250412_115540_TIMEBURST2_2155_gamma_iter2.jpg,JPG,1511x1511,24,Xiaomi,2312DRAABI,72,f/0.0,51,Daylight,16,29-05-2025 09:42
Black Round Fresh,black_round_fresh_IMG_20250412_115540_TIMEBURST1_2335_rotate_iter3.jpg,JPG,1450x1450,24,Xiaomi,2312DRAABI,72,f/0.0,51,Daylight,16,29-05-2025 09:42
Black Round Fresh,black_round_fresh_IMG_20250412_115540_TIMEBURST3_2000_gamma_iter2.jpg,JPG,1689x1689,24,Xiaomi,2312DRAABI,72,f/0.0,51,Daylight,16,29-05-2025 09:42
Black Round Fresh,black_round_fresh_IMG_20250412_115540_TIMEBURST1_2335_horizontal_flip_iter3.jpg,JPG,1450x1450,24,Xiaomi,2312DRAABI,72,f/0.0,51,Daylight,16,29-05-2025 09:42
Black Round Fresh,black_round_fresh_IMG_20250412_115540_TIMEBURST2_2155_rgb_shift_iter2.jpg,JPG,1511x1511,24,Xiaomi,2312DRAABI,72,f/0.0,50,Daylight,16,29-05-2025 09:42
Black Round Fresh,black_round_fresh_IMG_20250412_115540_TIMEBURST1_2335_brightness_contrast_iter3.jpg,JPG,1450x1450,24,Xiaomi,2312DRAABI,72,f/0.0,52,Daylight,16,29-05-2025 09:42
Black Round Fresh,black_round_fresh_IMG_20250412_115540_TIMEBURST3_2000_rgb_shift_iter2.jpg,JPG,1689x1689,24,Xiaomi,2312DRAABI,72,f/0.0,54,Daylight,16,29-05-2025 09:42
Black Round Fresh,black_round_fresh_IMG_20250412_115540_TIMEBURST2_2155_rotate_iter3.jpg,JPG,1511x1511,24,Xiaomi,2312DRAABI,72,f/0.0,52,Daylight,16,29-05-2025 09:42
Black Round Fresh,black_round_fresh_IMG_20250412_115540_TIMEBURST1_2335_gamma_iter3.jpg,JPG,1450x1450,24,Xiaomi,2312DRAABI,72,f/0.0,52,Daylight,16,29-05-2025 09:42
Black Round Fresh,black_round_fresh_IMG_20250412_115540_TIMEBURST2_2155_horizontal_flip_iter3.jpg,JPG,1511x1511,24,Xiaomi,2312DRAABI,72,f/0.0,52,Daylight,16,29-05-2025 09:42
Black Round Fresh,black_round_fresh_IMG_20250412_115540_TIMEBURST3_2000_rotate_iter3.jpg,JPG,1689x1689,24,Xiaomi,2312DRAABI,72,f/0.0,50,Daylight,16,29-05-2025 09:42
Black Round Fresh,black_round_fresh_IMG_20250412_115540_TIMEBURST1_2335_rgb_shift_iter3.jpg,JPG,1450x1450,24,Xiaomi,2312DRAABI,72,f/0.0,51,Daylight,16,29-05-2025 09:42
Black Round Fresh,black_round_fresh_IMG_20250412_115540_TIMEBURST2_2155_brightness_contrast_iter3.jpg,JPG,1511x1511,24,Xiaomi,2312DRAABI,72,f/0.0,53,Daylight,16,29-05-2025 09:42
Black Round Fresh,black_round_fresh_IMG_20250412_115540_TIMEBURST3_2000_horizontal_flip_iter3.jpg,JPG,1689x1689,24,Xiaomi,2312DRAABI,72,f/0.0,53,Daylight,16,29-05-2025 09:42
Black Round Fresh,black_round_fresh_IMG_20250412_115540_TIMEBURST2_2155_gamma_iter3.jpg,JPG,1511x1511,24,Xiaomi,2312DRAABI,72,f/0.0,52,Daylight,16,29-05-2025 09:42
Black Round Fresh,black_round_fresh_IMG_20250412_115540_TIMEBURST1_2335_rotate_iter4.jpg,JPG,1450x1450,24,Xiaomi,2312DRAABI,72,f/0.0,52,Daylight,16,29-05-2025 09:42
Black Round Fresh,black_round_fresh_IMG_20250412_115540_TIMEBURST3_2000_brightness_contrast_iter3.jpg,JPG,1689x1689,24,Xiaomi,2312DRAABI,72,f/0.0,51,Daylight,16,29-05-2025 09:42
Black Round Fresh,black_round_fresh_IMG_20250412_115540_TIMEBURST1_2335_horizontal_flip_iter4.jpg,JPG,1450x1450,24,Xiaomi,2312DRAABI,72,f/0.0,54,Daylight,16,29-05-2025 09:42
Black Round Fresh,black_round_fresh_IMG_20250412_115540_TIMEBURST2_2155_rgb_shift_iter3.jpg,JPG,1511x1511,24,Xiaomi,2312DRAABI,72,f/0.0,53,Daylight,16,29-05-2025 09:42
Black Round Fresh,black_round_fresh_IMG_20250412_115540_TIMEBURST1_2335_brightness_contrast_iter4.jpg,JPG,1450x1450,24,Xiaomi,2312DRAABI,72,f/0.0,50,Daylight,16,29-05-2025 09:42
Black Round Fresh,black_round_fresh_IMG_20250412_115540_TIMEBURST3_2000_gamma_iter3.jpg,JPG,1689x1689,24,Xiaomi,2312DRAABI,72,f/0.0,52,Daylight,16,29-05-2025 09:42
Black Round Fresh,black_round_fresh_IMG_20250412_115540_TIMEBURST2_2155_rotate_iter4.jpg,JPG,1511x1511,24,Xiaomi,2312DRAABI,72,f/0.0,51,Daylight,16,29-05-2025 09:42
Black Round Fresh,black_round_fresh_IMG_20250412_115540_TIMEBURST1_2335_gamma_iter4.jpg,JPG,1450x1450,24,Xiaomi,2312DRAABI,72,f/0.0,50,Daylight,16,29-05-2025 09:42
Black Round Fresh,black_round_fresh_IMG_20250412_115540_TIMEBURST2_2155_horizontal_flip_iter4.jpg,JPG,1511x1511,24,Xiaomi,2312DRAABI,72,f/0.0,51,Daylight,16,29-05-2025 09:42
Black Round Fresh,black_round_fresh_IMG_20250412_115540_TIMEBURST3_2000_rgb_shift_iter3.jpg,JPG,1689x1689,24,Xiaomi,2312DRAABI,72,f/0.0,53,Daylight,16,29-05-2025 09:42
Black Round Fresh,black_round_fresh_IMG_20250412_115540_TIMEBURST1_2335_rgb_shift_iter4.jpg,JPG,1450x1450,24,Xiaomi,2312DRAABI,72,f/0.0,53,Daylight,16,29-05-2025 09:42
Black Round Fresh,black_round_fresh_IMG_20250412_115540_TIMEBURST2_2155_brightness_contrast_iter4.jpg,JPG,1511x1511,24,Xiaomi,2312DRAABI,72,f/0.0,53,Daylight,16,29-05-2025 09:42
Black Round Fresh,black_round_fresh_IMG_20250412_115540_TIMEBURST2_2155_gamma_iter4.jpg,JPG,1511x1511,24,Xiaomi,2312DRAABI,72,f/0.0,53,Daylight,16,29-05-2025 09:42
Black Round Fresh,black_round_fresh_IMG_20250412_115540_TIMEBURST3_2000_rotate_iter4.jpg,JPG,1689x1689,24,Xiaomi,2312DRAABI,72,f/0.0,53,Daylight,16,29-05-2025 09:42
Black Round Fresh,black_round_fresh_IMG_20250412_115540_TIMEBURST1_2335_rotate_iter5.jpg,JPG,1450x1450,24,Xiaomi,2312DRAABI,72,f/0.0,51,Daylight,16,29-05-2025 09:42
Black Round Fresh,black_round_fresh_IMG_20250412_115540_TIMEBURST3_2000_horizontal_flip_iter4.jpg,JPG,1689x1689,24,Xiaomi,2312DRAABI,72,f/0.0,53,Daylight,16,29-05-2025 09:42
Black Round Fresh,black_round_fresh_IMG_20250412_115540_TIMEBURST2_2155_rgb_shift_iter4.jpg,JPG,1511x1511,24,Xiaomi,2312DRAABI,72,f/0.0,51,Daylight,16,29-05-2025 09:42
Black Round Fresh,black_round_fresh_IMG_20250412_115540_TIMEBURST1_2335_horizontal_flip_iter5.jpg,JPG,1450x1450,24,Xiaomi,2312DRAABI,72,f/0.0,51,Daylight,16,29-05-2025 09:42
Black Round Fresh,black_round_fresh_IMG_20250412_115540_TIMEBURST3_2000_brightness_contrast_iter4.jpg,JPG,1689x1689,24,Xiaomi,2312DRAABI,72,f/0.0,53,Daylight,16,29-05-2025 09:42
Black Round Fresh,black_round_fresh_IMG_20250412_115540_TIMEBURST2_2155_rotate_iter5.jpg,JPG,1511x1511,24,Xiaomi,2312DRAABI,72,f/0.0,52,Daylight,16,29-05-2025 09:42
Black Round Fresh,black_round_fresh_IMG_20250412_115540_TIMEBURST1_2335_brightness_contrast_iter5.jpg,JPG,1450x1450,24,Xiaomi,2312DRAABI,72,f/0.0,53,Daylight,16,29-05-2025 09:42
Black Round Fresh,black_round_fresh_IMG_20250412_115540_TIMEBURST3_2000_gamma_iter4.jpg,JPG,1689x1689,24,Xiaomi,2312DRAABI,72,f/0.0,53,Daylight,16,29-05-2025 09:42
Black Round Fresh,black_round_fresh_IMG_20250412_115540_TIMEBURST2_2155_horizontal_flip_iter5.jpg,JPG,1511x1511,24,Xiaomi,2312DRAABI,72,f/0.0,53,Daylight,16,29-05-2025 09:42
Black Round Fresh,black_round_fresh_IMG_20250412_115540_TIMEBURST1_2335_gamma_iter5.jpg,JPG,1450x1450,24,Xiaomi,2312DRAABI,72,f/0.0,51,Daylight,16,29-05-2025 09:42
Black Round Fresh,black_round_fresh_IMG_20250412_115540_TIMEBURST2_2155_brightness_contrast_iter5.jpg,JPG,1511x1511,24,Xiaomi,2312DRAABI,72,f/0.0,51,Daylight,16,29-05-2025 09:42
Black Round Fresh,black_round_fresh_IMG_20250412_115540_TIMEBURST1_2335_rgb_shift_iter5.jpg,JPG,1450x1450,24,Xiaomi,2312DRAABI,72,f/0.0,50,Daylight,16,29-05-2025 09:42
Black Round Fresh,black_round_fresh_IMG_20250412_115540_TIMEBURST2_2155_gamma_iter5.jpg,JPG,1511x1511,24,Xiaomi,2312DRAABI,72,f/0.0,52,Daylight,16,29-05-2025 09:42
Black Round Fresh,black_round_fresh_IMG_20250412_115540_TIMEBURST3_2000_rgb_shift_iter4.jpg,JPG,1689x1689,24,Xiaomi,2312DRAABI,72,f/0.0,52,Daylight,16,29-05-2025 09:42
Black Round Fresh,black_round_fresh_IMG_20250412_115540_TIMEBURST4_2056_rotate_iter1.jpg,JPG,1612x1612,24,Xiaomi,2312DRAABI,72,f/0.0,52,Daylight,16,29-05-2025 09:42
Black Round Fresh,black_round_fresh_IMG_20250412_115540_TIMEBURST2_2155_rgb_shift_iter5.jpg,JPG,1511x1511,24,Xiaomi,2312DRAABI,72,f/0.0,52,Daylight,16,29-05-2025 09:42
Black Round Fresh,black_round_fresh_IMG_20250412_115540_TIMEBURST4_2056_horizontal_flip_iter1.jpg,JPG,1612x1612,24,Xiaomi,2312DRAABI,72,f/0.0,51,Daylight,16,29-05-2025 09:42
Black Round Fresh,black_round_fresh_IMG_20250412_115540_TIMEBURST3_2000_rotate_iter5.jpg,JPG,1689x1689,24,Xiaomi,2312DRAABI,72,f/0.0,53,Daylight,16,29-05-2025 09:42
Black Round Fresh,black_round_fresh_IMG_20250412_115540_TIMEBURST4_2056_brightness_contrast_iter1.jpg,JPG,1612x1612,24,Xiaomi,2312DRAABI,72,f/0.0,53,Daylight,16,29-05-2025 09:42
Black Round Fresh,black_round_fresh_IMG_20250412_115540_TIMEBURST3_2000_horizontal_flip_iter5.jpg,JPG,1689x1689,24,Xiaomi,2312DRAABI,72,f/0.0,51,Daylight,16,29-05-2025 09:42
Black Round Fresh,black_round_fresh_IMG_20250412_115540_TIMEBURST4_2056_gamma_iter1.jpg,JPG,1612x1612,24,Xiaomi,2312DRAABI,72,f/0.0,53,Daylight,16,29-05-2025 09:42
Black Round Fresh,black_round_fresh_IMG_20250412_115540_TIMEBURST3_2000_brightness_contrast_iter5.jpg,JPG,1689x1689,24,Xiaomi,2312DRAABI,72,f/0.0,54,Daylight,16,29-05-2025 09:42
Black Round Fresh,black_round_fresh_IMG_20250412_115540_TIMEBURST4_2056_rgb_shift_iter1.jpg,JPG,1612x1612,24,Xiaomi,2312DRAABI,72,f/0.0,53,Daylight,16,29-05-2025 09:42
Black Round Fresh,black_round_fresh_IMG_20250412_115540_TIMEBURST3_2000_gamma_iter5.jpg,JPG,1689x1689,24,Xiaomi,2312DRAABI,72,f/0.0,51,Daylight,16,29-05-2025 09:42
Black Round Fresh,black_round_fresh_IMG_20250412_115540_TIMEBURST4_2056_rotate_iter2.jpg,JPG,1612x1612,24,Xiaomi,2312DRAABI,72,f/0.0,53,Daylight,16,29-05-2025 09:42
Black Round Fresh,black_round_fresh_IMG_20250412_115540_TIMEBURST4_2056_horizontal_flip_iter2.jpg,JPG,1612x1612,24,Xiaomi,2312DRAABI,72,f/0.0,52,Daylight,16,29-05-2025 09:42
Black Round Fresh,black_round_fresh_IMG_20250412_115540_TIMEBURST3_2000_rgb_shift_iter5.jpg,JPG,1689x1689,24,Xiaomi,2312DRAABI,72,f/0.0,50,Daylight,16,29-05-2025 09:42
Black Round Fresh,black_round_fresh_IMG_20250412_115540_TIMEBURST4_2056_brightness_contrast_iter2.jpg,JPG,1612x1612,24,Xiaomi,2312DRAABI,72,f/0.0,52,Daylight,16,29-05-2025 09:42
Black Round Fresh,black_round_fresh_IMG_20250412_115540_TIMEBURST4_2056_gamma_iter2.jpg,JPG,1612x1612,24,Xiaomi,2312DRAABI,72,f/0.0,52,Daylight,16,29-05-2025 09:42
Black Round Fresh,black_round_fresh_IMG_20250412_115540_TIMEBURST4_2056_rgb_shift_iter2.jpg,JPG,1612x1612,24,Xiaomi,2312DRAABI,72,f/0.0,51,Daylight,16,29-05-2025 09:42
Black Round Fresh,black_round_fresh_IMG_20250412_115540_TIMEBURST6_1742_rotate_iter1.jpg,JPG,1616x1616,24,Xiaomi,2312DRAABI,72,f/0.0,51,Daylight,16,29-05-2025 09:42
Black Round Fresh,black_round_fresh_IMG_20250412_115540_TIMEBURST5_2528_rotate_iter1.jpg,JPG,1454x1454,24,Xiaomi,2312DRAABI,72,f/0.0,51,Daylight,16,29-05-2025 09:42
Black Round Fresh,black_round_fresh_IMG_20250412_115540_TIMEBURST6_1742_horizontal_flip_iter1.jpg,JPG,1616x1616,24,Xiaomi,2312DRAABI,72,f/0.0,53,Daylight,16,29-05-2025 09:42
Black Round Fresh,black_round_fresh_IMG_20250412_115540_TIMEBURST5_2528_horizontal_flip_iter1.jpg,JPG,1454x1454,24,Xiaomi,2312DRAABI,72,f/0.0,51,Daylight,16,29-05-2025 09:42
Black Round Fresh,black_round_fresh_IMG_20250412_115540_TIMEBURST6_1742_brightness_contrast_iter1.jpg,JPG,1616x1616,24,Xiaomi,2312DRAABI,72,f/0.0,50,Daylight,16,29-05-2025 09:42
Black Round Fresh,black_round_fresh_IMG_20250412_115540_TIMEBURST5_2528_brightness_contrast_iter1.jpg,JPG,1454x1454,24,Xiaomi,2312DRAABI,72,f/0.0,51,Daylight,16,29-05-2025 09:42
Black Round Fresh,black_round_fresh_IMG_20250412_115540_TIMEBURST4_2056_rotate_iter3.jpg,JPG,1612x1612,24,Xiaomi,2312DRAABI,72,f/0.0,51,Daylight,16,29-05-2025 09:42
Black Round Fresh,black_round_fresh_IMG_20250412_115540_TIMEBURST5_2528_gamma_iter1.jpg,JPG,1454x1454,24,Xiaomi,2312DRAABI,72,f/0.0,52,Daylight,16,29-05-2025 09:42
Black Round Fresh,black_round_fresh_IMG_20250412_115540_TIMEBURST6_1742_gamma_iter1.jpg,JPG,1616x1616,24,Xiaomi,2312DRAABI,72,f/0.0,51,Daylight,16,29-05-2025 09:42
Black Round Fresh,black_round_fresh_IMG_20250412_115540_TIMEBURST4_2056_horizontal_flip_iter3.jpg,JPG,1612x1612,24,Xiaomi,2312DRAABI,72,f/0.0,52,Daylight,16,29-05-2025 09:42
Black Round Fresh,black_round_fresh_IMG_20250412_115540_TIMEBURST4_2056_brightness_contrast_iter3.jpg,JPG,1612x1612,24,Xiaomi,2312DRAABI,72,f/0.0,50,Daylight,16,29-05-2025 09:42
Black Round Fresh,black_round_fresh_IMG_20250412_115540_TIMEBURST5_2528_rgb_shift_iter1.jpg,JPG,1454x1454,24,Xiaomi,2312DRAABI,72,f/0.0,53,Daylight,16,29-05-2025 09:42
Black Round Fresh,black_round_fresh_IMG_20250412_115540_TIMEBURST6_1742_rgb_shift_iter1.jpg,JPG,1616x1616,24,Xiaomi,2312DRAABI,72,f/0.0,52,Daylight,16,29-05-2025 09:42
Black Round Fresh,black_round_fresh_IMG_20250412_115540_TIMEBURST5_2528_rotate_iter2.jpg,JPG,1454x1454,24,Xiaomi,2312DRAABI,72,f/0.0,52,Daylight,16,29-05-2025 09:42
Black Round Fresh,black_round_fresh_IMG_20250412_115540_TIMEBURST4_2056_gamma_iter3.jpg,JPG,1612x1612,24,Xiaomi,2312DRAABI,72,f/0.0,54,Daylight,16,29-05-2025 09:42
Black Round Fresh,black_round_fresh_IMG_20250412_115540_TIMEBURST5_2528_horizontal_flip_iter2.jpg,JPG,1454x1454,24,Xiaomi,2312DRAABI,72,f/0.0,50,Daylight,16,29-05-2025 09:42
Black Round Fresh,black_round_fresh_IMG_20250412_115540_TIMEBURST6_1742_rotate_iter2.jpg,JPG,1616x1616,24,Xiaomi,2312DRAABI,72,f/0.0,54,Daylight,16,29-05-2025 09:42
Black Round Fresh,black_round_fresh_IMG_20250412_115540_TIMEBURST4_2056_rgb_shift_iter3.jpg,JPG,1612x1612,24,Xiaomi,2312DRAABI,72,f/0.0,54,Daylight,16,29-05-2025 09:42
Black Round Fresh,black_round_fresh_IMG_20250412_115540_TIMEBURST5_2528_brightness_contrast_iter2.jpg,JPG,1454x1454,24,Xiaomi,2312DRAABI,72,f/0.0,54,Daylight,16,29-05-2025 09:42
Black Round Fresh,black_round_fresh_IMG_20250412_115540_TIMEBURST6_1742_horizontal_flip_iter2.jpg,JPG,1616x1616,24,Xiaomi,2312DRAABI,72,f/0.0,52,Daylight,16,29-05-2025 09:42
Black Round Fresh,black_round_fresh_IMG_20250412_115540_TIMEBURST5_2528_gamma_iter2.jpg,JPG,1454x1454,24,Xiaomi,2312DRAABI,72,f/0.0,53,Daylight,16,29-05-2025 09:42
Black Round Fresh,black_round_fresh_IMG_20250412_115540_TIMEBURST7_2121_rotate_iter1.jpg,JPG,1315x1315,24,Xiaomi,2312DRAABI,72,f/0.0,53,Daylight,16,29-05-2025 09:42
Black Round Fresh,black_round_fresh_IMG_20250412_115540_TIMEBURST4_2056_rotate_iter4.jpg,JPG,1612x1612,24,Xiaomi,2312DRAABI,72,f/0.0,51,Daylight,16,29-05-2025 09:42
Black Round Fresh,black_round_fresh_IMG_20250412_115540_TIMEBURST6_1742_brightness_contrast_iter2.jpg,JPG,1616x1616,24,Xiaomi,2312DRAABI,72,f/0.0,52,Daylight,16,29-05-2025 09:42
Black Round Fresh,black_round_fresh_IMG_20250412_115540_TIMEBURST6_1742_gamma_iter2.jpg,JPG,1616x1616,24,Xiaomi,2312DRAABI,72,f/0.0,50,Daylight,16,29-05-2025 09:42
Black Round Fresh,black_round_fresh_IMG_20250412_115540_TIMEBURST4_2056_horizontal_flip_iter4.jpg,JPG,1612x1612,24,Xiaomi,2312DRAABI,72,f/0.0,50,Daylight,16,29-05-2025 09:42
Black Round Fresh,black_round_fresh_IMG_20250412_115540_TIMEBURST5_2528_rgb_shift_iter2.jpg,JPG,1454x1454,24,Xiaomi,2312DRAABI,72,f/0.0,53,Daylight,16,29-05-2025 09:42
Black Round Fresh,black_round_fresh_IMG_20250412_115540_TIMEBURST7_2121_horizontal_flip_iter1.jpg,JPG,1315x1315,24,Xiaomi,2312DRAABI,72,f/0.0,52,Daylight,16,29-05-2025 09:42
Black Round Fresh,black_round_fresh_IMG_20250412_115540_TIMEBURST4_2056_brightness_contrast_iter4.jpg,JPG,1612x1612,24,Xiaomi,2312DRAABI,72,f/0.0,54,Daylight,16,29-05-2025 09:42
Black Round Fresh,black_round_fresh_IMG_20250412_115540_TIMEBURST7_2121_brightness_contrast_iter1.jpg,JPG,1315x1315,24,Xiaomi,2312DRAABI,72,f/0.0,51,Daylight,16,29-05-2025 09:42
Black Round Fresh,black_round_fresh_IMG_20250412_115540_TIMEBURST5_2528_rotate_iter3.jpg,JPG,1454x1454,24,Xiaomi,2312DRAABI,72,f/0.0,53,Daylight,16,29-05-2025 09:42
Black Round Fresh,black_round_fresh_IMG_20250412_115540_TIMEBURST6_1742_rgb_shift_iter2.jpg,JPG,1616x1616,24,Xiaomi,2312DRAABI,72,f/0.0,52,Daylight,16,29-05-2025 09:42
Black Round Fresh,black_round_fresh_IMG_20250412_115540_TIMEBURST4_2056_gamma_iter4.jpg,JPG,1612x1612,24,Xiaomi,2312DRAABI,72,f/0.0,54,Daylight,16,29-05-2025 09:42
Black Round Fresh,black_round_fresh_IMG_20250412_115540_TIMEBURST7_2121_gamma_iter1.jpg,JPG,1315x1315,24,Xiaomi,2312DRAABI,72,f/0.0,51,Daylight,16,29-05-2025 09:42
Black Round Fresh,black_round_fresh_IMG_20250412_115540_TIMEBURST5_2528_horizontal_flip_iter3.jpg,JPG,1454x1454,24,Xiaomi,2312DRAABI,72,f/0.0,51,Daylight,16,29-05-2025 09:42
Black Round Fresh,black_round_fresh_IMG_20250412_115540_TIMEBURST6_1742_rotate_iter3.jpg,JPG,1616x1616,24,Xiaomi,2312DRAABI,72,f/0.0,52,Daylight,16,29-05-2025 09:42
Black Round Fresh,black_round_fresh_IMG_20250412_115540_TIMEBURST5_2528_brightness_contrast_iter3.jpg,JPG,1454x1454,24,Xiaomi,2312DRAABI,72,f/0.0,52,Daylight,16,29-05-2025 09:42
Black Round Fresh,black_round_fresh_IMG_20250412_115540_TIMEBURST7_2121_rgb_shift_iter1.jpg,JPG,1315x1315,24,Xiaomi,2312DRAABI,72,f/0.0,52,Daylight,16,29-05-2025 09:42
Black Round Fresh,black_round_fresh_IMG_20250412_115540_TIMEBURST4_2056_rgb_shift_iter4.jpg,JPG,1612x1612,24,Xiaomi,2312DRAABI,72,f/0.0,52,Daylight,16,29-05-2025 09:42
Black Round Fresh,black_round_fresh_IMG_20250412_115540_TIMEBURST6_1742_horizontal_flip_iter3.jpg,JPG,1616x1616,24,Xiaomi,2312DRAABI,72,f/0.0,50,Daylight,16,29-05-2025 09:42
Black Round Fresh,black_round_fresh_IMG_20250412_115540_TIMEBURST5_2528_gamma_iter3.jpg,JPG,1454x1454,24,Xiaomi,2312DRAABI,72,f/0.0,52,Daylight,16,29-05-2025 09:42
Black Round Fresh,black_round_fresh_IMG_20250412_115540_TIMEBURST7_2121_rotate_iter2.jpg,JPG,1315x1315,24,Xiaomi,2312DRAABI,72,f/0.0,53,Daylight,16,29-05-2025 09:42
Black Round Fresh,black_round_fresh_IMG_20250412_115540_TIMEBURST4_2056_rotate_iter5.jpg,JPG,1612x1612,24,Xiaomi,2312DRAABI,72,f/0.0,51,Daylight,16,29-05-2025 09:42
Black Round Fresh,black_round_fresh_IMG_20250412_115540_TIMEBURST6_1742_brightness_contrast_iter3.jpg,JPG,1616x1616,24,Xiaomi,2312DRAABI,72,f/0.0,51,Daylight,16,29-05-2025 09:42
Black Round Fresh,black_round_fresh_IMG_20250412_115540_TIMEBURST5_2528_rgb_shift_iter3.jpg,JPG,1454x1454,24,Xiaomi,2312DRAABI,72,f/0.0,51,Daylight,16,29-05-2025 09:42
Black Round Fresh,black_round_fresh_IMG_20250412_115540_TIMEBURST7_2121_horizontal_flip_iter2.jpg,JPG,1315x1315,24,Xiaomi,2312DRAABI,72,f/0.0,51,Daylight,16,29-05-2025 09:42
Black Round Fresh,black_round_fresh_IMG_20250412_115540_TIMEBURST6_1742_gamma_iter3.jpg,JPG,1616x1616,24,Xiaomi,2312DRAABI,72,f/0.0,51,Daylight,16,29-05-2025 09:42
Black Round Fresh,black_round_fresh_IMG_20250412_115540_TIMEBURST4_2056_horizontal_flip_iter5.jpg,JPG,1612x1612,24,Xiaomi,2312DRAABI,72,f/0.0,50,Daylight,16,29-05-2025 09:42
Black Round Fresh,black_round_fresh_IMG_20250412_115540_TIMEBURST7_2121_brightness_contrast_iter2.jpg,JPG,1315x1315,24,Xiaomi,2312DRAABI,72,f/0.0,53,Daylight,16,29-05-2025 09:42
Black Round Fresh,black_round_fresh_IMG_20250412_115540_TIMEBURST5_2528_rotate_iter4.jpg,JPG,1454x1454,24,Xiaomi,2312DRAABI,72,f/0.0,52,Daylight,16,29-05-2025 09:42
Black Round Fresh,black_round_fresh_IMG_20250412_115540_TIMEBURST4_2056_brightness_contrast_iter5.jpg,JPG,1612x1612,24,Xiaomi,2312DRAABI,72,f/0.0,53,Daylight,16,29-05-2025 09:42
Black Round Fresh,black_round_fresh_IMG_20250412_115540_TIMEBURST7_2121_gamma_iter2.jpg,JPG,1315x1315,24,Xiaomi,2312DRAABI,72,f/0.0,52,Daylight,16,29-05-2025 09:42
Black Round Fresh,black_round_fresh_IMG_20250412_115540_TIMEBURST5_2528_horizontal_flip_iter4.jpg,JPG,1454x1454,24,Xiaomi,2312DRAABI,72,f/0.0,51,Daylight,16,29-05-2025 09:42
Black Round Fresh,black_round_fresh_IMG_20250412_115540_TIMEBURST6_1742_rgb_shift_iter3.jpg,JPG,1616x1616,24,Xiaomi,2312DRAABI,72,f/0.0,53,Daylight,16,29-05-2025 09:42
Black Round Fresh,black_round_fresh_IMG_20250412_115540_TIMEBURST4_2056_gamma_iter5.jpg,JPG,1612x1612,24,Xiaomi,2312DRAABI,72,f/0.0,51,Daylight,16,29-05-2025 09:42
Black Round Fresh,black_round_fresh_IMG_20250412_115540_TIMEBURST5_2528_brightness_contrast_iter4.jpg,JPG,1454x1454,24,Xiaomi,2312DRAABI,72,f/0.0,51,Daylight,16,29-05-2025 09:42
Black Round Fresh,black_round_fresh_IMG_20250412_115540_TIMEBURST7_2121_rgb_shift_iter2.jpg,JPG,1315x1315,24,Xiaomi,2312DRAABI,72,f/0.0,52,Daylight,16,29-05-2025 09:42
Black Round Fresh,black_round_fresh_IMG_20250412_115540_TIMEBURST6_1742_rotate_iter4.jpg,JPG,1616x1616,24,Xiaomi,2312DRAABI,72,f/0.0,51,Daylight,16,29-05-2025 09:42
Black Round Fresh,black_round_fresh_IMG_20250412_115540_TIMEBURST5_2528_gamma_iter4.jpg,JPG,1454x1454,24,Xiaomi,2312DRAABI,72,f/0.0,51,Daylight,16,29-05-2025 09:42
Black Round Fresh,black_round_fresh_IMG_20250412_115540_TIMEBURST7_2121_rotate_iter3.jpg,JPG,1315x1315,24,Xiaomi,2312DRAABI,72,f/0.0,51,Daylight,16,29-05-2025 09:42
Black Round Fresh,black_round_fresh_IMG_20250412_115540_TIMEBURST6_1742_horizontal_flip_iter4.jpg,JPG,1616x1616,24,Xiaomi,2312DRAABI,72,f/0.0,51,Daylight,16,29-05-2025 09:42
Black Round Fresh,black_round_fresh_IMG_20250412_115540_TIMEBURST4_2056_rgb_shift_iter5.jpg,JPG,1612x1612,24,Xiaomi,2312DRAABI,72,f/0.0,50,Daylight,16,29-05-2025 09:42
Black Round Fresh,black_round_fresh_IMG_20250412_115540_TIMEBURST7_2121_horizontal_flip_iter3.jpg,JPG,1315x1315,24,Xiaomi,2312DRAABI,72,f/0.0,52,Daylight,16,29-05-2025 09:42
Black Round Fresh,black_round_fresh_IMG_20250412_115540_TIMEBURST6_1742_brightness_contrast_iter4.jpg,JPG,1616x1616,24,Xiaomi,2312DRAABI,72,f/0.0,54,Daylight,16,29-05-2025 09:42
Black Round Fresh,black_round_fresh_IMG_20250412_115540_TIMEBURST5_2528_rgb_shift_iter4.jpg,JPG,1454x1454,24,Xiaomi,2312DRAABI,72,f/0.0,52,Daylight,16,29-05-2025 09:42
Black Round Fresh,black_round_fresh_IMG_20250412_115540_TIMEBURST7_2121_brightness_contrast_iter3.jpg,JPG,1315x1315,24,Xiaomi,2312DRAABI,72,f/0.0,52,Daylight,16,29-05-2025 09:42
Black Round Fresh,black_round_fresh_IMG_20250412_115540_TIMEBURST7_2121_gamma_iter3.jpg,JPG,1315x1315,24,Xiaomi,2312DRAABI,72,f/0.0,52,Daylight,16,29-05-2025 09:42
Black Round Fresh,black_round_fresh_IMG_20250412_115540_TIMEBURST6_1742_gamma_iter4.jpg,JPG,1616x1616,24,Xiaomi,2312DRAABI,72,f/0.0,50,Daylight,16,29-05-2025 09:42
Black Round Fresh,black_round_fresh_IMG_20250412_115540_TIMEBURST5_2528_rotate_iter5.jpg,JPG,1454x1454,24,Xiaomi,2312DRAABI,72,f/0.0,51,Daylight,16,29-05-2025 09:42
Black Round Fresh,black_round_fresh_IMG_20250412_115540_TIMEBURST5_2528_horizontal_flip_iter5.jpg,JPG,1454x1454,24,Xiaomi,2312DRAABI,72,f/0.0,53,Daylight,16,29-05-2025 09:42
Black Round Fresh,black_round_fresh_IMG_20250412_115540_TIMEBURST7_2121_rgb_shift_iter3.jpg,JPG,1315x1315,24,Xiaomi,2312DRAABI,72,f/0.0,53,Daylight,16,29-05-2025 09:42
Black Round Fresh,black_round_fresh_IMG_20250412_115540_TIMEBURST6_1742_rgb_shift_iter4.jpg,JPG,1616x1616,24,Xiaomi,2312DRAABI,72,f/0.0,52,Daylight,16,29-05-2025 09:42
Black Round Fresh,black_round_fresh_IMG_20250412_115540_TIMEBURST5_2528_brightness_contrast_iter5.jpg,JPG,1454x1454,24,Xiaomi,2312DRAABI,72,f/0.0,52,Daylight,16,29-05-2025 09:42
Black Round Fresh,black_round_fresh_IMG_20250412_115540_TIMEBURST7_2121_rotate_iter4.jpg,JPG,1315x1315,24,Xiaomi,2312DRAABI,72,f/0.0,51,Daylight,16,29-05-2025 09:42
Black Round Fresh,black_round_fresh_IMG_20250412_115540_TIMEBURST5_2528_gamma_iter5.jpg,JPG,1454x1454,24,Xiaomi,2312DRAABI,72,f/0.0,54,Daylight,16,29-05-2025 09:42
Black Round Fresh,black_round_fresh_IMG_20250412_115540_TIMEBURST7_2121_horizontal_flip_iter4.jpg,JPG,1315x1315,24,Xiaomi,2312DRAABI,72,f/0.0,53,Daylight,16,29-05-2025 09:42
Black Round Fresh,black_round_fresh_IMG_20250412_115540_TIMEBURST6_1742_rotate_iter5.jpg,JPG,1616x1616,24,Xiaomi,2312DRAABI,72,f/0.0,50,Daylight,16,29-05-2025 09:42
Black Round Fresh,black_round_fresh_IMG_20250412_115540_TIMEBURST7_2121_brightness_contrast_iter4.jpg,JPG,1315x1315,24,Xiaomi,2312DRAABI,72,f/0.0,52,Daylight,16,29-05-2025 09:42
Black Round Fresh,black_round_fresh_IMG_20250412_115540_TIMEBURST6_1742_horizontal_flip_iter5.jpg,JPG,1616x1616,24,Xiaomi,2312DRAABI,72,f/0.0,51,Daylight,16,29-05-2025 09:42
Black Round Fresh,black_round_fresh_IMG_20250412_115540_TIMEBURST5_2528_rgb_shift_iter5.jpg,JPG,1454x1454,24,Xiaomi,2312DRAABI,72,f/0.0,50,Daylight,16,29-05-2025 09:42
Black Round Fresh,black_round_fresh_IMG_20250412_115540_TIMEBURST7_2121_gamma_iter4.jpg,JPG,1315x1315,24,Xiaomi,2312DRAABI,72,f/0.0,51,Daylight,16,29-05-2025 09:42
Black Round Fresh,black_round_fresh_IMG_20250412_115540_TIMEBURST6_1742_brightness_contrast_iter5.jpg,JPG,1616x1616,24,Xiaomi,2312DRAABI,72,f/0.0,53,Daylight,16,29-05-2025 09:42
Black Round Fresh,black_round_fresh_IMG_20250412_115540_TIMEBURST7_2121_rgb_shift_iter4.jpg,JPG,1315x1315,24,Xiaomi,2312DRAABI,72,f/0.0,53,Daylight,16,29-05-2025 09:42
Black Round Fresh,black_round_fresh_IMG_20250412_115540_TIMEBURST6_1742_gamma_iter5.jpg,JPG,1616x1616,24,Xiaomi,2312DRAABI,72,f/0.0,53,Daylight,16,29-05-2025 09:42
Black Round Fresh,black_round_fresh_IMG_20250412_115540_TIMEBURST7_2121_rotate_iter5.jpg,JPG,1315x1315,24,Xiaomi,2312DRAABI,72,f/0.0,53,Daylight,16,29-05-2025 09:42
Black Round Fresh,black_round_fresh_IMG_20250412_115540_TIMEBURST7_2121_horizontal_flip_iter5.jpg,JPG,1315x1315,24,Xiaomi,2312DRAABI,72,f/0.0,53,Daylight,16,29-05-2025 09:42
Black Round Fresh,black_round_fresh_IMG_20250412_115540_TIMEBURST6_1742_rgb_shift_iter5.jpg,JPG,1616x1616,24,Xiaomi,2312DRAABI,72,f/0.0,51,Daylight,16,29-05-2025 09:42
Black Round Fresh,black_round_fresh_IMG_20250412_115540_TIMEBURST7_2121_brightness_contrast_iter5.jpg,JPG,1315x1315,24,Xiaomi,2312DRAABI,72,f/0.0,53,Daylight,16,29-05-2025 09:42
Black Round Fresh,black_round_fresh_IMG_20250412_115540_TIMEBURST7_2121_gamma_iter5.jpg,JPG,1315x1315,24,Xiaomi,2312DRAABI,72,f/0.0,51,Daylight,16,29-05-2025 09:42
Black Round Fresh,black_round_fresh_IMG_20250412_115540_TIMEBURST7_2121_rgb_shift_iter5.jpg,JPG,1315x1315,24,Xiaomi,2312DRAABI,72,f/0.0,51,Daylight,16,29-05-2025 09:42
Black Round Fresh,black_round_fresh_IMG_20250412_115540_TIMEBURST8_2434_rotate_iter1.jpg,JPG,1458x1458,24,Xiaomi,2312DRAABI,72,f/0.0,53,Daylight,16,29-05-2025 09:42
Black Round Fresh,black_round_fresh_IMG_20250412_115540_TIMEBURST8_2434_horizontal_flip_iter1.jpg,JPG,1458x1458,24,Xiaomi,2312DRAABI,72,f/0.0,52,Daylight,16,29-05-2025 09:42
Black Round Fresh,black_round_fresh_IMG_20250412_115540_TIMEBURST8_2434_brightness_contrast_iter1.jpg,JPG,1458x1458,24,Xiaomi,2312DRAABI,72,f/0.0,53,Daylight,16,29-05-2025 09:42
Black Round Fresh,black_round_fresh_IMG_20250412_115540_TIMEBURST8_2434_gamma_iter1.jpg,JPG,1458x1458,24,Xiaomi,2312DRAABI,72,f/0.0,53,Daylight,16,29-05-2025 09:42
Black Round Fresh,black_round_fresh_IMG_20250412_115540_TIMEBURST8_2434_rgb_shift_iter1.jpg,JPG,1458x1458,24,Xiaomi,2312DRAABI,72,f/0.0,53,Daylight,16,29-05-2025 09:42
Black Round Fresh,black_round_fresh_IMG_20250412_115540_TIMEBURST8_2434_rotate_iter2.jpg,JPG,1458x1458,24,Xiaomi,2312DRAABI,72,f/0.0,51,Daylight,16,29-05-2025 09:42
Black Round Fresh,black_round_fresh_IMG_20250412_115540_TIMEBURST8_2434_horizontal_flip_iter2.jpg,JPG,1458x1458,24,Xiaomi,2312DRAABI,72,f/0.0,51,Daylight,16,29-05-2025 09:42
Black Round Fresh,black_round_fresh_IMG_20250412_115540_TIMEBURST8_2434_brightness_contrast_iter2.jpg,JPG,1458x1458,24,Xiaomi,2312DRAABI,72,f/0.0,50,Daylight,16,29-05-2025 09:42
Black Round Fresh,black_round_fresh_IMG_20250412_115540_TIMEBURST8_2434_gamma_iter2.jpg,JPG,1458x1458,24,Xiaomi,2312DRAABI,72,f/0.0,52,Daylight,16,29-05-2025 09:42
Black Round Fresh,black_round_fresh_IMG_20250412_115540_TIMEBURST11_1884_rotate_iter1.jpg,JPG,1103x1103,24,Xiaomi,2312DRAABI,72,f/0.0,52,Daylight,16,29-05-2025 09:42
Black Round Fresh,black_round_fresh_IMG_20250412_115540_TIMEBURST8_2434_rgb_shift_iter2.jpg,JPG,1458x1458,24,Xiaomi,2312DRAABI,72,f/0.0,52,Daylight,16,29-05-2025 09:42
Black Round Fresh,black_round_fresh_IMG_20250412_115540_TIMEBURST11_1884_horizontal_flip_iter1.jpg,JPG,1103x1103,24,Xiaomi,2312DRAABI,72,f/0.0,52,Daylight,16,29-05-2025 09:42
Black Round Fresh,black_round_fresh_IMG_20250412_115540_TIMEBURST8_2434_rotate_iter3.jpg,JPG,1458x1458,24,Xiaomi,2312DRAABI,72,f/0.0,51,Daylight,16,29-05-2025 09:42
Black Round Fresh,black_round_fresh_IMG_20250412_115540_TIMEBURST11_1884_brightness_contrast_iter1.jpg,JPG,1103x1103,24,Xiaomi,2312DRAABI,72,f/0.0,53,Daylight,16,29-05-2025 09:42
Black Round Fresh,black_round_fresh_IMG_20250412_115540_TIMEBURST11_1884_gamma_iter1.jpg,JPG,1103x1103,24,Xiaomi,2312DRAABI,72,f/0.0,53,Daylight,16,29-05-2025 09:42
Black Round Fresh,black_round_fresh_IMG_20250412_115540_TIMEBURST8_2434_horizontal_flip_iter3.jpg,JPG,1458x1458,24,Xiaomi,2312DRAABI,72,f/0.0,51,Daylight,16,29-05-2025 09:42
Black Round Fresh,black_round_fresh_IMG_20250412_115540_TIMEBURST11_1884_rgb_shift_iter1.jpg,JPG,1103x1103,24,Xiaomi,2312DRAABI,72,f/0.0,53,Daylight,16,29-05-2025 09:42
Black Round Fresh,black_round_fresh_IMG_20250412_115540_TIMEBURST8_2434_brightness_contrast_iter3.jpg,JPG,1458x1458,24,Xiaomi,2312DRAABI,72,f/0.0,54,Daylight,16,29-05-2025 09:42
Black Round Fresh,black_round_fresh_IMG_20250412_115540_TIMEBURST11_1884_rotate_iter2.jpg,JPG,1103x1103,24,Xiaomi,2312DRAABI,72,f/0.0,53,Daylight,16,29-05-2025 09:42
Black Round Fresh,black_round_fresh_IMG_20250412_115540_TIMEBURST11_1884_horizontal_flip_iter2.jpg,JPG,1103x1103,24,Xiaomi,2312DRAABI,72,f/0.0,51,Daylight,16,29-05-2025 09:42
Black Round Fresh,black_round_fresh_IMG_20250412_115540_TIMEBURST8_2434_gamma_iter3.jpg,JPG,1458x1458,24,Xiaomi,2312DRAABI,72,f/0.0,53,Daylight,16,29-05-2025 09:42
Black Round Fresh,black_round_fresh_IMG_20250412_115540_TIMEBURST11_1884_brightness_contrast_iter2.jpg,JPG,1103x1103,24,Xiaomi,2312DRAABI,72,f/0.0,52,Daylight,16,29-05-2025 09:42
Black Round Fresh,black_round_fresh_IMG_20250412_115540_TIMEBURST11_1884_gamma_iter2.jpg,JPG,1103x1103,24,Xiaomi,2312DRAABI,72,f/0.0,50,Daylight,16,29-05-2025 09:42
Black Round Fresh,black_round_fresh_IMG_20250412_115540_TIMEBURST8_2434_rgb_shift_iter3.jpg,JPG,1458x1458,24,Xiaomi,2312DRAABI,72,f/0.0,52,Daylight,16,29-05-2025 09:42
Black Round Fresh,black_round_fresh_IMG_20250412_115540_TIMEBURST11_1884_rgb_shift_iter2.jpg,JPG,1103x1103,24,Xiaomi,2312DRAABI,72,f/0.0,52,Daylight,16,29-05-2025 09:42
Black Round Fresh,black_round_fresh_IMG_20250412_115540_TIMEBURST10_1786_rotate_iter1.jpg,JPG,960x960,24,Xiaomi,2312DRAABI,72,f/0.0,51,Daylight,16,29-05-2025 09:42
Black Round Fresh,black_round_fresh_IMG_20250412_115540_TIMEBURST10_1786_horizontal_flip_iter1.jpg,JPG,960x960,24,Xiaomi,2312DRAABI,72,f/0.0,51,Daylight,16,29-05-2025 09:42
Black Round Fresh,black_round_fresh_IMG_20250412_115540_TIMEBURST8_2434_rotate_iter4.jpg,JPG,1458x1458,24,Xiaomi,2312DRAABI,72,f/0.0,51,Daylight,16,29-05-2025 09:42
Black Round Fresh,black_round_fresh_IMG_20250412_115540_TIMEBURST11_1884_rotate_iter3.jpg,JPG,1103x1103,24,Xiaomi,2312DRAABI,72,f/0.0,53,Daylight,16,29-05-2025 09:42
Black Round Fresh,black_round_fresh_IMG_20250412_115540_TIMEBURST10_1786_brightness_contrast_iter1.jpg,JPG,960x960,24,Xiaomi,2312DRAABI,72,f/0.0,51,Daylight,16,29-05-2025 09:42
Black Round Fresh,black_round_fresh_IMG_20250412_115540_TIMEBURST9_1700_rotate_iter1.jpg,JPG,1524x1524,24,Xiaomi,2312DRAABI,72,f/0.0,50,Daylight,16,29-05-2025 09:42
Black Round Fresh,black_round_fresh_IMG_20250412_115540_TIMEBURST10_1786_gamma_iter1.jpg,JPG,960x960,24,Xiaomi,2312DRAABI,72,f/0.0,51,Daylight,16,29-05-2025 09:42
Black Round Fresh,black_round_fresh_IMG_20250412_115540_TIMEBURST8_2434_horizontal_flip_iter4.jpg,JPG,1458x1458,24,Xiaomi,2312DRAABI,72,f/0.0,51,Daylight,16,29-05-2025 09:42
Black Round Fresh,black_round_fresh_IMG_20250412_115540_TIMEBURST11_1884_horizontal_flip_iter3.jpg,JPG,1103x1103,24,Xiaomi,2312DRAABI,72,f/0.0,52,Daylight,16,29-05-2025 09:42
Black Round Fresh,black_round_fresh_IMG_20250412_115540_TIMEBURST8_2434_brightness_contrast_iter4.jpg,JPG,1458x1458,24,Xiaomi,2312DRAABI,72,f/0.0,51,Daylight,16,29-05-2025 09:42
Black Round Fresh,black_round_fresh_IMG_20250412_115540_TIMEBURST11_1884_brightness_contrast_iter3.jpg,JPG,1103x1103,24,Xiaomi,2312DRAABI,72,f/0.0,52,Daylight,16,29-05-2025 09:42
Black Round Fresh,black_round_fresh_IMG_20250412_115540_TIMEBURST10_1786_rgb_shift_iter1.jpg,JPG,960x960,24,Xiaomi,2312DRAABI,72,f/0.0,50,Daylight,16,29-05-2025 09:42
Black Round Fresh,black_round_fresh_IMG_20250412_115540_TIMEBURST9_1700_horizontal_flip_iter1.jpg,JPG,1524x1524,24,Xiaomi,2312DRAABI,72,f/0.0,53,Daylight,16,29-05-2025 09:42
Black Round Fresh,black_round_fresh_IMG_20250412_115540_TIMEBURST11_1884_gamma_iter3.jpg,JPG,1103x1103,24,Xiaomi,2312DRAABI,72,f/0.0,52,Daylight,16,29-05-2025 09:42
Black Round Fresh,black_round_fresh_IMG_20250412_115540_TIMEBURST8_2434_gamma_iter4.jpg,JPG,1458x1458,24,Xiaomi,2312DRAABI,72,f/0.0,52,Daylight,16,29-05-2025 09:42
Black Round Fresh,black_round_fresh_IMG_20250412_115540_TIMEBURST10_1786_rotate_iter2.jpg,JPG,960x960,24,Xiaomi,2312DRAABI,72,f/0.0,54,Daylight,16,29-05-2025 09:42
Black Round Fresh,black_round_fresh_IMG_20250412_115540_TIMEBURST9_1700_brightness_contrast_iter1.jpg,JPG,1524x1524,24,Xiaomi,2312DRAABI,72,f/0.0,50,Daylight,16,29-05-2025 09:42
Black Round Fresh,black_round_fresh_IMG_20250412_115540_TIMEBURST10_1786_horizontal_flip_iter2.jpg,JPG,960x960,24,Xiaomi,2312DRAABI,72,f/0.0,54,Daylight,16,29-05-2025 09:42
Black Round Fresh,black_round_fresh_IMG_20250412_115540_TIMEBURST11_1884_rgb_shift_iter3.jpg,JPG,1103x1103,24,Xiaomi,2312DRAABI,72,f/0.0,54,Daylight,16,29-05-2025 09:42
Black Round Fresh,black_round_fresh_IMG_20250412_115540_TIMEBURST10_1786_brightness_contrast_iter2.jpg,JPG,960x960,24,Xiaomi,2312DRAABI,72,f/0.0,54,Daylight,16,29-05-2025 09:42
Black Round Fresh,black_round_fresh_IMG_20250412_115540_TIMEBURST9_1700_gamma_iter1.jpg,JPG,1524x1524,24,Xiaomi,2312DRAABI,72,f/0.0,52,Daylight,16,29-05-2025 09:42
Black Round Fresh,black_round_fresh_IMG_20250412_115540_TIMEBURST8_2434_rgb_shift_iter4.jpg,JPG,1458x1458,24,Xiaomi,2312DRAABI,72,f/0.0,53,Daylight,16,29-05-2025 09:42
Black Round Fresh,black_round_fresh_IMG_20250412_115540_TIMEBURST11_1884_rotate_iter4.jpg,JPG,1103x1103,24,Xiaomi,2312DRAABI,72,f/0.0,53,Daylight,16,29-05-2025 09:42
Black Round Fresh,black_round_fresh_IMG_20250412_115540_TIMEBURST10_1786_gamma_iter2.jpg,JPG,960x960,24,Xiaomi,2312DRAABI,72,f/0.0,51,Daylight,16,29-05-2025 09:42
Black Round Fresh,black_round_fresh_IMG_20250412_115540_TIMEBURST11_1884_horizontal_flip_iter4.jpg,JPG,1103x1103,24,Xiaomi,2312DRAABI,72,f/0.0,52,Daylight,16,29-05-2025 09:42
Black Round Fresh,black_round_fresh_IMG_20250412_115540_TIMEBURST10_1786_rgb_shift_iter2.jpg,JPG,960x960,24,Xiaomi,2312DRAABI,72,f/0.0,50,Daylight,16,29-05-2025 09:42
Black Round Fresh,black_round_fresh_IMG_20250412_115540_TIMEBURST8_2434_rotate_iter5.jpg,JPG,1458x1458,24,Xiaomi,2312DRAABI,72,f/0.0,50,Daylight,16,29-05-2025 09:42
Black Round Fresh,black_round_fresh_IMG_20250412_115540_TIMEBURST11_1884_brightness_contrast_iter4.jpg,JPG,1103x1103,24,Xiaomi,2312DRAABI,72,f/0.0,53,Daylight,16,29-05-2025 09:42
Black Round Fresh,black_round_fresh_IMG_20250412_115540_TIMEBURST9_1700_rgb_shift_iter1.jpg,JPG,1524x1524,24,Xiaomi,2312DRAABI,72,f/0.0,52,Daylight,16,29-05-2025 09:42
Black Round Fresh,black_round_fresh_IMG_20250412_115540_TIMEBURST10_1786_rotate_iter3.jpg,JPG,960x960,24,Xiaomi,2312DRAABI,72,f/0.0,54,Daylight,16,29-05-2025 09:42
Black Round Fresh,black_round_fresh_IMG_20250412_115540_TIMEBURST11_1884_gamma_iter4.jpg,JPG,1103x1103,24,Xiaomi,2312DRAABI,72,f/0.0,51,Daylight,16,29-05-2025 09:42
Black Round Fresh,black_round_fresh_IMG_20250412_115540_TIMEBURST8_2434_horizontal_flip_iter5.jpg,JPG,1458x1458,24,Xiaomi,2312DRAABI,72,f/0.0,53,Daylight,16,29-05-2025 09:42
Black Round Fresh,black_round_fresh_IMG_20250412_115540_TIMEBURST10_1786_horizontal_flip_iter3.jpg,JPG,960x960,24,Xiaomi,2312DRAABI,72,f/0.0,52,Daylight,16,29-05-2025 09:42
Black Round Fresh,black_round_fresh_IMG_20250412_115540_TIMEBURST9_1700_rotate_iter2.jpg,JPG,1524x1524,24,Xiaomi,2312DRAABI,72,f/0.0,54,Daylight,16,29-05-2025 09:42
Black Round Fresh,black_round_fresh_IMG_20250412_115540_TIMEBURST11_1884_rgb_shift_iter4.jpg,JPG,1103x1103,24,Xiaomi,2312DRAABI,72,f/0.0,51,Daylight,16,29-05-2025 09:42
Black Round Fresh,black_round_fresh_IMG_20250412_115540_TIMEBURST10_1786_brightness_contrast_iter3.jpg,JPG,960x960,24,Xiaomi,2312DRAABI,72,f/0.0,51,Daylight,16,29-05-2025 09:42
Black Round Fresh,black_round_fresh_IMG_20250412_115540_TIMEBURST8_2434_brightness_contrast_iter5.jpg,JPG,1458x1458,24,Xiaomi,2312DRAABI,72,f/0.0,52,Daylight,16,29-05-2025 09:42
Black Round Fresh,black_round_fresh_IMG_20250412_115540_TIMEBURST11_1884_rotate_iter5.jpg,JPG,1103x1103,24,Xiaomi,2312DRAABI,72,f/0.0,52,Daylight,16,29-05-2025 09:42
Black Round Fresh,black_round_fresh_IMG_20250412_115540_TIMEBURST10_1786_gamma_iter3.jpg,JPG,960x960,24,Xiaomi,2312DRAABI,72,f/0.0,52,Daylight,16,29-05-2025 09:42
Black Round Fresh,black_round_fresh_IMG_20250412_115540_TIMEBURST9_1700_horizontal_flip_iter2.jpg,JPG,1524x1524,24,Xiaomi,2312DRAABI,72,f/0.0,52,Daylight,16,29-05-2025 09:42
Black Round Fresh,black_round_fresh_IMG_20250412_115540_TIMEBURST8_2434_gamma_iter5.jpg,JPG,1458x1458,24,Xiaomi,2312DRAABI,72,f/0.0,50,Daylight,16,29-05-2025 09:42
Black Round Fresh,black_round_fresh_IMG_20250412_115540_TIMEBURST11_1884_horizontal_flip_iter5.jpg,JPG,1103x1103,24,Xiaomi,2312DRAABI,72,f/0.0,52,Daylight,16,29-05-2025 09:42
Black Round Fresh,black_round_fresh_IMG_20250412_115540_TIMEBURST10_1786_rgb_shift_iter3.jpg,JPG,960x960,24,Xiaomi,2312DRAABI,72,f/0.0,53,Daylight,16,29-05-2025 09:42
Black Round Fresh,black_round_fresh_IMG_20250412_115540_TIMEBURST9_1700_brightness_contrast_iter2.jpg,JPG,1524x1524,24,Xiaomi,2312DRAABI,72,f/0.0,51,Daylight,16,29-05-2025 09:42
Black Round Fresh,black_round_fresh_IMG_20250412_115540_TIMEBURST11_1884_brightness_contrast_iter5.jpg,JPG,1103x1103,24,Xiaomi,2312DRAABI,72,f/0.0,51,Daylight,16,29-05-2025 09:42
Black Round Fresh,black_round_fresh_IMG_20250412_115540_TIMEBURST10_1786_rotate_iter4.jpg,JPG,960x960,24,Xiaomi,2312DRAABI,72,f/0.0,51,Daylight,16,29-05-2025 09:42
Black Round Fresh,black_round_fresh_IMG_20250412_115540_TIMEBURST9_1700_gamma_iter2.jpg,JPG,1524x1524,24,Xiaomi,2312DRAABI,72,f/0.0,51,Daylight,16,29-05-2025 09:42
Black Round Fresh,black_round_fresh_IMG_20250412_115540_TIMEBURST11_1884_gamma_iter5.jpg,JPG,1103x1103,24,Xiaomi,2312DRAABI,72,f/0.0,51,Daylight,16,29-05-2025 09:42
Black Round Fresh,black_round_fresh_IMG_20250412_115540_TIMEBURST8_2434_rgb_shift_iter5.jpg,JPG,1458x1458,24,Xiaomi,2312DRAABI,72,f/0.0,50,Daylight,16,29-05-2025 09:42
Black Round Fresh,black_round_fresh_IMG_20250412_115540_TIMEBURST10_1786_horizontal_flip_iter4.jpg,JPG,960x960,24,Xiaomi,2312DRAABI,72,f/0.0,53,Daylight,16,29-05-2025 09:42
Black Round Fresh,black_round_fresh_IMG_20250412_115540_TIMEBURST10_1786_brightness_contrast_iter4.jpg,JPG,960x960,24,Xiaomi,2312DRAABI,72,f/0.0,52,Daylight,16,29-05-2025 09:42
Black Round Fresh,black_round_fresh_IMG_20250412_115540_TIMEBURST11_1884_rgb_shift_iter5.jpg,JPG,1103x1103,24,Xiaomi,2312DRAABI,72,f/0.0,53,Daylight,16,29-05-2025 09:42
Black Round Fresh,black_round_fresh_IMG_20250412_115540_TIMEBURST10_1786_gamma_iter4.jpg,JPG,960x960,24,Xiaomi,2312DRAABI,72,f/0.0,52,Daylight,16,29-05-2025 09:42
Black Round Fresh,black_round_fresh_IMG_20250412_115540_TIMEBURST9_1700_rgb_shift_iter2.jpg,JPG,1524x1524,24,Xiaomi,2312DRAABI,72,f/0.0,51,Daylight,16,29-05-2025 09:42
Black Round Fresh,black_round_fresh_IMG_20250412_115540_TIMEBURST10_1786_rgb_shift_iter4.jpg,JPG,960x960,24,Xiaomi,2312DRAABI,72,f/0.0,53,Daylight,16,29-05-2025 09:42
Black Round Fresh,black_round_fresh_IMG_20250412_115540_TIMEBURST10_1786_rotate_iter5.jpg,JPG,960x960,24,Xiaomi,2312DRAABI,72,f/0.0,51,Daylight,16,29-05-2025 09:42
Black Round Fresh,black_round_fresh_IMG_20250412_115540_TIMEBURST9_1700_rotate_iter3.jpg,JPG,1524x1524,24,Xiaomi,2312DRAABI,72,f/0.0,51,Daylight,16,29-05-2025 09:42
Black Round Fresh,black_round_fresh_IMG_20250412_115540_TIMEBURST10_1786_horizontal_flip_iter5.jpg,JPG,960x960,24,Xiaomi,2312DRAABI,72,f/0.0,52,Daylight,16,29-05-2025 09:42
Black Round Fresh,black_round_fresh_IMG_20250412_115540_TIMEBURST9_1700_horizontal_flip_iter3.jpg,JPG,1524x1524,24,Xiaomi,2312DRAABI,72,f/0.0,51,Daylight,16,29-05-2025 09:42
Black Round Fresh,black_round_fresh_IMG_20250412_115540_TIMEBURST10_1786_brightness_contrast_iter5.jpg,JPG,960x960,24,Xiaomi,2312DRAABI,72,f/0.0,51,Daylight,16,29-05-2025 09:42
Black Round Fresh,black_round_fresh_IMG_20250412_115540_TIMEBURST10_1786_gamma_iter5.jpg,JPG,960x960,24,Xiaomi,2312DRAABI,72,f/0.0,51,Daylight,16,29-05-2025 09:42
Black Round Fresh,black_round_fresh_IMG_20250412_115540_TIMEBURST9_1700_brightness_contrast_iter3.jpg,JPG,1524x1524,24,Xiaomi,2312DRAABI,72,f/0.0,51,Daylight,16,29-05-2025 09:42
Black Round Fresh,black_round_fresh_IMG_20250412_115540_TIMEBURST10_1786_rgb_shift_iter5.jpg,JPG,960x960,24,Xiaomi,2312DRAABI,72,f/0.0,50,Daylight,16,29-05-2025 09:42
Black Round Fresh,black_round_fresh_IMG_20250412_115540_TIMEBURST9_1700_gamma_iter3.jpg,JPG,1524x1524,24,Xiaomi,2312DRAABI,72,f/0.0,52,Daylight,16,29-05-2025 09:42
Black Round Fresh,black_round_fresh_IMG_20250412_115540_TIMEBURST9_1700_rgb_shift_iter3.jpg,JPG,1524x1524,24,Xiaomi,2312DRAABI,72,f/0.0,54,Daylight,16,29-05-2025 09:42
Black Round Fresh,black_round_fresh_IMG_20250412_115540_TIMEBURST12_2142_rotate_iter1.jpg,JPG,1377x1377,24,Xiaomi,2312DRAABI,72,f/0.0,52,Daylight,16,29-05-2025 09:42
Black Round Fresh,black_round_fresh_IMG_20250412_115540_TIMEBURST12_2142_horizontal_flip_iter1.jpg,JPG,1377x1377,24,Xiaomi,2312DRAABI,72,f/0.0,52,Daylight,16,29-05-2025 09:42
Black Round Fresh,black_round_fresh_IMG_20250412_115540_TIMEBURST14_1946_rotate_iter1.jpg,JPG,1385x1385,24,Xiaomi,2312DRAABI,72,f/0.0,52,Daylight,16,29-05-2025 09:42
Black Round Fresh,black_round_fresh_IMG_20250412_115540_TIMEBURST13_1948_rotate_iter1.jpg,JPG,1374x1374,24,Xiaomi,2312DRAABI,72,f/0.0,50,Daylight,16,29-05-2025 09:42
Black Round Fresh,black_round_fresh_IMG_20250412_115540_TIMEBURST9_1700_rotate_iter4.jpg,JPG,1524x1524,24,Xiaomi,2312DRAABI,72,f/0.0,51,Daylight,16,29-05-2025 09:42
Black Round Fresh,black_round_fresh_IMG_20250412_115540_TIMEBURST12_2142_brightness_contrast_iter1.jpg,JPG,1377x1377,24,Xiaomi,2312DRAABI,72,f/0.0,53,Daylight,16,29-05-2025 09:42
Black Round Fresh,black_round_fresh_IMG_20250412_115540_TIMEBURST14_1946_horizontal_flip_iter1.jpg,JPG,1385x1385,24,Xiaomi,2312DRAABI,72,f/0.0,53,Daylight,16,29-05-2025 09:42
Black Round Fresh,black_round_fresh_IMG_20250412_115540_TIMEBURST13_1948_horizontal_flip_iter1.jpg,JPG,1374x1374,24,Xiaomi,2312DRAABI,72,f/0.0,52,Daylight,16,29-05-2025 09:42
Black Round Fresh,black_round_fresh_IMG_20250412_115540_TIMEBURST12_2142_gamma_iter1.jpg,JPG,1377x1377,24,Xiaomi,2312DRAABI,72,f/0.0,52,Daylight,16,29-05-2025 09:42
Black Round Fresh,black_round_fresh_IMG_20250412_115540_TIMEBURST9_1700_horizontal_flip_iter4.jpg,JPG,1524x1524,24,Xiaomi,2312DRAABI,72,f/0.0,51,Daylight,16,29-05-2025 09:42
Black Round Fresh,black_round_fresh_IMG_20250412_115540_TIMEBURST14_1946_brightness_contrast_iter1.jpg,JPG,1385x1385,24,Xiaomi,2312DRAABI,72,f/0.0,54,Daylight,16,29-05-2025 09:42
Black Round Fresh,black_round_fresh_IMG_20250412_115540_TIMEBURST13_1948_brightness_contrast_iter1.jpg,JPG,1374x1374,24,Xiaomi,2312DRAABI,72,f/0.0,53,Daylight,16,29-05-2025 09:42
Black Round Fresh,black_round_fresh_IMG_20250412_115540_TIMEBURST14_1946_gamma_iter1.jpg,JPG,1385x1385,24,Xiaomi,2312DRAABI,72,f/0.0,50,Daylight,16,29-05-2025 09:42
Black Round Fresh,black_round_fresh_IMG_20250412_115540_TIMEBURST9_1700_brightness_contrast_iter4.jpg,JPG,1524x1524,24,Xiaomi,2312DRAABI,72,f/0.0,52,Daylight,16,29-05-2025 09:42
Black Round Fresh,black_round_fresh_IMG_20250412_115540_TIMEBURST13_1948_gamma_iter1.jpg,JPG,1374x1374,24,Xiaomi,2312DRAABI,72,f/0.0,51,Daylight,16,29-05-2025 09:42
Black Round Fresh,black_round_fresh_IMG_20250412_115540_TIMEBURST12_2142_rgb_shift_iter1.jpg,JPG,1377x1377,24,Xiaomi,2312DRAABI,72,f/0.0,50,Daylight,16,29-05-2025 09:42
Black Round Fresh,black_round_fresh_IMG_20250412_115540_TIMEBURST9_1700_gamma_iter4.jpg,JPG,1524x1524,24,Xiaomi,2312DRAABI,72,f/0.0,51,Daylight,16,29-05-2025 09:42
Black Round Fresh,black_round_fresh_IMG_20250412_115540_TIMEBURST13_1948_rgb_shift_iter1.jpg,JPG,1374x1374,24,Xiaomi,2312DRAABI,72,f/0.0,53,Daylight,16,29-05-2025 09:42
Black Round Fresh,black_round_fresh_IMG_20250412_115540_TIMEBURST14_1946_rgb_shift_iter1.jpg,JPG,1385x1385,24,Xiaomi,2312DRAABI,72,f/0.0,53,Daylight,16,29-05-2025 09:42
Black Round Fresh,black_round_fresh_IMG_20250412_115540_TIMEBURST12_2142_rotate_iter2.jpg,JPG,1377x1377,24,Xiaomi,2312DRAABI,72,f/0.0,53,Daylight,16,29-05-2025 09:42
Black Round Fresh,black_round_fresh_IMG_20250412_115540_TIMEBURST12_2142_horizontal_flip_iter2.jpg,JPG,1377x1377,24,Xiaomi,2312DRAABI,72,f/0.0,53,Daylight,16,29-05-2025 09:42
Black Round Fresh,black_round_fresh_IMG_20250412_115540_TIMEBURST13_1948_rotate_iter2.jpg,JPG,1374x1374,24,Xiaomi,2312DRAABI,72,f/0.0,53,Daylight,16,29-05-2025 09:42
Black Round Fresh,black_round_fresh_IMG_20250412_115540_TIMEBURST9_1700_rgb_shift_iter4.jpg,JPG,1524x1524,24,Xiaomi,2312DRAABI,72,f/0.0,51,Daylight,16,29-05-2025 09:42
Black Round Fresh,black_round_fresh_IMG_20250412_115540_TIMEBURST14_1946_rotate_iter2.jpg,JPG,1385x1385,24,Xiaomi,2312DRAABI,72,f/0.0,53,Daylight,16,29-05-2025 09:42
Black Round Fresh,black_round_fresh_IMG_20250412_115540_TIMEBURST12_2142_brightness_contrast_iter2.jpg,JPG,1377x1377,24,Xiaomi,2312DRAABI,72,f/0.0,51,Daylight,16,29-05-2025 09:42
Black Round Fresh,black_round_fresh_IMG_20250412_115540_TIMEBURST13_1948_horizontal_flip_iter2.jpg,JPG,1374x1374,24,Xiaomi,2312DRAABI,72,f/0.0,51,Daylight,16,29-05-2025 09:42
Black Round Fresh,black_round_fresh_IMG_20250412_115540_TIMEBURST9_1700_rotate_iter5.jpg,JPG,1524x1524,24,Xiaomi,2312DRAABI,72,f/0.0,53,Daylight,16,29-05-2025 09:42
Black Round Fresh,black_round_fresh_IMG_20250412_115540_TIMEBURST14_1946_horizontal_flip_iter2.jpg,JPG,1385x1385,24,Xiaomi,2312DRAABI,72,f/0.0,52,Daylight,16,29-05-2025 09:42
Black Round Fresh,black_round_fresh_IMG_20250412_115540_TIMEBURST12_2142_gamma_iter2.jpg,JPG,1377x1377,24,Xiaomi,2312DRAABI,72,f/0.0,53,Daylight,16,29-05-2025 09:42
Black Round Fresh,black_round_fresh_IMG_20250412_115540_TIMEBURST13_1948_brightness_contrast_iter2.jpg,JPG,1374x1374,24,Xiaomi,2312DRAABI,72,f/0.0,53,Daylight,16,29-05-2025 09:42
Black Round Fresh,black_round_fresh_IMG_20250412_115540_TIMEBURST9_1700_horizontal_flip_iter5.jpg,JPG,1524x1524,24,Xiaomi,2312DRAABI,72,f/0.0,53,Daylight,16,29-05-2025 09:42
Black Round Fresh,black_round_fresh_IMG_20250412_115540_TIMEBURST14_1946_brightness_contrast_iter2.jpg,JPG,1385x1385,24,Xiaomi,2312DRAABI,72,f/0.0,51,Daylight,16,29-05-2025 09:42
Black Round Fresh,black_round_fresh_IMG_20250412_115540_TIMEBURST13_1948_gamma_iter2.jpg,JPG,1374x1374,24,Xiaomi,2312DRAABI,72,f/0.0,51,Daylight,16,29-05-2025 09:42
Black Round Fresh,black_round_fresh_IMG_20250412_115540_TIMEBURST12_2142_rgb_shift_iter2.jpg,JPG,1377x1377,24,Xiaomi,2312DRAABI,72,f/0.0,50,Daylight,16,29-05-2025 09:42
Black Round Fresh,black_round_fresh_IMG_20250412_115540_TIMEBURST14_1946_gamma_iter2.jpg,JPG,1385x1385,24,Xiaomi,2312DRAABI,72,f/0.0,52,Daylight,16,29-05-2025 09:42
Black Round Fresh,black_round_fresh_IMG_20250412_115540_TIMEBURST9_1700_brightness_contrast_iter5.jpg,JPG,1524x1524,24,Xiaomi,2312DRAABI,72,f/0.0,52,Daylight,16,29-05-2025 09:42
Black Round Fresh,black_round_fresh_IMG_20250412_115540_TIMEBURST13_1948_rgb_shift_iter2.jpg,JPG,1374x1374,24,Xiaomi,2312DRAABI,72,f/0.0,52,Daylight,16,29-05-2025 09:42
Black Round Fresh,black_round_fresh_IMG_20250412_115540_TIMEBURST12_2142_rotate_iter3.jpg,JPG,1377x1377,24,Xiaomi,2312DRAABI,72,f/0.0,52,Daylight,16,29-05-2025 09:42
Black Round Fresh,black_round_fresh_IMG_20250412_115540_TIMEBURST9_1700_gamma_iter5.jpg,JPG,1524x1524,24,Xiaomi,2312DRAABI,72,f/0.0,51,Daylight,16,29-05-2025 09:42
Black Round Fresh,black_round_fresh_IMG_20250412_115540_TIMEBURST14_1946_rgb_shift_iter2.jpg,JPG,1385x1385,24,Xiaomi,2312DRAABI,72,f/0.0,53,Daylight,16,29-05-2025 09:42
Black Round Fresh,black_round_fresh_IMG_20250412_115540_TIMEBURST13_1948_rotate_iter3.jpg,JPG,1374x1374,24,Xiaomi,2312DRAABI,72,f/0.0,53,Daylight,16,29-05-2025 09:42
Black Round Fresh,black_round_fresh_IMG_20250412_115540_TIMEBURST12_2142_horizontal_flip_iter3.jpg,JPG,1377x1377,24,Xiaomi,2312DRAABI,72,f/0.0,51,Daylight,16,29-05-2025 09:42
Black Round Fresh,black_round_fresh_IMG_20250412_115540_TIMEBURST14_1946_rotate_iter3.jpg,JPG,1385x1385,24,Xiaomi,2312DRAABI,72,f/0.0,53,Daylight,16,29-05-2025 09:42
Black Round Fresh,black_round_fresh_IMG_20250412_115540_TIMEBURST9_1700_rgb_shift_iter5.jpg,JPG,1524x1524,24,Xiaomi,2312DRAABI,72,f/0.0,54,Daylight,16,29-05-2025 09:42
Black Round Fresh,black_round_fresh_IMG_20250412_115540_TIMEBURST13_1948_horizontal_flip_iter3.jpg,JPG,1374x1374,24,Xiaomi,2312DRAABI,72,f/0.0,53,Daylight,16,29-05-2025 09:42
Black Round Fresh,black_round_fresh_IMG_20250412_115540_TIMEBURST12_2142_brightness_contrast_iter3.jpg,JPG,1377x1377,24,Xiaomi,2312DRAABI,72,f/0.0,51,Daylight,16,29-05-2025 09:42
Black Round Fresh,black_round_fresh_IMG_20250412_115540_TIMEBURST14_1946_horizontal_flip_iter3.jpg,JPG,1385x1385,24,Xiaomi,2312DRAABI,72,f/0.0,53,Daylight,16,29-05-2025 09:42
Black Round Fresh,black_round_fresh_IMG_20250412_115540_TIMEBURST13_1948_brightness_contrast_iter3.jpg,JPG,1374x1374,24,Xiaomi,2312DRAABI,72,f/0.0,52,Daylight,16,29-05-2025 09:42
Black Round Fresh,black_round_fresh_IMG_20250412_115540_TIMEBURST12_2142_gamma_iter3.jpg,JPG,1377x1377,24,Xiaomi,2312DRAABI,72,f/0.0,50,Daylight,16,29-05-2025 09:42
Black Round Fresh,black_round_fresh_IMG_20250412_115540_TIMEBURST14_1946_brightness_contrast_iter3.jpg,JPG,1385x1385,24,Xiaomi,2312DRAABI,72,f/0.0,52,Daylight,16,29-05-2025 09:42
Black Round Fresh,black_round_fresh_IMG_20250412_115540_TIMEBURST13_1948_gamma_iter3.jpg,JPG,1374x1374,24,Xiaomi,2312DRAABI,72,f/0.0,52,Daylight,16,29-05-2025 09:42
Black Round Fresh,black_round_fresh_IMG_20250412_115540_TIMEBURST14_1946_gamma_iter3.jpg,JPG,1385x1385,24,Xiaomi,2312DRAABI,72,f/0.0,51,Daylight,16,29-05-2025 09:42
Black Round Fresh,black_round_fresh_IMG_20250412_115540_TIMEBURST12_2142_rgb_shift_iter3.jpg,JPG,1377x1377,24,Xiaomi,2312DRAABI,72,f/0.0,51,Daylight,16,29-05-2025 09:42
Black Round Fresh,black_round_fresh_IMG_20250412_115540_TIMEBURST13_1948_rgb_shift_iter3.jpg,JPG,1374x1374,24,Xiaomi,2312DRAABI,72,f/0.0,51,Daylight,16,29-05-2025 09:42
Black Round Fresh,black_round_fresh_IMG_20250412_115540_TIMEBURST14_1946_rgb_shift_iter3.jpg,JPG,1385x1385,24,Xiaomi,2312DRAABI,72,f/0.0,53,Daylight,16,29-05-2025 09:42
Black Round Fresh,black_round_fresh_IMG_20250412_115540_TIMEBURST12_2142_rotate_iter4.jpg,JPG,1377x1377,24,Xiaomi,2312DRAABI,72,f/0.0,51,Daylight,16,29-05-2025 09:42
Black Round Fresh,black_round_fresh_IMG_20250412_115540_TIMEBURST13_1948_rotate_iter4.jpg,JPG,1374x1374,24,Xiaomi,2312DRAABI,72,f/0.0,50,Daylight,16,29-05-2025 09:42
Black Round Fresh,black_round_fresh_IMG_20250412_115540_TIMEBURST12_2142_horizontal_flip_iter4.jpg,JPG,1377x1377,24,Xiaomi,2312DRAABI,72,f/0.0,51,Daylight,16,29-05-2025 09:42
Black Round Fresh,black_round_fresh_IMG_20250412_115540_TIMEBURST13_1948_horizontal_flip_iter4.jpg,JPG,1374x1374,24,Xiaomi,2312DRAABI,72,f/0.0,51,Daylight,16,29-05-2025 09:42
Black Round Fresh,black_round_fresh_IMG_20250412_115540_TIMEBURST12_2142_brightness_contrast_iter4.jpg,JPG,1377x1377,24,Xiaomi,2312DRAABI,72,f/0.0,52,Daylight,16,29-05-2025 09:42
Black Round Fresh,black_round_fresh_IMG_20250412_115540_TIMEBURST14_1946_rotate_iter4.jpg,JPG,1385x1385,24,Xiaomi,2312DRAABI,72,f/0.0,51,Daylight,16,29-05-2025 09:42
Black Round Fresh,black_round_fresh_IMG_20250412_115540_TIMEBURST13_1948_brightness_contrast_iter4.jpg,JPG,1374x1374,24,Xiaomi,2312DRAABI,72,f/0.0,52,Daylight,16,29-05-2025 09:42
Black Round Fresh,black_round_fresh_IMG_20250412_115540_TIMEBURST14_1946_horizontal_flip_iter4.jpg,JPG,1385x1385,24,Xiaomi,2312DRAABI,72,f/0.0,50,Daylight,16,29-05-2025 09:42
Black Round Fresh,black_round_fresh_IMG_20250412_115540_TIMEBURST12_2142_gamma_iter4.jpg,JPG,1377x1377,24,Xiaomi,2312DRAABI,72,f/0.0,53,Daylight,16,29-05-2025 09:42
Black Round Fresh,black_round_fresh_IMG_20250412_115540_TIMEBURST13_1948_gamma_iter4.jpg,JPG,1374x1374,24,Xiaomi,2312DRAABI,72,f/0.0,52,Daylight,16,29-05-2025 09:42
Black Round Fresh,black_round_fresh_IMG_20250412_115540_TIMEBURST14_1946_brightness_contrast_iter4.jpg,JPG,1385x1385,24,Xiaomi,2312DRAABI,72,f/0.0,52,Daylight,16,29-05-2025 09:42
Black Round Fresh,black_round_fresh_IMG_20250412_115540_TIMEBURST12_2142_rgb_shift_iter4.jpg,JPG,1377x1377,24,Xiaomi,2312DRAABI,72,f/0.0,54,Daylight,16,29-05-2025 09:42
Black Round Fresh,black_round_fresh_IMG_20250412_115540_TIMEBURST14_1946_gamma_iter4.jpg,JPG,1385x1385,24,Xiaomi,2312DRAABI,72,f/0.0,50,Daylight,16,29-05-2025 09:42
Black Round Fresh,black_round_fresh_IMG_20250412_115540_TIMEBURST13_1948_rgb_shift_iter4.jpg,JPG,1374x1374,24,Xiaomi,2312DRAABI,72,f/0.0,54,Daylight,16,29-05-2025 09:42
Black Round Fresh,black_round_fresh_IMG_20250412_115540_TIMEBURST12_2142_rotate_iter5.jpg,JPG,1377x1377,24,Xiaomi,2312DRAABI,72,f/0.0,54,Daylight,16,29-05-2025 09:42
Black Round Fresh,black_round_fresh_IMG_20250412_115540_TIMEBURST13_1948_rotate_iter5.jpg,JPG,1374x1374,24,Xiaomi,2312DRAABI,72,f/0.0,54,Daylight,16,29-05-2025 09:42
Black Round Fresh,black_round_fresh_IMG_20250412_115540_TIMEBURST14_1946_rgb_shift_iter4.jpg,JPG,1385x1385,24,Xiaomi,2312DRAABI,72,f/0.0,52,Daylight,16,29-05-2025 09:42
Black Round Fresh,black_round_fresh_IMG_20250412_115540_TIMEBURST12_2142_horizontal_flip_iter5.jpg,JPG,1377x1377,24,Xiaomi,2312DRAABI,72,f/0.0,53,Daylight,16,29-05-2025 09:42
Black Round Fresh,black_round_fresh_IMG_20250412_115540_TIMEBURST13_1948_horizontal_flip_iter5.jpg,JPG,1374x1374,24,Xiaomi,2312DRAABI,72,f/0.0,53,Daylight,16,29-05-2025 09:42
Black Round Fresh,black_round_fresh_IMG_20250412_115540_TIMEBURST14_1946_rotate_iter5.jpg,JPG,1385x1385,24,Xiaomi,2312DRAABI,72,f/0.0,51,Daylight,16,29-05-2025 09:42
Black Round Fresh,black_round_fresh_IMG_20250412_115540_TIMEBURST12_2142_brightness_contrast_iter5.jpg,JPG,1377x1377,24,Xiaomi,2312DRAABI,72,f/0.0,52,Daylight,16,29-05-2025 09:42
Black Round Fresh,black_round_fresh_IMG_20250412_115540_TIMEBURST13_1948_brightness_contrast_iter5.jpg,JPG,1374x1374,24,Xiaomi,2312DRAABI,72,f/0.0,50,Daylight,16,29-05-2025 09:42
Black Round Fresh,black_round_fresh_IMG_20250412_115540_TIMEBURST14_1946_horizontal_flip_iter5.jpg,JPG,1385x1385,24,Xiaomi,2312DRAABI,72,f/0.0,50,Daylight,16,29-05-2025 09:42
Black Round Fresh,black_round_fresh_IMG_20250412_115540_TIMEBURST12_2142_gamma_iter5.jpg,JPG,1377x1377,24,Xiaomi,2312DRAABI,72,f/0.0,53,Daylight,16,29-05-2025 09:42
Black Round Fresh,black_round_fresh_IMG_20250412_115540_TIMEBURST13_1948_gamma_iter5.jpg,JPG,1374x1374,24,Xiaomi,2312DRAABI,72,f/0.0,52,Daylight,16,29-05-2025 09:42
Black Round Fresh,black_round_fresh_IMG_20250412_115540_TIMEBURST14_1946_brightness_contrast_iter5.jpg,JPG,1385x1385,24,Xiaomi,2312DRAABI,72,f/0.0,54,Daylight,16,29-05-2025 09:42
Black Round Fresh,black_round_fresh_IMG_20250412_115540_TIMEBURST12_2142_rgb_shift_iter5.jpg,JPG,1377x1377,24,Xiaomi,2312DRAABI,72,f/0.0,51,Daylight,16,29-05-2025 09:42
Black Round Fresh,black_round_fresh_IMG_20250412_115540_TIMEBURST14_1946_gamma_iter5.jpg,JPG,1385x1385,24,Xiaomi,2312DRAABI,72,f/0.0,53,Daylight,16,29-05-2025 09:42
Black Round Fresh,black_round_fresh_IMG_20250412_115540_TIMEBURST13_1948_rgb_shift_iter5.jpg,JPG,1374x1374,24,Xiaomi,2312DRAABI,72,f/0.0,52,Daylight,16,29-05-2025 09:42
Black Round Fresh,black_round_fresh_IMG_20250412_115540_TIMEBURST14_1946_rgb_shift_iter5.jpg,JPG,1385x1385,24,Xiaomi,2312DRAABI,72,f/0.0,54,Daylight,16,29-05-2025 09:42
Black Round Fresh,black_round_fresh_IMG_20250412_115540_TIMEBURST15_2535_rotate_iter1.jpg,JPG,1292x1292,24,Xiaomi,2312DRAABI,72,f/0.0,51,Daylight,16,29-05-2025 09:42
Black Round Fresh,black_round_fresh_IMG_20250412_115540_TIMEBURST15_2535_horizontal_flip_iter1.jpg,JPG,1292x1292,24,Xiaomi,2312DRAABI,72,f/0.0,51,Daylight,16,29-05-2025 09:42
Black Round Fresh,black_round_fresh_IMG_20250412_115540_TIMEBURST15_2535_brightness_contrast_iter1.jpg,JPG,1292x1292,24,Xiaomi,2312DRAABI,72,f/0.0,52,Daylight,16,29-05-2025 09:42
Black Round Fresh,black_round_fresh_IMG_20250412_115540_TIMEBURST15_2535_gamma_iter1.jpg,JPG,1292x1292,24,Xiaomi,2312DRAABI,72,f/0.0,52,Daylight,16,29-05-2025 09:42
Black Round Fresh,black_round_fresh_IMG_20250412_115540_TIMEBURST15_2535_rgb_shift_iter1.jpg,JPG,1292x1292,24,Xiaomi,2312DRAABI,72,f/0.0,52,Daylight,16,29-05-2025 09:42
Black Round Fresh,black_round_fresh_IMG_20250412_115540_TIMEBURST15_2535_rotate_iter2.jpg,JPG,1292x1292,24,Xiaomi,2312DRAABI,72,f/0.0,52,Daylight,16,29-05-2025 09:42
Black Round Fresh,black_round_fresh_IMG_20250412_115540_TIMEBURST15_2535_horizontal_flip_iter2.jpg,JPG,1292x1292,24,Xiaomi,2312DRAABI,72,f/0.0,50,Daylight,16,29-05-2025 09:42
Black Round Fresh,black_round_fresh_IMG_20250412_115540_TIMEBURST15_2535_brightness_contrast_iter2.jpg,JPG,1292x1292,24,Xiaomi,2312DRAABI,72,f/0.0,52,Daylight,16,29-05-2025 09:42
Black Round Fresh,black_round_fresh_IMG_20250412_115540_TIMEBURST15_2535_gamma_iter2.jpg,JPG,1292x1292,24,Xiaomi,2312DRAABI,72,f/0.0,53,Daylight,16,29-05-2025 09:42
Black Round Fresh,black_round_fresh_IMG_20250412_115540_TIMEBURST15_2535_rgb_shift_iter2.jpg,JPG,1292x1292,24,Xiaomi,2312DRAABI,72,f/0.0,51,Daylight,16,29-05-2025 09:42
Black Round Fresh,black_round_fresh_IMG_20250412_115540_TIMEBURST15_2535_rotate_iter3.jpg,JPG,1292x1292,24,Xiaomi,2312DRAABI,72,f/0.0,51,Daylight,16,29-05-2025 09:42
Black Round Fresh,black_round_fresh_IMG_20250412_115540_TIMEBURST15_2535_horizontal_flip_iter3.jpg,JPG,1292x1292,24,Xiaomi,2312DRAABI,72,f/0.0,51,Daylight,16,29-05-2025 09:42
Black Round Fresh,black_round_fresh_IMG_20250412_115540_TIMEBURST15_2535_brightness_contrast_iter3.jpg,JPG,1292x1292,24,Xiaomi,2312DRAABI,72,f/0.0,51,Daylight,16,29-05-2025 09:42
Black Round Fresh,black_round_fresh_IMG_20250412_115540_TIMEBURST17_2362_rotate_iter1.jpg,JPG,1309x1309,24,Xiaomi,2312DRAABI,72,f/0.0,51,Daylight,16,29-05-2025 09:42
Black Round Fresh,black_round_fresh_IMG_20250412_115540_TIMEBURST15_2535_gamma_iter3.jpg,JPG,1292x1292,24,Xiaomi,2312DRAABI,72,f/0.0,50,Daylight,16,29-05-2025 09:42
Black Round Fresh,black_round_fresh_IMG_20250412_115540_TIMEBURST17_2362_horizontal_flip_iter1.jpg,JPG,1309x1309,24,Xiaomi,2312DRAABI,72,f/0.0,53,Daylight,16,29-05-2025 09:42
Black Round Fresh,black_round_fresh_IMG_20250412_115540_TIMEBURST15_2535_rgb_shift_iter3.jpg,JPG,1292x1292,24,Xiaomi,2312DRAABI,72,f/0.0,52,Daylight,16,29-05-2025 09:42
Black Round Fresh,black_round_fresh_IMG_20250412_115540_TIMEBURST17_2362_brightness_contrast_iter1.jpg,JPG,1309x1309,24,Xiaomi,2312DRAABI,72,f/0.0,53,Daylight,16,29-05-2025 09:42
Black Round Fresh,black_round_fresh_IMG_20250412_115540_TIMEBURST17_2362_gamma_iter1.jpg,JPG,1309x1309,24,Xiaomi,2312DRAABI,72,f/0.0,52,Daylight,16,29-05-2025 09:42
Black Round Fresh,black_round_fresh_IMG_20250412_115540_TIMEBURST15_2535_rotate_iter4.jpg,JPG,1292x1292,24,Xiaomi,2312DRAABI,72,f/0.0,51,Daylight,16,29-05-2025 09:42
Black Round Fresh,black_round_fresh_IMG_20250412_115540_TIMEBURST15_2535_horizontal_flip_iter4.jpg,JPG,1292x1292,24,Xiaomi,2312DRAABI,72,f/0.0,53,Daylight,16,29-05-2025 09:42
Black Round Fresh,black_round_fresh_IMG_20250412_115540_TIMEBURST17_2362_rgb_shift_iter1.jpg,JPG,1309x1309,24,Xiaomi,2312DRAABI,72,f/0.0,51,Daylight,16,29-05-2025 09:42
Black Round Fresh,black_round_fresh_IMG_20250412_115540_TIMEBURST18_2209_rotate_iter1.jpg,JPG,1447x1447,24,Xiaomi,2312DRAABI,72,f/0.0,51,Daylight,16,29-05-2025 09:42
Black Round Fresh,black_round_fresh_IMG_20250412_115540_TIMEBURST15_2535_brightness_contrast_iter4.jpg,JPG,1292x1292,24,Xiaomi,2312DRAABI,72,f/0.0,52,Daylight,16,29-05-2025 09:42
Black Round Fresh,black_round_fresh_IMG_20250412_115540_TIMEBURST17_2362_rotate_iter2.jpg,JPG,1309x1309,24,Xiaomi,2312DRAABI,72,f/0.0,51,Daylight,16,29-05-2025 09:42
Black Round Fresh,black_round_fresh_IMG_20250412_115540_TIMEBURST18_2209_horizontal_flip_iter1.jpg,JPG,1447x1447,24,Xiaomi,2312DRAABI,72,f/0.0,51,Daylight,16,29-05-2025 09:42
Black Round Fresh,black_round_fresh_IMG_20250412_115540_TIMEBURST15_2535_gamma_iter4.jpg,JPG,1292x1292,24,Xiaomi,2312DRAABI,72,f/0.0,51,Daylight,16,29-05-2025 09:42
Black Round Fresh,black_round_fresh_IMG_20250412_115540_TIMEBURST17_2362_horizontal_flip_iter2.jpg,JPG,1309x1309,24,Xiaomi,2312DRAABI,72,f/0.0,51,Daylight,16,29-05-2025 09:42
Black Round Fresh,black_round_fresh_IMG_20250412_115540_TIMEBURST18_2209_brightness_contrast_iter1.jpg,JPG,1447x1447,24,Xiaomi,2312DRAABI,72,f/0.0,50,Daylight,16,29-05-2025 09:42
Black Round Fresh,black_round_fresh_IMG_20250412_115540_TIMEBURST17_2362_brightness_contrast_iter2.jpg,JPG,1309x1309,24,Xiaomi,2312DRAABI,72,f/0.0,52,Daylight,16,29-05-2025 09:42
Black Round Fresh,black_round_fresh_IMG_20250412_115540_TIMEBURST15_2535_rgb_shift_iter4.jpg,JPG,1292x1292,24,Xiaomi,2312DRAABI,72,f/0.0,54,Daylight,16,29-05-2025 09:42
Black Round Fresh,black_round_fresh_IMG_20250412_115540_TIMEBURST18_2209_gamma_iter1.jpg,JPG,1447x1447,24,Xiaomi,2312DRAABI,72,f/0.0,52,Daylight,16,29-05-2025 09:42
Black Round Fresh,black_round_fresh_IMG_20250412_115540_TIMEBURST17_2362_gamma_iter2.jpg,JPG,1309x1309,24,Xiaomi,2312DRAABI,72,f/0.0,52,Daylight,16,29-05-2025 09:42
Black Round Fresh,black_round_fresh_IMG_20250412_115540_TIMEBURST15_2535_rotate_iter5.jpg,JPG,1292x1292,24,Xiaomi,2312DRAABI,72,f/0.0,52,Daylight,16,29-05-2025 09:42
Black Round Fresh,black_round_fresh_IMG_20250412_115540_TIMEBURST15_2535_horizontal_flip_iter5.jpg,JPG,1292x1292,24,Xiaomi,2312DRAABI,72,f/0.0,50,Daylight,16,29-05-2025 09:42
Black Round Fresh,black_round_fresh_IMG_20250412_115540_TIMEBURST17_2362_rgb_shift_iter2.jpg,JPG,1309x1309,24,Xiaomi,2312DRAABI,72,f/0.0,51,Daylight,16,29-05-2025 09:42
Black Round Fresh,black_round_fresh_IMG_20250412_115540_TIMEBURST18_2209_rgb_shift_iter1.jpg,JPG,1447x1447,24,Xiaomi,2312DRAABI,72,f/0.0,53,Daylight,16,29-05-2025 09:42
Black Round Fresh,black_round_fresh_IMG_20250412_115540_TIMEBURST15_2535_brightness_contrast_iter5.jpg,JPG,1292x1292,24,Xiaomi,2312DRAABI,72,f/0.0,53,Daylight,16,29-05-2025 09:42
Black Round Fresh,black_round_fresh_IMG_20250412_115540_TIMEBURST17_2362_rotate_iter3.jpg,JPG,1309x1309,24,Xiaomi,2312DRAABI,72,f/0.0,52,Daylight,16,29-05-2025 09:42
Black Round Fresh,black_round_fresh_IMG_20250412_115540_TIMEBURST16_2509_rotate_iter1.jpg,JPG,1249x1249,24,Xiaomi,2312DRAABI,72,f/0.0,52,Daylight,16,29-05-2025 09:42
Black Round Fresh,black_round_fresh_IMG_20250412_115540_TIMEBURST18_2209_rotate_iter2.jpg,JPG,1447x1447,24,Xiaomi,2312DRAABI,72,f/0.0,51,Daylight,16,29-05-2025 09:42
Black Round Fresh,black_round_fresh_IMG_20250412_115540_TIMEBURST15_2535_gamma_iter5.jpg,JPG,1292x1292,24,Xiaomi,2312DRAABI,72,f/0.0,54,Daylight,16,29-05-2025 09:42
Black Round Fresh,black_round_fresh_IMG_20250412_115540_TIMEBURST17_2362_horizontal_flip_iter3.jpg,JPG,1309x1309,24,Xiaomi,2312DRAABI,72,f/0.0,53,Daylight,16,29-05-2025 09:42
Black Round Fresh,black_round_fresh_IMG_20250412_115540_TIMEBURST16_2509_horizontal_flip_iter1.jpg,JPG,1249x1249,24,Xiaomi,2312DRAABI,72,f/0.0,50,Daylight,16,29-05-2025 09:42
Black Round Fresh,black_round_fresh_IMG_20250412_115540_TIMEBURST16_2509_brightness_contrast_iter1.jpg,JPG,1249x1249,24,Xiaomi,2312DRAABI,72,f/0.0,52,Daylight,16,29-05-2025 09:42
Black Round Fresh,black_round_fresh_IMG_20250412_115540_TIMEBURST18_2209_horizontal_flip_iter2.jpg,JPG,1447x1447,24,Xiaomi,2312DRAABI,72,f/0.0,51,Daylight,16,29-05-2025 09:42
Black Round Fresh,black_round_fresh_IMG_20250412_115540_TIMEBURST15_2535_rgb_shift_iter5.jpg,JPG,1292x1292,24,Xiaomi,2312DRAABI,72,f/0.0,50,Daylight,16,29-05-2025 09:42
Black Round Fresh,black_round_fresh_IMG_20250412_115540_TIMEBURST18_2209_brightness_contrast_iter2.jpg,JPG,1447x1447,24,Xiaomi,2312DRAABI,72,f/0.0,51,Daylight,16,29-05-2025 09:42
Black Round Fresh,black_round_fresh_IMG_20250412_115540_TIMEBURST17_2362_brightness_contrast_iter3.jpg,JPG,1309x1309,24,Xiaomi,2312DRAABI,72,f/0.0,53,Daylight,16,29-05-2025 09:42
Black Round Fresh,black_round_fresh_IMG_20250412_115540_TIMEBURST17_2362_gamma_iter3.jpg,JPG,1309x1309,24,Xiaomi,2312DRAABI,72,f/0.0,53,Daylight,16,29-05-2025 09:42
Black Round Fresh,black_round_fresh_IMG_20250412_115540_TIMEBURST16_2509_gamma_iter1.jpg,JPG,1249x1249,24,Xiaomi,2312DRAABI,72,f/0.0,53,Daylight,16,29-05-2025 09:42
Black Round Fresh,black_round_fresh_IMG_20250412_115540_TIMEBURST18_2209_gamma_iter2.jpg,JPG,1447x1447,24,Xiaomi,2312DRAABI,72,f/0.0,53,Daylight,16,29-05-2025 09:42
Black Round Fresh,black_round_fresh_IMG_20250412_115540_TIMEBURST16_2509_rgb_shift_iter1.jpg,JPG,1249x1249,24,Xiaomi,2312DRAABI,72,f/0.0,53,Daylight,16,29-05-2025 09:42
Black Round Fresh,black_round_fresh_IMG_20250412_115540_TIMEBURST17_2362_rgb_shift_iter3.jpg,JPG,1309x1309,24,Xiaomi,2312DRAABI,72,f/0.0,51,Daylight,16,29-05-2025 09:42
Black Round Fresh,black_round_fresh_IMG_20250412_115540_TIMEBURST18_2209_rgb_shift_iter2.jpg,JPG,1447x1447,24,Xiaomi,2312DRAABI,72,f/0.0,53,Daylight,16,29-05-2025 09:42
Black Round Fresh,black_round_fresh_IMG_20250412_115540_TIMEBURST16_2509_rotate_iter2.jpg,JPG,1249x1249,24,Xiaomi,2312DRAABI,72,f/0.0,51,Daylight,16,29-05-2025 09:42
Black Round Fresh,black_round_fresh_IMG_20250412_115540_TIMEBURST16_2509_horizontal_flip_iter2.jpg,JPG,1249x1249,24,Xiaomi,2312DRAABI,72,f/0.0,51,Daylight,16,29-05-2025 09:42
Black Round Fresh,black_round_fresh_IMG_20250412_115540_TIMEBURST17_2362_rotate_iter4.jpg,JPG,1309x1309,24,Xiaomi,2312DRAABI,72,f/0.0,53,Daylight,16,29-05-2025 09:42
Black Round Fresh,black_round_fresh_IMG_20250412_115540_TIMEBURST16_2509_brightness_contrast_iter2.jpg,JPG,1249x1249,24,Xiaomi,2312DRAABI,72,f/0.0,52,Daylight,16,29-05-2025 09:42
Black Round Fresh,black_round_fresh_IMG_20250412_115540_TIMEBURST18_2209_rotate_iter3.jpg,JPG,1447x1447,24,Xiaomi,2312DRAABI,72,f/0.0,53,Daylight,16,29-05-2025 09:42
Black Round Fresh,black_round_fresh_IMG_20250412_115540_TIMEBURST17_2362_horizontal_flip_iter4.jpg,JPG,1309x1309,24,Xiaomi,2312DRAABI,72,f/0.0,53,Daylight,16,29-05-2025 09:42
Black Round Fresh,black_round_fresh_IMG_20250412_115540_TIMEBURST16_2509_gamma_iter2.jpg,JPG,1249x1249,24,Xiaomi,2312DRAABI,72,f/0.0,53,Daylight,16,29-05-2025 09:42
Black Round Fresh,black_round_fresh_IMG_20250412_115540_TIMEBURST17_2362_brightness_contrast_iter4.jpg,JPG,1309x1309,24,Xiaomi,2312DRAABI,72,f/0.0,51,Daylight,16,29-05-2025 09:42
Black Round Fresh,black_round_fresh_IMG_20250412_115540_TIMEBURST18_2209_horizontal_flip_iter3.jpg,JPG,1447x1447,24,Xiaomi,2312DRAABI,72,f/0.0,51,Daylight,16,29-05-2025 09:42
Black Round Fresh,black_round_fresh_IMG_20250412_115540_TIMEBURST17_2362_gamma_iter4.jpg,JPG,1309x1309,24,Xiaomi,2312DRAABI,72,f/0.0,50,Daylight,16,29-05-2025 09:42
Black Round Fresh,black_round_fresh_IMG_20250412_115540_TIMEBURST18_2209_brightness_contrast_iter3.jpg,JPG,1447x1447,24,Xiaomi,2312DRAABI,72,f/0.0,52,Daylight,16,29-05-2025 09:42
Black Round Fresh,black_round_fresh_IMG_20250412_115540_TIMEBURST16_2509_rgb_shift_iter2.jpg,JPG,1249x1249,24,Xiaomi,2312DRAABI,72,f/0.0,52,Daylight,16,29-05-2025 09:42
Black Round Fresh,black_round_fresh_IMG_20250412_115540_TIMEBURST16_2509_rotate_iter3.jpg,JPG,1249x1249,24,Xiaomi,2312DRAABI,72,f/0.0,52,Daylight,16,29-05-2025 09:42
Black Round Fresh,black_round_fresh_IMG_20250412_115540_TIMEBURST18_2209_gamma_iter3.jpg,JPG,1447x1447,24,Xiaomi,2312DRAABI,72,f/0.0,52,Daylight,16,29-05-2025 09:42
Black Round Fresh,black_round_fresh_IMG_20250412_115540_TIMEBURST17_2362_rgb_shift_iter4.jpg,JPG,1309x1309,24,Xiaomi,2312DRAABI,72,f/0.0,51,Daylight,16,29-05-2025 09:42
Black Round Fresh,black_round_fresh_IMG_20250412_115540_TIMEBURST16_2509_horizontal_flip_iter3.jpg,JPG,1249x1249,24,Xiaomi,2312DRAABI,72,f/0.0,53,Daylight,16,29-05-2025 09:42
Black Round Fresh,black_round_fresh_IMG_20250412_115540_TIMEBURST17_2362_rotate_iter5.jpg,JPG,1309x1309,24,Xiaomi,2312DRAABI,72,f/0.0,53,Daylight,16,29-05-2025 09:42
Black Round Fresh,black_round_fresh_IMG_20250412_115540_TIMEBURST18_2209_rgb_shift_iter3.jpg,JPG,1447x1447,24,Xiaomi,2312DRAABI,72,f/0.0,51,Daylight,16,29-05-2025 09:42
Black Round Fresh,black_round_fresh_IMG_20250412_115540_TIMEBURST16_2509_brightness_contrast_iter3.jpg,JPG,1249x1249,24,Xiaomi,2312DRAABI,72,f/0.0,53,Daylight,16,29-05-2025 09:42
Black Round Fresh,black_round_fresh_IMG_20250412_115540_TIMEBURST17_2362_horizontal_flip_iter5.jpg,JPG,1309x1309,24,Xiaomi,2312DRAABI,72,f/0.0,54,Daylight,16,29-05-2025 09:42
Black Round Fresh,black_round_fresh_IMG_20250412_115540_TIMEBURST16_2509_gamma_iter3.jpg,JPG,1249x1249,24,Xiaomi,2312DRAABI,72,f/0.0,53,Daylight,16,29-05-2025 09:42
Black Round Fresh,black_round_fresh_IMG_20250412_115540_TIMEBURST17_2362_brightness_contrast_iter5.jpg,JPG,1309x1309,24,Xiaomi,2312DRAABI,72,f/0.0,51,Daylight,16,29-05-2025 09:42
Black Round Fresh,black_round_fresh_IMG_20250412_115540_TIMEBURST18_2209_rotate_iter4.jpg,JPG,1447x1447,24,Xiaomi,2312DRAABI,72,f/0.0,53,Daylight,16,29-05-2025 09:42
Black Round Fresh,black_round_fresh_IMG_20250412_115540_TIMEBURST16_2509_rgb_shift_iter3.jpg,JPG,1249x1249,24,Xiaomi,2312DRAABI,72,f/0.0,52,Daylight,16,29-05-2025 09:42
Black Round Fresh,black_round_fresh_IMG_20250412_115540_TIMEBURST18_2209_horizontal_flip_iter4.jpg,JPG,1447x1447,24,Xiaomi,2312DRAABI,72,f/0.0,50,Daylight,16,29-05-2025 09:42
Black Round Fresh,black_round_fresh_IMG_20250412_115540_TIMEBURST17_2362_gamma_iter5.jpg,JPG,1309x1309,24,Xiaomi,2312DRAABI,72,f/0.0,52,Daylight,16,29-05-2025 09:42
Black Round Fresh,black_round_fresh_IMG_20250412_115540_TIMEBURST16_2509_rotate_iter4.jpg,JPG,1249x1249,24,Xiaomi,2312DRAABI,72,f/0.0,52,Daylight,16,29-05-2025 09:42
Black Round Fresh,black_round_fresh_IMG_20250412_115540_TIMEBURST18_2209_brightness_contrast_iter4.jpg,JPG,1447x1447,24,Xiaomi,2312DRAABI,72,f/0.0,51,Daylight,16,29-05-2025 09:42
Black Round Fresh,black_round_fresh_IMG_20250412_115540_TIMEBURST16_2509_horizontal_flip_iter4.jpg,JPG,1249x1249,24,Xiaomi,2312DRAABI,72,f/0.0,51,Daylight,16,29-05-2025 09:42
Black Round Fresh,black_round_fresh_IMG_20250412_115540_TIMEBURST17_2362_rgb_shift_iter5.jpg,JPG,1309x1309,24,Xiaomi,2312DRAABI,72,f/0.0,51,Daylight,16,29-05-2025 09:42
Black Round Fresh,black_round_fresh_IMG_20250412_115540_TIMEBURST18_2209_gamma_iter4.jpg,JPG,1447x1447,24,Xiaomi,2312DRAABI,72,f/0.0,53,Daylight,16,29-05-2025 09:42
Black Round Fresh,black_round_fresh_IMG_20250412_115540_TIMEBURST19_2596_rotate_iter1.jpg,JPG,1450x1450,24,Xiaomi,2312DRAABI,72,f/0.0,51,Daylight,16,29-05-2025 09:42
Black Round Fresh,black_round_fresh_IMG_20250412_115540_TIMEBURST16_2509_brightness_contrast_iter4.jpg,JPG,1249x1249,24,Xiaomi,2312DRAABI,72,f/0.0,50,Daylight,16,29-05-2025 09:42
Black Round Fresh,black_round_fresh_IMG_20250412_115540_TIMEBURST18_2209_rgb_shift_iter4.jpg,JPG,1447x1447,24,Xiaomi,2312DRAABI,72,f/0.0,51,Daylight,16,29-05-2025 09:42
Black Round Fresh,black_round_fresh_IMG_20250412_115540_TIMEBURST16_2509_gamma_iter4.jpg,JPG,1249x1249,24,Xiaomi,2312DRAABI,72,f/0.0,51,Daylight,16,29-05-2025 09:42
Black Round Fresh,black_round_fresh_IMG_20250412_115540_TIMEBURST18_2209_rotate_iter5.jpg,JPG,1447x1447,24,Xiaomi,2312DRAABI,72,f/0.0,52,Daylight,16,29-05-2025 09:42
Black Round Fresh,black_round_fresh_IMG_20250412_115540_TIMEBURST16_2509_rgb_shift_iter4.jpg,JPG,1249x1249,24,Xiaomi,2312DRAABI,72,f/0.0,51,Daylight,16,29-05-2025 09:42
Black Round Fresh,black_round_fresh_IMG_20250412_115540_TIMEBURST19_2596_horizontal_flip_iter1.jpg,JPG,1450x1450,24,Xiaomi,2312DRAABI,72,f/0.0,52,Daylight,16,29-05-2025 09:42
Black Round Fresh,black_round_fresh_IMG_20250412_115540_TIMEBURST18_2209_horizontal_flip_iter5.jpg,JPG,1447x1447,24,Xiaomi,2312DRAABI,72,f/0.0,50,Daylight,16,29-05-2025 09:42
Black Round Fresh,black_round_fresh_IMG_20250412_115540_TIMEBURST19_2596_brightness_contrast_iter1.jpg,JPG,1450x1450,24,Xiaomi,2312DRAABI,72,f/0.0,53,Daylight,16,29-05-2025 09:42
Black Round Fresh,black_round_fresh_IMG_20250412_115540_TIMEBURST16_2509_rotate_iter5.jpg,JPG,1249x1249,24,Xiaomi,2312DRAABI,72,f/0.0,52,Daylight,16,29-05-2025 09:42
Black Round Fresh,black_round_fresh_IMG_20250412_115540_TIMEBURST18_2209_brightness_contrast_iter5.jpg,JPG,1447x1447,24,Xiaomi,2312DRAABI,72,f/0.0,52,Daylight,16,29-05-2025 09:42
Black Round Fresh,black_round_fresh_IMG_20250412_115540_TIMEBURST16_2509_horizontal_flip_iter5.jpg,JPG,1249x1249,24,Xiaomi,2312DRAABI,72,f/0.0,54,Daylight,16,29-05-2025 09:42
Black Round Fresh,black_round_fresh_IMG_20250412_115540_TIMEBURST19_2596_gamma_iter1.jpg,JPG,1450x1450,24,Xiaomi,2312DRAABI,72,f/0.0,50,Daylight,16,29-05-2025 09:42
Black Round Fresh,black_round_fresh_IMG_20250412_115540_TIMEBURST18_2209_gamma_iter5.jpg,JPG,1447x1447,24,Xiaomi,2312DRAABI,72,f/0.0,54,Daylight,16,29-05-2025 09:42
Black Round Fresh,black_round_fresh_IMG_20250412_115540_TIMEBURST16_2509_brightness_contrast_iter5.jpg,JPG,1249x1249,24,Xiaomi,2312DRAABI,72,f/0.0,54,Daylight,16,29-05-2025 09:42
Black Round Fresh,black_round_fresh_IMG_20250412_115540_TIMEBURST19_2596_rgb_shift_iter1.jpg,JPG,1450x1450,24,Xiaomi,2312DRAABI,72,f/0.0,54,Daylight,16,29-05-2025 09:42
Black Round Fresh,black_round_fresh_IMG_20250412_115540_TIMEBURST16_2509_gamma_iter5.jpg,JPG,1249x1249,24,Xiaomi,2312DRAABI,72,f/0.0,52,Daylight,16,29-05-2025 09:42
Black Round Fresh,black_round_fresh_IMG_20250412_115540_TIMEBURST18_2209_rgb_shift_iter5.jpg,JPG,1447x1447,24,Xiaomi,2312DRAABI,72,f/0.0,53,Daylight,16,29-05-2025 09:42
Black Round Fresh,black_round_fresh_IMG_20250412_115540_TIMEBURST19_2596_rotate_iter2.jpg,JPG,1450x1450,24,Xiaomi,2312DRAABI,72,f/0.0,53,Daylight,16,29-05-2025 09:42
Black Round Fresh,black_round_fresh_IMG_20250412_115540_TIMEBURST16_2509_rgb_shift_iter5.jpg,JPG,1249x1249,24,Xiaomi,2312DRAABI,72,f/0.0,51,Daylight,16,29-05-2025 09:42
Black Round Fresh,black_round_fresh_IMG_20250412_115540_TIMEBURST19_2596_horizontal_flip_iter2.jpg,JPG,1450x1450,24,Xiaomi,2312DRAABI,72,f/0.0,52,Daylight,16,29-05-2025 09:42
Black Round Fresh,black_round_fresh_IMG_20250412_115540_TIMEBURST19_2596_brightness_contrast_iter2.jpg,JPG,1450x1450,24,Xiaomi,2312DRAABI,72,f/0.0,50,Daylight,16,29-05-2025 09:42
Black Round Fresh,black_round_fresh_IMG_20250412_115540_TIMEBURST19_2596_gamma_iter2.jpg,JPG,1450x1450,24,Xiaomi,2312DRAABI,72,f/0.0,50,Daylight,16,29-05-2025 09:42
Black Round Fresh,black_round_fresh_IMG_20250412_115540_TIMEBURST20_2338_rotate_iter1.jpg,JPG,1311x1311,24,Xiaomi,2312DRAABI,72,f/0.0,53,Daylight,16,29-05-2025 09:42
Black Round Fresh,black_round_fresh_IMG_20250412_115540_TIMEBURST19_2596_rgb_shift_iter2.jpg,JPG,1450x1450,24,Xiaomi,2312DRAABI,72,f/0.0,52,Daylight,16,29-05-2025 09:42
Black Round Fresh,black_round_fresh_IMG_20250412_115540_TIMEBURST20_2338_horizontal_flip_iter1.jpg,JPG,1311x1311,24,Xiaomi,2312DRAABI,72,f/0.0,54,Daylight,16,29-05-2025 09:42
Black Round Fresh,black_round_fresh_IMG_20250412_115540_TIMEBURST20_2338_brightness_contrast_iter1.jpg,JPG,1311x1311,24,Xiaomi,2312DRAABI,72,f/0.0,51,Daylight,16,29-05-2025 09:42
Black Round Fresh,black_round_fresh_IMG_20250412_115540_TIMEBURST19_2596_rotate_iter3.jpg,JPG,1450x1450,24,Xiaomi,2312DRAABI,72,f/0.0,53,Daylight,16,29-05-2025 09:42
Black Round Fresh,black_round_fresh_IMG_20250412_115540_TIMEBURST20_2338_gamma_iter1.jpg,JPG,1311x1311,24,Xiaomi,2312DRAABI,72,f/0.0,52,Daylight,16,29-05-2025 09:42
Black Round Fresh,black_round_fresh_IMG_20250412_115540_TIMEBURST19_2596_horizontal_flip_iter3.jpg,JPG,1450x1450,24,Xiaomi,2312DRAABI,72,f/0.0,54,Daylight,16,29-05-2025 09:42
Black Round Fresh,black_round_fresh_IMG_20250412_115540_TIMEBURST19_2596_brightness_contrast_iter3.jpg,JPG,1450x1450,24,Xiaomi,2312DRAABI,72,f/0.0,51,Daylight,16,29-05-2025 09:42
Black Round Fresh,black_round_fresh_IMG_20250412_115540_TIMEBURST20_2338_rgb_shift_iter1.jpg,JPG,1311x1311,24,Xiaomi,2312DRAABI,72,f/0.0,51,Daylight,16,29-05-2025 09:42
Black Round Fresh,black_round_fresh_IMG_20250412_115540_TIMEBURST20_2338_rotate_iter2.jpg,JPG,1311x1311,24,Xiaomi,2312DRAABI,72,f/0.0,52,Daylight,16,29-05-2025 09:42
Black Round Fresh,black_round_fresh_IMG_20250412_115540_TIMEBURST19_2596_gamma_iter3.jpg,JPG,1450x1450,24,Xiaomi,2312DRAABI,72,f/0.0,52,Daylight,16,29-05-2025 09:42
Black Round Fresh,black_round_fresh_IMG_20250412_115540_TIMEBURST20_2338_horizontal_flip_iter2.jpg,JPG,1311x1311,24,Xiaomi,2312DRAABI,72,f/0.0,52,Daylight,16,29-05-2025 09:42
Black Round Fresh,black_round_fresh_IMG_20250412_115540_TIMEBURST20_2338_brightness_contrast_iter2.jpg,JPG,1311x1311,24,Xiaomi,2312DRAABI,72,f/0.0,52,Daylight,16,29-05-2025 09:42
Black Round Fresh,black_round_fresh_IMG_20250412_115540_TIMEBURST19_2596_rgb_shift_iter3.jpg,JPG,1450x1450,24,Xiaomi,2312DRAABI,72,f/0.0,50,Daylight,16,29-05-2025 09:42
Black Round Fresh,black_round_fresh_IMG_20250412_115540_TIMEBURST20_2338_gamma_iter2.jpg,JPG,1311x1311,24,Xiaomi,2312DRAABI,72,f/0.0,52,Daylight,16,29-05-2025 09:42
Black Round Fresh,black_round_fresh_IMG_20250412_115540_TIMEBURST19_2596_rotate_iter4.jpg,JPG,1450x1450,24,Xiaomi,2312DRAABI,72,f/0.0,53,Daylight,16,29-05-2025 09:42
Black Round Fresh,black_round_fresh_IMG_20250412_115540_TIMEBURST20_2338_rgb_shift_iter2.jpg,JPG,1311x1311,24,Xiaomi,2312DRAABI,72,f/0.0,51,Daylight,16,29-05-2025 09:42
Black Round Fresh,black_round_fresh_IMG_20250412_115540_TIMEBURST19_2596_horizontal_flip_iter4.jpg,JPG,1450x1450,24,Xiaomi,2312DRAABI,72,f/0.0,51,Daylight,16,29-05-2025 09:42
Black Round Fresh,black_round_fresh_IMG_20250412_115540_TIMEBURST20_2338_rotate_iter3.jpg,JPG,1311x1311,24,Xiaomi,2312DRAABI,72,f/0.0,51,Daylight,16,29-05-2025 09:42
Black Round Fresh,black_round_fresh_IMG_20250412_115540_TIMEBURST19_2596_brightness_contrast_iter4.jpg,JPG,1450x1450,24,Xiaomi,2312DRAABI,72,f/0.0,51,Daylight,16,29-05-2025 09:42
Black Round Fresh,black_round_fresh_IMG_20250412_115540_TIMEBURST20_2338_horizontal_flip_iter3.jpg,JPG,1311x1311,24,Xiaomi,2312DRAABI,72,f/0.0,51,Daylight,16,29-05-2025 09:42
Black Round Fresh,black_round_fresh_IMG_20250412_115540_TIMEBURST19_2596_gamma_iter4.jpg,JPG,1450x1450,24,Xiaomi,2312DRAABI,72,f/0.0,50,Daylight,16,29-05-2025 09:42
Black Round Fresh,black_round_fresh_IMG_20250412_115540_TIMEBURST20_2338_brightness_contrast_iter3.jpg,JPG,1311x1311,24,Xiaomi,2312DRAABI,72,f/0.0,53,Daylight,16,29-05-2025 09:42
Black Round Fresh,black_round_fresh_IMG_20250412_115540_TIMEBURST20_2338_gamma_iter3.jpg,JPG,1311x1311,24,Xiaomi,2312DRAABI,72,f/0.0,52,Daylight,16,29-05-2025 09:42
Black Round Fresh,black_round_fresh_IMG_20250412_115540_TIMEBURST19_2596_rotate_iter5.jpg,JPG,1450x1450,24,Xiaomi,2312DRAABI,72,f/0.0,53,Daylight,16,29-05-2025 09:42
Black Round Fresh,black_round_fresh_IMG_20250412_115540_TIMEBURST19_2596_rgb_shift_iter4.jpg,JPG,1450x1450,24,Xiaomi,2312DRAABI,72,f/0.0,52,Daylight,16,29-05-2025 09:42
Black Round Fresh,black_round_fresh_IMG_20250412_115540_TIMEBURST20_2338_rgb_shift_iter3.jpg,JPG,1311x1311,24,Xiaomi,2312DRAABI,72,f/0.0,51,Daylight,16,29-05-2025 09:42
Black Round Fresh,black_round_fresh_IMG_20250412_115540_TIMEBURST19_2596_horizontal_flip_iter5.jpg,JPG,1450x1450,24,Xiaomi,2312DRAABI,72,f/0.0,53,Daylight,16,29-05-2025 09:42
Black Round Fresh,black_round_fresh_IMG_20250412_115540_TIMEBURST20_2338_rotate_iter4.jpg,JPG,1311x1311,24,Xiaomi,2312DRAABI,72,f/0.0,51,Daylight,16,29-05-2025 09:42
Black Round Fresh,black_round_fresh_IMG_20250412_115540_TIMEBURST19_2596_brightness_contrast_iter5.jpg,JPG,1450x1450,24,Xiaomi,2312DRAABI,72,f/0.0,51,Daylight,16,29-05-2025 09:42
Black Round Fresh,black_round_fresh_IMG_20250412_115540_TIMEBURST20_2338_horizontal_flip_iter4.jpg,JPG,1311x1311,24,Xiaomi,2312DRAABI,72,f/0.0,52,Daylight,16,29-05-2025 09:42
Black Round Fresh,black_round_fresh_IMG_20250412_115540_TIMEBURST19_2596_gamma_iter5.jpg,JPG,1450x1450,24,Xiaomi,2312DRAABI,72,f/0.0,51,Daylight,16,29-05-2025 09:42
Black Round Fresh,black_round_fresh_IMG_20250412_115540_TIMEBURST20_2338_gamma_iter4.jpg,JPG,1311x1311,24,Xiaomi,2312DRAABI,72,f/0.0,51,Daylight,16,29-05-2025 09:42
Black Round Fresh,black_round_fresh_IMG_20250412_115540_TIMEBURST20_2338_brightness_contrast_iter4.jpg,JPG,1311x1311,24,Xiaomi,2312DRAABI,72,f/0.0,51,Daylight,16,29-05-2025 09:42
Black Round Fresh,black_round_fresh_IMG_20250412_115540_TIMEBURST19_2596_rgb_shift_iter5.jpg,JPG,1450x1450,24,Xiaomi,2312DRAABI,72,f/0.0,51,Daylight,16,29-05-2025 09:42
Black Round Fresh,black_round_fresh_IMG_20250412_115540_TIMEBURST20_2338_rgb_shift_iter4.jpg,JPG,1311x1311,24,Xiaomi,2312DRAABI,72,f/0.0,50,Daylight,16,29-05-2025 09:42
Black Round Fresh,black_round_fresh_IMG_20250412_115540_TIMEBURST20_2338_rotate_iter5.jpg,JPG,1311x1311,24,Xiaomi,2312DRAABI,72,f/0.0,52,Daylight,16,29-05-2025 09:42
Black Round Fresh,black_round_fresh_IMG_20250412_115540_TIMEBURST20_2338_horizontal_flip_iter5.jpg,JPG,1311x1311,24,Xiaomi,2312DRAABI,72,f/0.0,54,Daylight,16,29-05-2025 09:42
Black Round Fresh,black_round_fresh_IMG_20250412_115620_TIMEBURST1_2629_rotate_iter1.jpg,JPG,1519x1519,24,Xiaomi,2312DRAABI,72,f/0.0,52,Daylight,16,29-05-2025 09:42
Black Round Fresh,black_round_fresh_IMG_20250412_115540_TIMEBURST20_2338_brightness_contrast_iter5.jpg,JPG,1311x1311,24,Xiaomi,2312DRAABI,72,f/0.0,52,Daylight,16,29-05-2025 09:42
Black Round Fresh,black_round_fresh_IMG_20250412_115620_TIMEBURST1_2629_horizontal_flip_iter1.jpg,JPG,1519x1519,24,Xiaomi,2312DRAABI,72,f/0.0,52,Daylight,16,29-05-2025 09:42
Black Round Fresh,black_round_fresh_IMG_20250412_115540_TIMEBURST20_2338_gamma_iter5.jpg,JPG,1311x1311,24,Xiaomi,2312DRAABI,72,f/0.0,50,Daylight,16,29-05-2025 09:42
Black Round Fresh,black_round_fresh_IMG_20250412_115620_TIMEBURST1_2629_brightness_contrast_iter1.jpg,JPG,1519x1519,24,Xiaomi,2312DRAABI,72,f/0.0,51,Daylight,16,29-05-2025 09:42
Black Round Fresh,black_round_fresh_IMG_20250412_115540_TIMEBURST20_2338_rgb_shift_iter5.jpg,JPG,1311x1311,24,Xiaomi,2312DRAABI,72,f/0.0,53,Daylight,16,29-05-2025 09:42
Black Round Fresh,black_round_fresh_IMG_20250412_115620_TIMEBURST1_2629_gamma_iter1.jpg,JPG,1519x1519,24,Xiaomi,2312DRAABI,72,f/0.0,53,Daylight,16,29-05-2025 09:42
Black Round Fresh,black_round_fresh_IMG_20250412_115620_TIMEBURST1_2629_rgb_shift_iter1.jpg,JPG,1519x1519,24,Xiaomi,2312DRAABI,72,f/0.0,52,Daylight,16,29-05-2025 09:42
Black Round Fresh,black_round_fresh_IMG_20250412_115620_TIMEBURST1_2629_rotate_iter2.jpg,JPG,1519x1519,24,Xiaomi,2312DRAABI,72,f/0.0,52,Daylight,16,29-05-2025 09:42
Black Round Fresh,black_round_fresh_IMG_20250412_115620_TIMEBURST1_2629_horizontal_flip_iter2.jpg,JPG,1519x1519,24,Xiaomi,2312DRAABI,72,f/0.0,51,Daylight,16,29-05-2025 09:42
Black Round Fresh,black_round_fresh_IMG_20250412_115620_TIMEBURST1_2629_brightness_contrast_iter2.jpg,JPG,1519x1519,24,Xiaomi,2312DRAABI,72,f/0.0,54,Daylight,16,29-05-2025 09:42
Black Round Fresh,black_round_fresh_IMG_20250412_115620_TIMEBURST1_2629_gamma_iter2.jpg,JPG,1519x1519,24,Xiaomi,2312DRAABI,72,f/0.0,53,Daylight,16,29-05-2025 09:42
Black Round Fresh,black_round_fresh_IMG_20250412_115620_TIMEBURST1_2629_rgb_shift_iter2.jpg,JPG,1519x1519,24,Xiaomi,2312DRAABI,72,f/0.0,50,Daylight,16,29-05-2025 09:42
Black Round Fresh,black_round_fresh_IMG_20250412_115620_TIMEBURST1_2629_rotate_iter3.jpg,JPG,1519x1519,24,Xiaomi,2312DRAABI,72,f/0.0,52,Daylight,16,29-05-2025 09:42
Black Round Fresh,black_round_fresh_IMG_20250412_115620_TIMEBURST1_2629_horizontal_flip_iter3.jpg,JPG,1519x1519,24,Xiaomi,2312DRAABI,72,f/0.0,51,Daylight,16,29-05-2025 09:42
Black Round Fresh,black_round_fresh_IMG_20250412_115620_TIMEBURST1_2629_brightness_contrast_iter3.jpg,JPG,1519x1519,24,Xiaomi,2312DRAABI,72,f/0.0,50,Daylight,16,29-05-2025 09:42
Black Round Fresh,black_round_fresh_IMG_20250412_115620_TIMEBURST1_2629_gamma_iter3.jpg,JPG,1519x1519,24,Xiaomi,2312DRAABI,72,f/0.0,51,Daylight,16,29-05-2025 09:42
Black Round Fresh,black_round_fresh_IMG_20250412_115620_TIMEBURST1_2629_rgb_shift_iter3.jpg,JPG,1519x1519,24,Xiaomi,2312DRAABI,72,f/0.0,53,Daylight,16,29-05-2025 09:42
Black Round Fresh,black_round_fresh_IMG_20250412_115620_TIMEBURST1_2629_rotate_iter4.jpg,JPG,1519x1519,24,Xiaomi,2312DRAABI,72,f/0.0,53,Daylight,16,29-05-2025 09:42
Black Round Fresh,black_round_fresh_IMG_20250412_115620_TIMEBURST1_2629_horizontal_flip_iter4.jpg,JPG,1519x1519,24,Xiaomi,2312DRAABI,72,f/0.0,53,Daylight,16,29-05-2025 09:42
Black Round Fresh,black_round_fresh_IMG_20250412_115620_TIMEBURST1_2629_brightness_contrast_iter4.jpg,JPG,1519x1519,24,Xiaomi,2312DRAABI,72,f/0.0,53,Daylight,16,29-05-2025 09:42
Black Round Fresh,black_round_fresh_IMG_20250412_115620_TIMEBURST1_2629_gamma_iter4.jpg,JPG,1519x1519,24,Xiaomi,2312DRAABI,72,f/0.0,53,Daylight,16,29-05-2025 09:42
Black Round Fresh,black_round_fresh_IMG_20250412_115620_TIMEBURST1_2629_rgb_shift_iter4.jpg,JPG,1519x1519,24,Xiaomi,2312DRAABI,72,f/0.0,51,Daylight,16,29-05-2025 09:42
Black Round Fresh,black_round_fresh_IMG_20250412_115620_TIMEBURST1_2629_rotate_iter5.jpg,JPG,1519x1519,24,Xiaomi,2312DRAABI,72,f/0.0,53,Daylight,16,29-05-2025 09:42
Black Round Fresh,black_round_fresh_IMG_20250412_115620_TIMEBURST1_2629_horizontal_flip_iter5.jpg,JPG,1519x1519,24,Xiaomi,2312DRAABI,72,f/0.0,51,Daylight,16,29-05-2025 09:42
Black Round Fresh,black_round_fresh_IMG_20250412_115620_TIMEBURST1_2629_brightness_contrast_iter5.jpg,JPG,1519x1519,24,Xiaomi,2312DRAABI,72,f/0.0,51,Daylight,16,29-05-2025 09:42
Black Round Fresh,black_round_fresh_IMG_20250412_115620_TIMEBURST1_2629_gamma_iter5.jpg,JPG,1519x1519,24,Xiaomi,2312DRAABI,72,f/0.0,53,Daylight,16,29-05-2025 09:42
Black Round Fresh,black_round_fresh_IMG_20250412_115620_TIMEBURST1_2629_rgb_shift_iter5.jpg,JPG,1519x1519,24,Xiaomi,2312DRAABI,72,f/0.0,52,Daylight,16,29-05-2025 09:42
Black Round Fresh,black_round_fresh_IMG_20250412_115620_TIMEBURST4_2064_rotate_iter1.jpg,JPG,1122x1122,24,Xiaomi,2312DRAABI,72,f/0.0,53,Daylight,16,29-05-2025 09:42
Black Round Fresh,black_round_fresh_IMG_20250412_115620_TIMEBURST4_2064_horizontal_flip_iter1.jpg,JPG,1122x1122,24,Xiaomi,2312DRAABI,72,f/0.0,53,Daylight,16,29-05-2025 09:42
Black Round Fresh,black_round_fresh_IMG_20250412_115620_TIMEBURST4_2064_brightness_contrast_iter1.jpg,JPG,1122x1122,24,Xiaomi,2312DRAABI,72,f/0.0,53,Daylight,16,29-05-2025 09:42
Black Round Fresh,black_round_fresh_IMG_20250412_115620_TIMEBURST4_2064_gamma_iter1.jpg,JPG,1122x1122,24,Xiaomi,2312DRAABI,72,f/0.0,51,Daylight,16,29-05-2025 09:42
Black Round Fresh,black_round_fresh_IMG_20250412_115620_TIMEBURST4_2064_rgb_shift_iter1.jpg,JPG,1122x1122,24,Xiaomi,2312DRAABI,72,f/0.0,51,Daylight,16,29-05-2025 09:42
Black Round Fresh,black_round_fresh_IMG_20250412_115620_TIMEBURST4_2064_rotate_iter2.jpg,JPG,1122x1122,24,Xiaomi,2312DRAABI,72,f/0.0,50,Daylight,16,29-05-2025 09:42
Black Round Fresh,black_round_fresh_IMG_20250412_115620_TIMEBURST4_2064_horizontal_flip_iter2.jpg,JPG,1122x1122,24,Xiaomi,2312DRAABI,72,f/0.0,52,Daylight,16,29-05-2025 09:42
Black Round Fresh,black_round_fresh_IMG_20250412_115620_TIMEBURST2_2031_rotate_iter1.jpg,JPG,1311x1311,24,Xiaomi,2312DRAABI,72,f/0.0,52,Daylight,16,29-05-2025 09:42
Black Round Fresh,black_round_fresh_IMG_20250412_115620_TIMEBURST4_2064_brightness_contrast_iter2.jpg,JPG,1122x1122,24,Xiaomi,2312DRAABI,72,f/0.0,52,Daylight,16,29-05-2025 09:42
Black Round Fresh,black_round_fresh_IMG_20250412_115620_TIMEBURST5_2430_rotate_iter1.jpg,JPG,1451x1451,24,Xiaomi,2312DRAABI,72,f/0.0,52,Daylight,16,29-05-2025 09:42
Black Round Fresh,black_round_fresh_IMG_20250412_115620_TIMEBURST3_1955_rotate_iter1.jpg,JPG,1612x1612,24,Xiaomi,2312DRAABI,72,f/0.0,51,Daylight,16,29-05-2025 09:42
Black Round Fresh,black_round_fresh_IMG_20250412_115620_TIMEBURST2_2031_horizontal_flip_iter1.jpg,JPG,1311x1311,24,Xiaomi,2312DRAABI,72,f/0.0,53,Daylight,16,29-05-2025 09:42
Black Round Fresh,black_round_fresh_IMG_20250412_115620_TIMEBURST4_2064_gamma_iter2.jpg,JPG,1122x1122,24,Xiaomi,2312DRAABI,72,f/0.0,53,Daylight,16,29-05-2025 09:42
Black Round Fresh,black_round_fresh_IMG_20250412_115620_TIMEBURST5_2430_horizontal_flip_iter1.jpg,JPG,1451x1451,24,Xiaomi,2312DRAABI,72,f/0.0,51,Daylight,16,29-05-2025 09:42
Black Round Fresh,black_round_fresh_IMG_20250412_115620_TIMEBURST2_2031_brightness_contrast_iter1.jpg,JPG,1311x1311,24,Xiaomi,2312DRAABI,72,f/0.0,53,Daylight,16,29-05-2025 09:42
Black Round Fresh,black_round_fresh_IMG_20250412_115620_TIMEBURST3_1955_horizontal_flip_iter1.jpg,JPG,1612x1612,24,Xiaomi,2312DRAABI,72,f/0.0,54,Daylight,16,29-05-2025 09:42
Black Round Fresh,black_round_fresh_IMG_20250412_115620_TIMEBURST5_2430_brightness_contrast_iter1.jpg,JPG,1451x1451,24,Xiaomi,2312DRAABI,72,f/0.0,53,Daylight,16,29-05-2025 09:42
Black Round Fresh,black_round_fresh_IMG_20250412_115620_TIMEBURST2_2031_gamma_iter1.jpg,JPG,1311x1311,24,Xiaomi,2312DRAABI,72,f/0.0,51,Daylight,16,29-05-2025 09:42
Black Round Fresh,black_round_fresh_IMG_20250412_115620_TIMEBURST4_2064_rotate_iter3.jpg,JPG,1122x1122,24,Xiaomi,2312DRAABI,72,f/0.0,53,Daylight,16,29-05-2025 09:42
Black Round Fresh,black_round_fresh_IMG_20250412_115620_TIMEBURST3_1955_brightness_contrast_iter1.jpg,JPG,1612x1612,24,Xiaomi,2312DRAABI,72,f/0.0,52,Daylight,16,29-05-2025 09:42
Black Round Fresh,black_round_fresh_IMG_20250412_115620_TIMEBURST5_2430_gamma_iter1.jpg,JPG,1451x1451,24,Xiaomi,2312DRAABI,72,f/0.0,50,Daylight,16,29-05-2025 09:42
Black Round Fresh,black_round_fresh_IMG_20250412_115620_TIMEBURST4_2064_rgb_shift_iter2.jpg,JPG,1122x1122,24,Xiaomi,2312DRAABI,72,f/0.0,52,Daylight,16,29-05-2025 09:42
Black Round Fresh,black_round_fresh_IMG_20250412_115620_TIMEBURST4_2064_horizontal_flip_iter3.jpg,JPG,1122x1122,24,Xiaomi,2312DRAABI,72,f/0.0,52,Daylight,16,29-05-2025 09:42
Black Round Fresh,black_round_fresh_IMG_20250412_115620_TIMEBURST3_1955_gamma_iter1.jpg,JPG,1612x1612,24,Xiaomi,2312DRAABI,72,f/0.0,51,Daylight,16,29-05-2025 09:42
Black Round Fresh,black_round_fresh_IMG_20250412_115620_TIMEBURST2_2031_rgb_shift_iter1.jpg,JPG,1311x1311,24,Xiaomi,2312DRAABI,72,f/0.0,51,Daylight,16,29-05-2025 09:42
Black Round Fresh,black_round_fresh_IMG_20250412_115620_TIMEBURST2_2031_rotate_iter2.jpg,JPG,1311x1311,24,Xiaomi,2312DRAABI,72,f/0.0,51,Daylight,16,29-05-2025 09:42
Black Round Fresh,black_round_fresh_IMG_20250412_115620_TIMEBURST4_2064_brightness_contrast_iter3.jpg,JPG,1122x1122,24,Xiaomi,2312DRAABI,72,f/0.0,53,Daylight,16,29-05-2025 09:42
Black Round Fresh,black_round_fresh_IMG_20250412_115620_TIMEBURST5_2430_rgb_shift_iter1.jpg,JPG,1451x1451,24,Xiaomi,2312DRAABI,72,f/0.0,51,Daylight,16,29-05-2025 09:42
Black Round Fresh,black_round_fresh_IMG_20250412_115620_TIMEBURST3_1955_rgb_shift_iter1.jpg,JPG,1612x1612,24,Xiaomi,2312DRAABI,72,f/0.0,50,Daylight,16,29-05-2025 09:42
Black Round Fresh,black_round_fresh_IMG_20250412_115620_TIMEBURST2_2031_horizontal_flip_iter2.jpg,JPG,1311x1311,24,Xiaomi,2312DRAABI,72,f/0.0,51,Daylight,16,29-05-2025 09:42
Black Round Fresh,black_round_fresh_IMG_20250412_115620_TIMEBURST4_2064_gamma_iter3.jpg,JPG,1122x1122,24,Xiaomi,2312DRAABI,72,f/0.0,51,Daylight,16,29-05-2025 09:42
Black Round Fresh,black_round_fresh_IMG_20250412_115620_TIMEBURST5_2430_rotate_iter2.jpg,JPG,1451x1451,24,Xiaomi,2312DRAABI,72,f/0.0,52,Daylight,16,29-05-2025 09:42
Black Round Fresh,black_round_fresh_IMG_20250412_115620_TIMEBURST2_2031_brightness_contrast_iter2.jpg,JPG,1311x1311,24,Xiaomi,2312DRAABI,72,f/0.0,51,Daylight,16,29-05-2025 09:42
Black Round Fresh,black_round_fresh_IMG_20250412_115620_TIMEBURST4_2064_rgb_shift_iter3.jpg,JPG,1122x1122,24,Xiaomi,2312DRAABI,72,f/0.0,52,Daylight,16,29-05-2025 09:42
Black Round Fresh,black_round_fresh_IMG_20250412_115620_TIMEBURST5_2430_horizontal_flip_iter2.jpg,JPG,1451x1451,24,Xiaomi,2312DRAABI,72,f/0.0,50,Daylight,16,29-05-2025 09:42
Black Round Fresh,black_round_fresh_IMG_20250412_115620_TIMEBURST2_2031_gamma_iter2.jpg,JPG,1311x1311,24,Xiaomi,2312DRAABI,72,f/0.0,53,Daylight,16,29-05-2025 09:42
Black Round Fresh,black_round_fresh_IMG_20250412_115620_TIMEBURST4_2064_rotate_iter4.jpg,JPG,1122x1122,24,Xiaomi,2312DRAABI,72,f/0.0,52,Daylight,16,29-05-2025 09:42
Black Round Fresh,black_round_fresh_IMG_20250412_115620_TIMEBURST3_1955_rotate_iter2.jpg,JPG,1612x1612,24,Xiaomi,2312DRAABI,72,f/0.0,52,Daylight,16,29-05-2025 09:42
Black Round Fresh,black_round_fresh_IMG_20250412_115620_TIMEBURST4_2064_horizontal_flip_iter4.jpg,JPG,1122x1122,24,Xiaomi,2312DRAABI,72,f/0.0,54,Daylight,16,29-05-2025 09:42
Black Round Fresh,black_round_fresh_IMG_20250412_115620_TIMEBURST5_2430_brightness_contrast_iter2.jpg,JPG,1451x1451,24,Xiaomi,2312DRAABI,72,f/0.0,50,Daylight,16,29-05-2025 09:42
Black Round Fresh,black_round_fresh_IMG_20250412_115620_TIMEBURST3_1955_horizontal_flip_iter2.jpg,JPG,1612x1612,24,Xiaomi,2312DRAABI,72,f/0.0,54,Daylight,16,29-05-2025 09:42
Black Round Fresh,black_round_fresh_IMG_20250412_115620_TIMEBURST2_2031_rgb_shift_iter2.jpg,JPG,1311x1311,24,Xiaomi,2312DRAABI,72,f/0.0,54,Daylight,16,29-05-2025 09:42
Black Round Fresh,black_round_fresh_IMG_20250412_115620_TIMEBURST4_2064_brightness_contrast_iter4.jpg,JPG,1122x1122,24,Xiaomi,2312DRAABI,72,f/0.0,54,Daylight,16,29-05-2025 09:42
Black Round Fresh,black_round_fresh_IMG_20250412_115620_TIMEBURST5_2430_gamma_iter2.jpg,JPG,1451x1451,24,Xiaomi,2312DRAABI,72,f/0.0,52,Daylight,16,29-05-2025 09:42
Black Round Fresh,black_round_fresh_IMG_20250412_115620_TIMEBURST4_2064_gamma_iter4.jpg,JPG,1122x1122,24,Xiaomi,2312DRAABI,72,f/0.0,53,Daylight,16,29-05-2025 09:42
Black Round Fresh,black_round_fresh_IMG_20250412_115620_TIMEBURST3_1955_brightness_contrast_iter2.jpg,JPG,1612x1612,24,Xiaomi,2312DRAABI,72,f/0.0,53,Daylight,16,29-05-2025 09:42
Black Round Fresh,black_round_fresh_IMG_20250412_115620_TIMEBURST2_2031_rotate_iter3.jpg,JPG,1311x1311,24,Xiaomi,2312DRAABI,72,f/0.0,51,Daylight,16,29-05-2025 09:42
Black Round Fresh,black_round_fresh_IMG_20250412_115620_TIMEBURST2_2031_horizontal_flip_iter3.jpg,JPG,1311x1311,24,Xiaomi,2312DRAABI,72,f/0.0,52,Daylight,16,29-05-2025 09:42
Black Round Fresh,black_round_fresh_IMG_20250412_115620_TIMEBURST4_2064_rgb_shift_iter4.jpg,JPG,1122x1122,24,Xiaomi,2312DRAABI,72,f/0.0,50,Daylight,16,29-05-2025 09:42
Black Round Fresh,black_round_fresh_IMG_20250412_115620_TIMEBURST5_2430_rgb_shift_iter2.jpg,JPG,1451x1451,24,Xiaomi,2312DRAABI,72,f/0.0,50,Daylight,16,29-05-2025 09:42
Black Round Fresh,black_round_fresh_IMG_20250412_115620_TIMEBURST3_1955_gamma_iter2.jpg,JPG,1612x1612,24,Xiaomi,2312DRAABI,72,f/0.0,53,Daylight,16,29-05-2025 09:42
Black Round Fresh,black_round_fresh_IMG_20250412_115620_TIMEBURST2_2031_gamma_iter3.jpg,JPG,1311x1311,24,Xiaomi,2312DRAABI,72,f/0.0,52,Daylight,16,29-05-2025 09:42
Black Round Fresh,black_round_fresh_IMG_20250412_115620_TIMEBURST4_2064_rotate_iter5.jpg,JPG,1122x1122,24,Xiaomi,2312DRAABI,72,f/0.0,54,Daylight,16,29-05-2025 09:42
Black Round Fresh,black_round_fresh_IMG_20250412_115620_TIMEBURST2_2031_brightness_contrast_iter3.jpg,JPG,1311x1311,24,Xiaomi,2312DRAABI,72,f/0.0,51,Daylight,16,29-05-2025 09:42
Black Round Fresh,black_round_fresh_IMG_20250412_115620_TIMEBURST4_2064_horizontal_flip_iter5.jpg,JPG,1122x1122,24,Xiaomi,2312DRAABI,72,f/0.0,53,Daylight,16,29-05-2025 09:42
Black Round Fresh,black_round_fresh_IMG_20250412_115620_TIMEBURST5_2430_rotate_iter3.jpg,JPG,1451x1451,24,Xiaomi,2312DRAABI,72,f/0.0,52,Daylight,16,29-05-2025 09:42
Black Round Fresh,black_round_fresh_IMG_20250412_115620_TIMEBURST2_2031_rgb_shift_iter3.jpg,JPG,1311x1311,24,Xiaomi,2312DRAABI,72,f/0.0,54,Daylight,16,29-05-2025 09:42
Black Round Fresh,black_round_fresh_IMG_20250412_115620_TIMEBURST4_2064_brightness_contrast_iter5.jpg,JPG,1122x1122,24,Xiaomi,2312DRAABI,72,f/0.0,51,Daylight,16,29-05-2025 09:42
Black Round Fresh,black_round_fresh_IMG_20250412_115620_TIMEBURST3_1955_rgb_shift_iter2.jpg,JPG,1612x1612,24,Xiaomi,2312DRAABI,72,f/0.0,51,Daylight,16,29-05-2025 09:42
Black Round Fresh,black_round_fresh_IMG_20250412_115620_TIMEBURST4_2064_gamma_iter5.jpg,JPG,1122x1122,24,Xiaomi,2312DRAABI,72,f/0.0,52,Daylight,16,29-05-2025 09:42
Black Round Fresh,black_round_fresh_IMG_20250412_115620_TIMEBURST3_1955_rotate_iter3.jpg,JPG,1612x1612,24,Xiaomi,2312DRAABI,72,f/0.0,52,Daylight,16,29-05-2025 09:42
Black Round Fresh,black_round_fresh_IMG_20250412_115620_TIMEBURST5_2430_horizontal_flip_iter3.jpg,JPG,1451x1451,24,Xiaomi,2312DRAABI,72,f/0.0,52,Daylight,16,29-05-2025 09:42
Black Round Fresh,black_round_fresh_IMG_20250412_115620_TIMEBURST2_2031_rotate_iter4.jpg,JPG,1311x1311,24,Xiaomi,2312DRAABI,72,f/0.0,52,Daylight,16,29-05-2025 09:42
Black Round Fresh,black_round_fresh_IMG_20250412_115620_TIMEBURST4_2064_rgb_shift_iter5.jpg,JPG,1122x1122,24,Xiaomi,2312DRAABI,72,f/0.0,50,Daylight,16,29-05-2025 09:42
Black Round Fresh,black_round_fresh_IMG_20250412_115620_TIMEBURST3_1955_horizontal_flip_iter3.jpg,JPG,1612x1612,24,Xiaomi,2312DRAABI,72,f/0.0,52,Daylight,16,29-05-2025 09:42
Black Round Fresh,black_round_fresh_IMG_20250412_115620_TIMEBURST5_2430_brightness_contrast_iter3.jpg,JPG,1451x1451,24,Xiaomi,2312DRAABI,72,f/0.0,53,Daylight,16,29-05-2025 09:42
Black Round Fresh,black_round_fresh_IMG_20250412_115620_TIMEBURST2_2031_horizontal_flip_iter4.jpg,JPG,1311x1311,24,Xiaomi,2312DRAABI,72,f/0.0,51,Daylight,16,29-05-2025 09:42
Black Round Fresh,black_round_fresh_IMG_20250412_115620_TIMEBURST3_1955_brightness_contrast_iter3.jpg,JPG,1612x1612,24,Xiaomi,2312DRAABI,72,f/0.0,51,Daylight,16,29-05-2025 09:42
Black Round Fresh,black_round_fresh_IMG_20250412_115620_TIMEBURST5_2430_gamma_iter3.jpg,JPG,1451x1451,24,Xiaomi,2312DRAABI,72,f/0.0,51,Daylight,16,29-05-2025 09:42
Black Round Fresh,black_round_fresh_IMG_20250412_115620_TIMEBURST3_1955_gamma_iter3.jpg,JPG,1612x1612,24,Xiaomi,2312DRAABI,72,f/0.0,51,Daylight,16,29-05-2025 09:42
Black Round Fresh,black_round_fresh_IMG_20250412_115620_TIMEBURST2_2031_gamma_iter4.jpg,JPG,1311x1311,24,Xiaomi,2312DRAABI,72,f/0.0,51,Daylight,16,29-05-2025 09:42
Black Round Fresh,black_round_fresh_IMG_20250412_115620_TIMEBURST2_2031_brightness_contrast_iter4.jpg,JPG,1311x1311,24,Xiaomi,2312DRAABI,72,f/0.0,50,Daylight,16,29-05-2025 09:42
Black Round Fresh,black_round_fresh_IMG_20250412_115620_TIMEBURST5_2430_rgb_shift_iter3.jpg,JPG,1451x1451,24,Xiaomi,2312DRAABI,72,f/0.0,53,Daylight,16,29-05-2025 09:42
Black Round Fresh,black_round_fresh_IMG_20250412_115620_TIMEBURST2_2031_rgb_shift_iter4.jpg,JPG,1311x1311,24,Xiaomi,2312DRAABI,72,f/0.0,52,Daylight,16,29-05-2025 09:42
Black Round Fresh,black_round_fresh_IMG_20250412_115620_TIMEBURST3_1955_rgb_shift_iter3.jpg,JPG,1612x1612,24,Xiaomi,2312DRAABI,72,f/0.0,53,Daylight,16,29-05-2025 09:42
Black Round Fresh,black_round_fresh_IMG_20250412_115620_TIMEBURST5_2430_rotate_iter4.jpg,JPG,1451x1451,24,Xiaomi,2312DRAABI,72,f/0.0,52,Daylight,16,29-05-2025 09:42
Black Round Fresh,black_round_fresh_IMG_20250412_115620_TIMEBURST5_2430_horizontal_flip_iter4.jpg,JPG,1451x1451,24,Xiaomi,2312DRAABI,72,f/0.0,51,Daylight,16,29-05-2025 09:42
Black Round Fresh,black_round_fresh_IMG_20250412_115620_TIMEBURST5_2430_brightness_contrast_iter4.jpg,JPG,1451x1451,24,Xiaomi,2312DRAABI,72,f/0.0,53,Daylight,16,29-05-2025 09:42
Black Round Fresh,black_round_fresh_IMG_20250412_115620_TIMEBURST2_2031_rotate_iter5.jpg,JPG,1311x1311,24,Xiaomi,2312DRAABI,72,f/0.0,51,Daylight,16,29-05-2025 09:42
Black Round Fresh,black_round_fresh_IMG_20250412_115620_TIMEBURST2_2031_horizontal_flip_iter5.jpg,JPG,1311x1311,24,Xiaomi,2312DRAABI,72,f/0.0,51,Daylight,16,29-05-2025 09:42
Black Round Fresh,black_round_fresh_IMG_20250412_115620_TIMEBURST3_1955_rotate_iter4.jpg,JPG,1612x1612,24,Xiaomi,2312DRAABI,72,f/0.0,52,Daylight,16,29-05-2025 09:42
Black Round Fresh,black_round_fresh_IMG_20250412_115620_TIMEBURST2_2031_brightness_contrast_iter5.jpg,JPG,1311x1311,24,Xiaomi,2312DRAABI,72,f/0.0,51,Daylight,16,29-05-2025 09:42
Black Round Fresh,black_round_fresh_IMG_20250412_115620_TIMEBURST5_2430_gamma_iter4.jpg,JPG,1451x1451,24,Xiaomi,2312DRAABI,72,f/0.0,51,Daylight,16,29-05-2025 09:42
Black Round Fresh,black_round_fresh_IMG_20250412_115620_TIMEBURST3_1955_horizontal_flip_iter4.jpg,JPG,1612x1612,24,Xiaomi,2312DRAABI,72,f/0.0,51,Daylight,16,29-05-2025 09:42
Black Round Fresh,black_round_fresh_IMG_20250412_115620_TIMEBURST2_2031_gamma_iter5.jpg,JPG,1311x1311,24,Xiaomi,2312DRAABI,72,f/0.0,51,Daylight,16,29-05-2025 09:42
Black Round Fresh,black_round_fresh_IMG_20250412_115620_TIMEBURST3_1955_brightness_contrast_iter4.jpg,JPG,1612x1612,24,Xiaomi,2312DRAABI,72,f/0.0,50,Daylight,16,29-05-2025 09:42
Black Round Fresh,black_round_fresh_IMG_20250412_115620_TIMEBURST5_2430_rgb_shift_iter4.jpg,JPG,1451x1451,24,Xiaomi,2312DRAABI,72,f/0.0,52,Daylight,16,29-05-2025 09:42
Black Round Fresh,black_round_fresh_IMG_20250412_115620_TIMEBURST2_2031_rgb_shift_iter5.jpg,JPG,1311x1311,24,Xiaomi,2312DRAABI,72,f/0.0,54,Daylight,16,29-05-2025 09:42
Black Round Fresh,black_round_fresh_IMG_20250412_115620_TIMEBURST3_1955_gamma_iter4.jpg,JPG,1612x1612,24,Xiaomi,2312DRAABI,72,f/0.0,52,Daylight,16,29-05-2025 09:42
Black Round Fresh,black_round_fresh_IMG_20250412_115620_TIMEBURST5_2430_rotate_iter5.jpg,JPG,1451x1451,24,Xiaomi,2312DRAABI,72,f/0.0,52,Daylight,16,29-05-2025 09:42
Black Round Fresh,black_round_fresh_IMG_20250412_115620_TIMEBURST5_2430_horizontal_flip_iter5.jpg,JPG,1451x1451,24,Xiaomi,2312DRAABI,72,f/0.0,52,Daylight,16,29-05-2025 09:42
Black Round Fresh,black_round_fresh_IMG_20250412_115620_TIMEBURST3_1955_rgb_shift_iter4.jpg,JPG,1612x1612,24,Xiaomi,2312DRAABI,72,f/0.0,50,Daylight,16,29-05-2025 09:42
Black Round Fresh,black_round_fresh_IMG_20250412_115620_TIMEBURST5_2430_brightness_contrast_iter5.jpg,JPG,1451x1451,24,Xiaomi,2312DRAABI,72,f/0.0,51,Daylight,16,29-05-2025 09:42
Black Round Fresh,black_round_fresh_IMG_20250412_115620_TIMEBURST3_1955_rotate_iter5.jpg,JPG,1612x1612,24,Xiaomi,2312DRAABI,72,f/0.0,53,Daylight,16,29-05-2025 09:42
Black Round Fresh,black_round_fresh_IMG_20250412_115620_TIMEBURST5_2430_gamma_iter5.jpg,JPG,1451x1451,24,Xiaomi,2312DRAABI,72,f/0.0,53,Daylight,16,29-05-2025 09:42
Black Round Fresh,black_round_fresh_IMG_20250412_115620_TIMEBURST3_1955_horizontal_flip_iter5.jpg,JPG,1612x1612,24,Xiaomi,2312DRAABI,72,f/0.0,52,Daylight,16,29-05-2025 09:42
Black Round Fresh,black_round_fresh_IMG_20250412_115620_TIMEBURST5_2430_rgb_shift_iter5.jpg,JPG,1451x1451,24,Xiaomi,2312DRAABI,72,f/0.0,52,Daylight,16,29-05-2025 09:42
Black Round Fresh,black_round_fresh_IMG_20250412_115620_TIMEBURST3_1955_brightness_contrast_iter5.jpg,JPG,1612x1612,24,Xiaomi,2312DRAABI,72,f/0.0,51,Daylight,16,29-05-2025 09:42
Black Round Fresh,black_round_fresh_IMG_20250412_115620_TIMEBURST3_1955_gamma_iter5.jpg,JPG,1612x1612,24,Xiaomi,2312DRAABI,72,f/0.0,54,Daylight,16,29-05-2025 09:42
Black Round Fresh,black_round_fresh_IMG_20250412_115620_TIMEBURST3_1955_rgb_shift_iter5.jpg,JPG,1612x1612,24,Xiaomi,2312DRAABI,72,f/0.0,53,Daylight,16,29-05-2025 09:42
Black Round Fresh,black_round_fresh_IMG_20250412_115620_TIMEBURST6_2541_horizontal_flip_iter1.jpg,JPG,1382x1382,24,Xiaomi,2312DRAABI,72,f/0.0,50,Daylight,16,29-05-2025 09:42
Black Round Fresh,black_round_fresh_IMG_20250412_115620_TIMEBURST6_2541_rotate_iter1.jpg,JPG,1382x1382,24,Xiaomi,2312DRAABI,72,f/0.0,52,Daylight,16,29-05-2025 09:42
Black Round Fresh,black_round_fresh_IMG_20250412_115620_TIMEBURST6_2541_brightness_contrast_iter1.jpg,JPG,1382x1382,24,Xiaomi,2312DRAABI,72,f/0.0,51,Daylight,16,29-05-2025 09:42
Black Round Fresh,black_round_fresh_IMG_20250412_115620_TIMEBURST7_2200_rotate_iter1.jpg,JPG,1301x1301,24,Xiaomi,2312DRAABI,72,f/0.0,50,Daylight,16,29-05-2025 09:42
Black Round Fresh,black_round_fresh_IMG_20250412_115620_TIMEBURST6_2541_gamma_iter1.jpg,JPG,1382x1382,24,Xiaomi,2312DRAABI,72,f/0.0,51,Daylight,16,29-05-2025 09:42
Black Round Fresh,black_round_fresh_IMG_20250412_115620_TIMEBURST7_2200_horizontal_flip_iter1.jpg,JPG,1301x1301,24,Xiaomi,2312DRAABI,72,f/0.0,53,Daylight,16,29-05-2025 09:42
Black Round Fresh,black_round_fresh_IMG_20250412_115620_TIMEBURST6_2541_brightness_contrast_iter2.jpg,JPG,1382x1382,24,Xiaomi,2312DRAABI,72,f/0.0,53,Daylight,16,29-05-2025 09:42
Black Round Fresh,black_round_fresh_IMG_20250412_115620_TIMEBURST6_2541_rgb_shift_iter1.jpg,JPG,1382x1382,24,Xiaomi,2312DRAABI,72,f/0.0,53,Daylight,16,29-05-2025 09:42
Black Round Fresh,black_round_fresh_IMG_20250412_115620_TIMEBURST7_2200_rotate_iter2.jpg,JPG,1301x1301,24,Xiaomi,2312DRAABI,72,f/0.0,53,Daylight,16,29-05-2025 09:42
Black Round Fresh,black_round_fresh_IMG_20250412_115620_TIMEBURST7_2200_brightness_contrast_iter1.jpg,JPG,1301x1301,24,Xiaomi,2312DRAABI,72,f/0.0,53,Daylight,16,29-05-2025 09:42
Black Round Fresh,black_round_fresh_IMG_20250412_115620_TIMEBURST7_2200_gamma_iter1.jpg,JPG,1301x1301,24,Xiaomi,2312DRAABI,72,f/0.0,51,Daylight,16,29-05-2025 09:42
Black Round Fresh,black_round_fresh_IMG_20250412_115620_TIMEBURST6_2541_rotate_iter2.jpg,JPG,1382x1382,24,Xiaomi,2312DRAABI,72,f/0.0,53,Daylight,16,29-05-2025 09:42
Black Round Fresh,black_round_fresh_IMG_20250412_115620_TIMEBURST6_2541_horizontal_flip_iter2.jpg,JPG,1382x1382,24,Xiaomi,2312DRAABI,72,f/0.0,51,Daylight,16,29-05-2025 09:42
Black Round Fresh,black_round_fresh_IMG_20250412_115620_TIMEBURST7_2200_rgb_shift_iter1.jpg,JPG,1301x1301,24,Xiaomi,2312DRAABI,72,f/0.0,51,Daylight,16,29-05-2025 09:42
Black Round Fresh,black_round_fresh_IMG_20250412_115620_TIMEBURST6_2541_gamma_iter2.jpg,JPG,1382x1382,24,Xiaomi,2312DRAABI,72,f/0.0,53,Daylight,16,29-05-2025 09:42
Black Round Fresh,black_round_fresh_IMG_20250412_115620_TIMEBURST7_2200_horizontal_flip_iter2.jpg,JPG,1301x1301,24,Xiaomi,2312DRAABI,72,f/0.0,52,Daylight,16,29-05-2025 09:42
Black Round Fresh,black_round_fresh_IMG_20250412_115620_TIMEBURST7_2200_brightness_contrast_iter2.jpg,JPG,1301x1301,24,Xiaomi,2312DRAABI,72,f/0.0,53,Daylight,16,29-05-2025 09:42
Black Round Fresh,black_round_fresh_IMG_20250412_115620_TIMEBURST6_2541_rgb_shift_iter2.jpg,JPG,1382x1382,24,Xiaomi,2312DRAABI,72,f/0.0,53,Daylight,16,29-05-2025 09:42
Black Round Fresh,black_round_fresh_IMG_20250412_115620_TIMEBURST11_2860_rotate_iter1.jpg,JPG,1697x1697,24,Xiaomi,2312DRAABI,72,f/0.0,53,Daylight,16,29-05-2025 09:42
Black Round Fresh,black_round_fresh_IMG_20250412_115620_TIMEBURST7_2200_gamma_iter2.jpg,JPG,1301x1301,24,Xiaomi,2312DRAABI,72,f/0.0,51,Daylight,16,29-05-2025 09:42
Black Round Fresh,black_round_fresh_IMG_20250412_115620_TIMEBURST6_2541_rotate_iter3.jpg,JPG,1382x1382,24,Xiaomi,2312DRAABI,72,f/0.0,51,Daylight,16,29-05-2025 09:42
Black Round Fresh,black_round_fresh_IMG_20250412_115620_TIMEBURST11_2860_horizontal_flip_iter1.jpg,JPG,1697x1697,24,Xiaomi,2312DRAABI,72,f/0.0,50,Daylight,16,29-05-2025 09:42
Black Round Fresh,black_round_fresh_IMG_20250412_115620_TIMEBURST6_2541_horizontal_flip_iter3.jpg,JPG,1382x1382,24,Xiaomi,2312DRAABI,72,f/0.0,52,Daylight,16,29-05-2025 09:42
Black Round Fresh,black_round_fresh_IMG_20250412_115620_TIMEBURST7_2200_rgb_shift_iter2.jpg,JPG,1301x1301,24,Xiaomi,2312DRAABI,72,f/0.0,52,Daylight,16,29-05-2025 09:42
Black Round Fresh,black_round_fresh_IMG_20250412_115620_TIMEBURST6_2541_brightness_contrast_iter3.jpg,JPG,1382x1382,24,Xiaomi,2312DRAABI,72,f/0.0,52,Daylight,16,29-05-2025 09:42
Black Round Fresh,black_round_fresh_IMG_20250412_115620_TIMEBURST11_2860_brightness_contrast_iter1.jpg,JPG,1697x1697,24,Xiaomi,2312DRAABI,72,f/0.0,52,Daylight,16,29-05-2025 09:42
Black Round Fresh,black_round_fresh_IMG_20250412_115620_TIMEBURST7_2200_rotate_iter3.jpg,JPG,1301x1301,24,Xiaomi,2312DRAABI,72,f/0.0,51,Daylight,16,29-05-2025 09:42
Black Round Fresh,black_round_fresh_IMG_20250412_115620_TIMEBURST6_2541_gamma_iter3.jpg,JPG,1382x1382,24,Xiaomi,2312DRAABI,72,f/0.0,53,Daylight,16,29-05-2025 09:42
Black Round Fresh,black_round_fresh_IMG_20250412_115620_TIMEBURST7_2200_horizontal_flip_iter3.jpg,JPG,1301x1301,24,Xiaomi,2312DRAABI,72,f/0.0,53,Daylight,16,29-05-2025 09:42
Black Round Fresh,black_round_fresh_IMG_20250412_115620_TIMEBURST11_2860_gamma_iter1.jpg,JPG,1697x1697,24,Xiaomi,2312DRAABI,72,f/0.0,51,Daylight,16,29-05-2025 09:42
Black Round Fresh,black_round_fresh_IMG_20250412_115620_TIMEBURST7_2200_brightness_contrast_iter3.jpg,JPG,1301x1301,24,Xiaomi,2312DRAABI,72,f/0.0,53,Daylight,16,29-05-2025 09:42
Black Round Fresh,black_round_fresh_IMG_20250412_115620_TIMEBURST6_2541_rgb_shift_iter3.jpg,JPG,1382x1382,24,Xiaomi,2312DRAABI,72,f/0.0,54,Daylight,16,29-05-2025 09:42
Black Round Fresh,black_round_fresh_IMG_20250412_115620_TIMEBURST11_2860_rgb_shift_iter1.jpg,JPG,1697x1697,24,Xiaomi,2312DRAABI,72,f/0.0,53,Daylight,16,29-05-2025 09:42
Black Round Fresh,black_round_fresh_IMG_20250412_115620_TIMEBURST8_2396_rotate_iter1.jpg,JPG,1381x1381,24,Xiaomi,2312DRAABI,72,f/0.0,51,Daylight,16,29-05-2025 09:42
Black Round Fresh,black_round_fresh_IMG_20250412_115620_TIMEBURST7_2200_gamma_iter3.jpg,JPG,1301x1301,24,Xiaomi,2312DRAABI,72,f/0.0,53,Daylight,16,29-05-2025 09:42
Black Round Fresh,black_round_fresh_IMG_20250412_115620_TIMEBURST8_2396_horizontal_flip_iter1.jpg,JPG,1381x1381,24,Xiaomi,2312DRAABI,72,f/0.0,52,Daylight,16,29-05-2025 09:42
Black Round Fresh,black_round_fresh_IMG_20250412_115620_TIMEBURST6_2541_rotate_iter4.jpg,JPG,1382x1382,24,Xiaomi,2312DRAABI,72,f/0.0,50,Daylight,16,29-05-2025 09:42
Black Round Fresh,black_round_fresh_IMG_20250412_115620_TIMEBURST8_2396_brightness_contrast_iter1.jpg,JPG,1381x1381,24,Xiaomi,2312DRAABI,72,f/0.0,52,Daylight,16,29-05-2025 09:42
Black Round Fresh,black_round_fresh_IMG_20250412_115620_TIMEBURST6_2541_horizontal_flip_iter4.jpg,JPG,1382x1382,24,Xiaomi,2312DRAABI,72,f/0.0,52,Daylight,16,29-05-2025 09:42
Black Round Fresh,black_round_fresh_IMG_20250412_115620_TIMEBURST7_2200_rgb_shift_iter3.jpg,JPG,1301x1301,24,Xiaomi,2312DRAABI,72,f/0.0,51,Daylight,16,29-05-2025 09:42
Black Round Fresh,black_round_fresh_IMG_20250412_115620_TIMEBURST11_2860_rotate_iter2.jpg,JPG,1697x1697,24,Xiaomi,2312DRAABI,72,f/0.0,51,Daylight,16,29-05-2025 09:42
Black Round Fresh,black_round_fresh_IMG_20250412_115620_TIMEBURST8_2396_gamma_iter1.jpg,JPG,1381x1381,24,Xiaomi,2312DRAABI,72,f/0.0,51,Daylight,16,29-05-2025 09:42
Black Round Fresh,black_round_fresh_IMG_20250412_115620_TIMEBURST6_2541_brightness_contrast_iter4.jpg,JPG,1382x1382,24,Xiaomi,2312DRAABI,72,f/0.0,53,Daylight,16,29-05-2025 09:42
Black Round Fresh,black_round_fresh_IMG_20250412_115620_TIMEBURST7_2200_rotate_iter4.jpg,JPG,1301x1301,24,Xiaomi,2312DRAABI,72,f/0.0,51,Daylight,16,29-05-2025 09:42
Black Round Fresh,black_round_fresh_IMG_20250412_115620_TIMEBURST11_2860_horizontal_flip_iter2.jpg,JPG,1697x1697,24,Xiaomi,2312DRAABI,72,f/0.0,50,Daylight,16,29-05-2025 09:42
Black Round Fresh,black_round_fresh_IMG_20250412_115620_TIMEBURST6_2541_gamma_iter4.jpg,JPG,1382x1382,24,Xiaomi,2312DRAABI,72,f/0.0,51,Daylight,16,29-05-2025 09:42
Black Round Fresh,black_round_fresh_IMG_20250412_115620_TIMEBURST7_2200_horizontal_flip_iter4.jpg,JPG,1301x1301,24,Xiaomi,2312DRAABI,72,f/0.0,51,Daylight,16,29-05-2025 09:42
Black Round Fresh,black_round_fresh_IMG_20250412_115620_TIMEBURST8_2396_rgb_shift_iter1.jpg,JPG,1381x1381,24,Xiaomi,2312DRAABI,72,f/0.0,52,Daylight,16,29-05-2025 09:42
Black Round Fresh,black_round_fresh_IMG_20250412_115620_TIMEBURST7_2200_brightness_contrast_iter4.jpg,JPG,1301x1301,24,Xiaomi,2312DRAABI,72,f/0.0,51,Daylight,16,29-05-2025 09:42
Black Round Fresh,black_round_fresh_IMG_20250412_115620_TIMEBURST11_2860_brightness_contrast_iter2.jpg,JPG,1697x1697,24,Xiaomi,2312DRAABI,72,f/0.0,52,Daylight,16,29-05-2025 09:42
Black Round Fresh,black_round_fresh_IMG_20250412_115620_TIMEBURST6_2541_rgb_shift_iter4.jpg,JPG,1382x1382,24,Xiaomi,2312DRAABI,72,f/0.0,50,Daylight,16,29-05-2025 09:42
Black Round Fresh,black_round_fresh_IMG_20250412_115620_TIMEBURST8_2396_rotate_iter2.jpg,JPG,1381x1381,24,Xiaomi,2312DRAABI,72,f/0.0,53,Daylight,16,29-05-2025 09:42
Black Round Fresh,black_round_fresh_IMG_20250412_115620_TIMEBURST7_2200_gamma_iter4.jpg,JPG,1301x1301,24,Xiaomi,2312DRAABI,72,f/0.0,52,Daylight,16,29-05-2025 09:42
Black Round Fresh,black_round_fresh_IMG_20250412_115620_TIMEBURST8_2396_horizontal_flip_iter2.jpg,JPG,1381x1381,24,Xiaomi,2312DRAABI,72,f/0.0,52,Daylight,16,29-05-2025 09:42
Black Round Fresh,black_round_fresh_IMG_20250412_115620_TIMEBURST11_2860_gamma_iter2.jpg,JPG,1697x1697,24,Xiaomi,2312DRAABI,72,f/0.0,54,Daylight,16,29-05-2025 09:42
Black Round Fresh,black_round_fresh_IMG_20250412_115620_TIMEBURST6_2541_rotate_iter5.jpg,JPG,1382x1382,24,Xiaomi,2312DRAABI,72,f/0.0,50,Daylight,16,29-05-2025 09:42
Black Round Fresh,black_round_fresh_IMG_20250412_115620_TIMEBURST7_2200_rgb_shift_iter4.jpg,JPG,1301x1301,24,Xiaomi,2312DRAABI,72,f/0.0,54,Daylight,16,29-05-2025 09:42
Black Round Fresh,black_round_fresh_IMG_20250412_115620_TIMEBURST8_2396_brightness_contrast_iter2.jpg,JPG,1381x1381,24,Xiaomi,2312DRAABI,72,f/0.0,54,Daylight,16,29-05-2025 09:42
Black Round Fresh,black_round_fresh_IMG_20250412_115620_TIMEBURST6_2541_horizontal_flip_iter5.jpg,JPG,1382x1382,24,Xiaomi,2312DRAABI,72,f/0.0,54,Daylight,16,29-05-2025 09:42
Black Round Fresh,black_round_fresh_IMG_20250412_115620_TIMEBURST7_2200_rotate_iter5.jpg,JPG,1301x1301,24,Xiaomi,2312DRAABI,72,f/0.0,52,Daylight,16,29-05-2025 09:42
Black Round Fresh,black_round_fresh_IMG_20250412_115620_TIMEBURST8_2396_gamma_iter2.jpg,JPG,1381x1381,24,Xiaomi,2312DRAABI,72,f/0.0,53,Daylight,16,29-05-2025 09:42
Black Round Fresh,black_round_fresh_IMG_20250412_115620_TIMEBURST6_2541_brightness_contrast_iter5.jpg,JPG,1382x1382,24,Xiaomi,2312DRAABI,72,f/0.0,53,Daylight,16,29-05-2025 09:42
Black Round Fresh,black_round_fresh_IMG_20250412_115620_TIMEBURST11_2860_rgb_shift_iter2.jpg,JPG,1697x1697,24,Xiaomi,2312DRAABI,72,f/0.0,51,Daylight,16,29-05-2025 09:42
Black Round Fresh,black_round_fresh_IMG_20250412_115620_TIMEBURST7_2200_horizontal_flip_iter5.jpg,JPG,1301x1301,24,Xiaomi,2312DRAABI,72,f/0.0,52,Daylight,16,29-05-2025 09:42
Black Round Fresh,black_round_fresh_IMG_20250412_115620_TIMEBURST6_2541_gamma_iter5.jpg,JPG,1382x1382,24,Xiaomi,2312DRAABI,72,f/0.0,50,Daylight,16,29-05-2025 09:42
Black Round Fresh,black_round_fresh_IMG_20250412_115620_TIMEBURST8_2396_rgb_shift_iter2.jpg,JPG,1381x1381,24,Xiaomi,2312DRAABI,72,f/0.0,50,Daylight,16,29-05-2025 09:42
Black Round Fresh,black_round_fresh_IMG_20250412_115620_TIMEBURST7_2200_brightness_contrast_iter5.jpg,JPG,1301x1301,24,Xiaomi,2312DRAABI,72,f/0.0,53,Daylight,16,29-05-2025 09:42
Black Round Fresh,black_round_fresh_IMG_20250412_115620_TIMEBURST11_2860_rotate_iter3.jpg,JPG,1697x1697,24,Xiaomi,2312DRAABI,72,f/0.0,52,Daylight,16,29-05-2025 09:42
Black Round Fresh,black_round_fresh_IMG_20250412_115620_TIMEBURST6_2541_rgb_shift_iter5.jpg,JPG,1382x1382,24,Xiaomi,2312DRAABI,72,f/0.0,54,Daylight,16,29-05-2025 09:42
Black Round Fresh,black_round_fresh_IMG_20250412_115620_TIMEBURST7_2200_gamma_iter5.jpg,JPG,1301x1301,24,Xiaomi,2312DRAABI,72,f/0.0,51,Daylight,16,29-05-2025 09:42
Black Round Fresh,black_round_fresh_IMG_20250412_115620_TIMEBURST8_2396_rotate_iter3.jpg,JPG,1381x1381,24,Xiaomi,2312DRAABI,72,f/0.0,53,Daylight,16,29-05-2025 09:42
Black Round Fresh,black_round_fresh_IMG_20250412_115620_TIMEBURST11_2860_horizontal_flip_iter3.jpg,JPG,1697x1697,24,Xiaomi,2312DRAABI,72,f/0.0,52,Daylight,16,29-05-2025 09:42
Black Round Fresh,black_round_fresh_IMG_20250412_115620_TIMEBURST11_2860_brightness_contrast_iter3.jpg,JPG,1697x1697,24,Xiaomi,2312DRAABI,72,f/0.0,54,Daylight,16,29-05-2025 09:42
Black Round Fresh,black_round_fresh_IMG_20250412_115620_TIMEBURST7_2200_rgb_shift_iter5.jpg,JPG,1301x1301,24,Xiaomi,2312DRAABI,72,f/0.0,51,Daylight,16,29-05-2025 09:42
Black Round Fresh,black_round_fresh_IMG_20250412_115620_TIMEBURST8_2396_horizontal_flip_iter3.jpg,JPG,1381x1381,24,Xiaomi,2312DRAABI,72,f/0.0,51,Daylight,16,29-05-2025 09:42
Black Round Fresh,black_round_fresh_IMG_20250412_115620_TIMEBURST8_2396_brightness_contrast_iter3.jpg,JPG,1381x1381,24,Xiaomi,2312DRAABI,72,f/0.0,52,Daylight,16,29-05-2025 09:42
Black Round Fresh,black_round_fresh_IMG_20250412_115620_TIMEBURST11_2860_gamma_iter3.jpg,JPG,1697x1697,24,Xiaomi,2312DRAABI,72,f/0.0,52,Daylight,16,29-05-2025 09:42
Black Round Fresh,black_round_fresh_IMG_20250412_115620_TIMEBURST8_2396_gamma_iter3.jpg,JPG,1381x1381,24,Xiaomi,2312DRAABI,72,f/0.0,52,Daylight,16,29-05-2025 09:42
Black Round Fresh,black_round_fresh_IMG_20250412_115620_TIMEBURST8_2396_rgb_shift_iter3.jpg,JPG,1381x1381,24,Xiaomi,2312DRAABI,72,f/0.0,52,Daylight,16,29-05-2025 09:42
Black Round Fresh,black_round_fresh_IMG_20250412_115620_TIMEBURST8_2396_rotate_iter4.jpg,JPG,1381x1381,24,Xiaomi,2312DRAABI,72,f/0.0,50,Daylight,16,29-05-2025 09:42
Black Round Fresh,black_round_fresh_IMG_20250412_115620_TIMEBURST11_2860_rgb_shift_iter3.jpg,JPG,1697x1697,24,Xiaomi,2312DRAABI,72,f/0.0,52,Daylight,16,29-05-2025 09:42
Black Round Fresh,black_round_fresh_IMG_20250412_115620_TIMEBURST8_2396_brightness_contrast_iter4.jpg,JPG,1381x1381,24,Xiaomi,2312DRAABI,72,f/0.0,53,Daylight,16,29-05-2025 09:42
Black Round Fresh,black_round_fresh_IMG_20250412_115620_TIMEBURST11_2860_rotate_iter4.jpg,JPG,1697x1697,24,Xiaomi,2312DRAABI,72,f/0.0,51,Daylight,16,29-05-2025 09:42
Black Round Fresh,black_round_fresh_IMG_20250412_115620_TIMEBURST8_2396_horizontal_flip_iter4.jpg,JPG,1381x1381,24,Xiaomi,2312DRAABI,72,f/0.0,51,Daylight,16,29-05-2025 09:42
Black Round Fresh,black_round_fresh_IMG_20250412_115620_TIMEBURST11_2860_horizontal_flip_iter4.jpg,JPG,1697x1697,24,Xiaomi,2312DRAABI,72,f/0.0,51,Daylight,16,29-05-2025 09:42
Black Round Fresh,black_round_fresh_IMG_20250412_115620_TIMEBURST8_2396_gamma_iter4.jpg,JPG,1381x1381,24,Xiaomi,2312DRAABI,72,f/0.0,51,Daylight,16,29-05-2025 09:42
Black Round Fresh,black_round_fresh_IMG_20250412_115620_TIMEBURST11_2860_brightness_contrast_iter4.jpg,JPG,1697x1697,24,Xiaomi,2312DRAABI,72,f/0.0,51,Daylight,16,29-05-2025 09:42
Black Round Fresh,black_round_fresh_IMG_20250412_115620_TIMEBURST8_2396_rgb_shift_iter4.jpg,JPG,1381x1381,24,Xiaomi,2312DRAABI,72,f/0.0,50,Daylight,16,29-05-2025 09:42
Black Round Fresh,black_round_fresh_IMG_20250412_115620_TIMEBURST11_2860_gamma_iter4.jpg,JPG,1697x1697,24,Xiaomi,2312DRAABI,72,f/0.0,53,Daylight,16,29-05-2025 09:42
Black Round Fresh,black_round_fresh_IMG_20250412_115620_TIMEBURST8_2396_horizontal_flip_iter5.jpg,JPG,1381x1381,24,Xiaomi,2312DRAABI,72,f/0.0,52,Daylight,16,29-05-2025 09:42
Black Round Fresh,black_round_fresh_IMG_20250412_115620_TIMEBURST8_2396_brightness_contrast_iter5.jpg,JPG,1381x1381,24,Xiaomi,2312DRAABI,72,f/0.0,53,Daylight,16,29-05-2025 09:42
Black Round Fresh,black_round_fresh_IMG_20250412_115620_TIMEBURST8_2396_rotate_iter5.jpg,JPG,1381x1381,24,Xiaomi,2312DRAABI,72,f/0.0,52,Daylight,16,29-05-2025 09:42
Black Round Fresh,black_round_fresh_IMG_20250412_115620_TIMEBURST11_2860_rotate_iter5.jpg,JPG,1697x1697,24,Xiaomi,2312DRAABI,72,f/0.0,51,Daylight,16,29-05-2025 09:42
Black Round Fresh,black_round_fresh_IMG_20250412_115620_TIMEBURST8_2396_gamma_iter5.jpg,JPG,1381x1381,24,Xiaomi,2312DRAABI,72,f/0.0,53,Daylight,16,29-05-2025 09:42
Black Round Fresh,black_round_fresh_IMG_20250412_115620_TIMEBURST11_2860_rgb_shift_iter4.jpg,JPG,1697x1697,24,Xiaomi,2312DRAABI,72,f/0.0,51,Daylight,16,29-05-2025 09:42
Black Round Fresh,black_round_fresh_IMG_20250412_115620_TIMEBURST8_2396_rgb_shift_iter5.jpg,JPG,1381x1381,24,Xiaomi,2312DRAABI,72,f/0.0,51,Daylight,16,29-05-2025 09:42
Black Round Fresh,black_round_fresh_IMG_20250412_115620_TIMEBURST11_2860_horizontal_flip_iter5.jpg,JPG,1697x1697,24,Xiaomi,2312DRAABI,72,f/0.0,52,Daylight,16,29-05-2025 09:42
Black Round Fresh,black_round_fresh_IMG_20250412_115620_TIMEBURST11_2860_gamma_iter5.jpg,JPG,1697x1697,24,Xiaomi,2312DRAABI,72,f/0.0,51,Daylight,16,29-05-2025 09:42
Black Round Fresh,black_round_fresh_IMG_20250412_115620_TIMEBURST11_2860_rgb_shift_iter5.jpg,JPG,1697x1697,24,Xiaomi,2312DRAABI,72,f/0.0,51,Daylight,16,29-05-2025 09:42
Black Round Fresh,black_round_fresh_IMG_20250412_115620_TIMEBURST11_2860_brightness_contrast_iter5.jpg,JPG,1697x1697,24,Xiaomi,2312DRAABI,72,f/0.0,51,Daylight,16,29-05-2025 09:42
Black Round Fresh,black_round_fresh_IMG_20250412_115620_TIMEBURST13_2949_rotate_iter1.jpg,JPG,1535x1535,24,Xiaomi,2312DRAABI,72,f/0.0,51,Daylight,16,29-05-2025 09:42
Black Round Fresh,black_round_fresh_IMG_20250412_115620_TIMEBURST13_2949_horizontal_flip_iter1.jpg,JPG,1535x1535,24,Xiaomi,2312DRAABI,72,f/0.0,50,Daylight,16,29-05-2025 09:42
Black Round Fresh,black_round_fresh_IMG_20250412_115620_TIMEBURST13_2949_brightness_contrast_iter1.jpg,JPG,1535x1535,24,Xiaomi,2312DRAABI,72,f/0.0,52,Daylight,16,29-05-2025 09:42
Black Round Fresh,black_round_fresh_IMG_20250412_115620_TIMEBURST12_2757_rotate_iter1.jpg,JPG,1599x1599,24,Xiaomi,2312DRAABI,72,f/0.0,54,Daylight,16,29-05-2025 09:42
Black Round Fresh,black_round_fresh_IMG_20250412_115620_TIMEBURST13_2949_gamma_iter1.jpg,JPG,1535x1535,24,Xiaomi,2312DRAABI,72,f/0.0,52,Daylight,16,29-05-2025 09:42
Black Round Fresh,black_round_fresh_IMG_20250412_115620_TIMEBURST12_2757_horizontal_flip_iter1.jpg,JPG,1599x1599,24,Xiaomi,2312DRAABI,72,f/0.0,52,Daylight,16,29-05-2025 09:42
Black Round Fresh,black_round_fresh_IMG_20250412_115620_TIMEBURST12_2757_brightness_contrast_iter1.jpg,JPG,1599x1599,24,Xiaomi,2312DRAABI,72,f/0.0,52,Daylight,16,29-05-2025 09:42
Black Round Fresh,black_round_fresh_IMG_20250412_115620_TIMEBURST13_2949_rgb_shift_iter1.jpg,JPG,1535x1535,24,Xiaomi,2312DRAABI,72,f/0.0,50,Daylight,16,29-05-2025 09:42
Black Round Fresh,black_round_fresh_IMG_20250412_115620_TIMEBURST13_2949_rotate_iter2.jpg,JPG,1535x1535,24,Xiaomi,2312DRAABI,72,f/0.0,51,Daylight,16,29-05-2025 09:42
Black Round Fresh,black_round_fresh_IMG_20250412_115620_TIMEBURST12_2757_gamma_iter1.jpg,JPG,1599x1599,24,Xiaomi,2312DRAABI,72,f/0.0,53,Daylight,16,29-05-2025 09:42
Black Round Fresh,black_round_fresh_IMG_20250412_115620_TIMEBURST13_2949_horizontal_flip_iter2.jpg,JPG,1535x1535,24,Xiaomi,2312DRAABI,72,f/0.0,53,Daylight,16,29-05-2025 09:42
Black Round Fresh,black_round_fresh_IMG_20250412_115620_TIMEBURST15_3133_rotate_iter1.jpg,JPG,1451x1451,24,Xiaomi,2312DRAABI,72,f/0.0,52,Daylight,16,29-05-2025 09:42
Black Round Fresh,black_round_fresh_IMG_20250412_115620_TIMEBURST13_2949_brightness_contrast_iter2.jpg,JPG,1535x1535,24,Xiaomi,2312DRAABI,72,f/0.0,52,Daylight,16,29-05-2025 09:42
Black Round Fresh,black_round_fresh_IMG_20250412_115620_TIMEBURST15_3133_horizontal_flip_iter1.jpg,JPG,1451x1451,24,Xiaomi,2312DRAABI,72,f/0.0,51,Daylight,16,29-05-2025 09:42
Black Round Fresh,black_round_fresh_IMG_20250412_115620_TIMEBURST12_2757_rgb_shift_iter1.jpg,JPG,1599x1599,24,Xiaomi,2312DRAABI,72,f/0.0,54,Daylight,16,29-05-2025 09:42
Black Round Fresh,black_round_fresh_IMG_20250412_115620_TIMEBURST13_2949_gamma_iter2.jpg,JPG,1535x1535,24,Xiaomi,2312DRAABI,72,f/0.0,53,Daylight,16,29-05-2025 09:42
Black Round Fresh,black_round_fresh_IMG_20250412_115620_TIMEBURST14_2975_rotate_iter1.jpg,JPG,1527x1527,24,Xiaomi,2312DRAABI,72,f/0.0,50,Daylight,16,29-05-2025 09:42
Black Round Fresh,black_round_fresh_IMG_20250412_115620_TIMEBURST12_2757_rotate_iter2.jpg,JPG,1599x1599,24,Xiaomi,2312DRAABI,72,f/0.0,52,Daylight,16,29-05-2025 09:42
Black Round Fresh,black_round_fresh_IMG_20250412_115620_TIMEBURST15_3133_brightness_contrast_iter1.jpg,JPG,1451x1451,24,Xiaomi,2312DRAABI,72,f/0.0,51,Daylight,16,29-05-2025 09:42
Black Round Fresh,black_round_fresh_IMG_20250412_115620_TIMEBURST13_2949_rgb_shift_iter2.jpg,JPG,1535x1535,24,Xiaomi,2312DRAABI,72,f/0.0,50,Daylight,16,29-05-2025 09:42
Black Round Fresh,black_round_fresh_IMG_20250412_115620_TIMEBURST14_2975_horizontal_flip_iter1.jpg,JPG,1527x1527,24,Xiaomi,2312DRAABI,72,f/0.0,51,Daylight,16,29-05-2025 09:42
Black Round Fresh,black_round_fresh_IMG_20250412_115620_TIMEBURST15_3133_gamma_iter1.jpg,JPG,1451x1451,24,Xiaomi,2312DRAABI,72,f/0.0,53,Daylight,16,29-05-2025 09:42
Black Round Fresh,black_round_fresh_IMG_20250412_115620_TIMEBURST12_2757_horizontal_flip_iter2.jpg,JPG,1599x1599,24,Xiaomi,2312DRAABI,72,f/0.0,53,Daylight,16,29-05-2025 09:42
Black Round Fresh,black_round_fresh_IMG_20250412_115620_TIMEBURST14_2975_brightness_contrast_iter1.jpg,JPG,1527x1527,24,Xiaomi,2312DRAABI,72,f/0.0,53,Daylight,16,29-05-2025 09:42
Black Round Fresh,black_round_fresh_IMG_20250412_115620_TIMEBURST14_2975_gamma_iter1.jpg,JPG,1527x1527,24,Xiaomi,2312DRAABI,72,f/0.0,53,Daylight,16,29-05-2025 09:42
Black Round Fresh,black_round_fresh_IMG_20250412_115620_TIMEBURST15_3133_rgb_shift_iter1.jpg,JPG,1451x1451,24,Xiaomi,2312DRAABI,72,f/0.0,53,Daylight,16,29-05-2025 09:42
Black Round Fresh,black_round_fresh_IMG_20250412_115620_TIMEBURST12_2757_brightness_contrast_iter2.jpg,JPG,1599x1599,24,Xiaomi,2312DRAABI,72,f/0.0,51,Daylight,16,29-05-2025 09:42
Black Round Fresh,black_round_fresh_IMG_20250412_115620_TIMEBURST13_2949_rotate_iter3.jpg,JPG,1535x1535,24,Xiaomi,2312DRAABI,72,f/0.0,53,Daylight,16,29-05-2025 09:42
Black Round Fresh,black_round_fresh_IMG_20250412_115620_TIMEBURST13_2949_horizontal_flip_iter3.jpg,JPG,1535x1535,24,Xiaomi,2312DRAABI,72,f/0.0,51,Daylight,16,29-05-2025 09:42
Black Round Fresh,black_round_fresh_IMG_20250412_115620_TIMEBURST13_2949_brightness_contrast_iter3.jpg,JPG,1535x1535,24,Xiaomi,2312DRAABI,72,f/0.0,51,Daylight,16,29-05-2025 09:42
Black Round Fresh,black_round_fresh_IMG_20250412_115620_TIMEBURST12_2757_gamma_iter2.jpg,JPG,1599x1599,24,Xiaomi,2312DRAABI,72,f/0.0,53,Daylight,16,29-05-2025 09:42
Black Round Fresh,black_round_fresh_IMG_20250412_115620_TIMEBURST15_3133_rotate_iter2.jpg,JPG,1451x1451,24,Xiaomi,2312DRAABI,72,f/0.0,52,Daylight,16,29-05-2025 09:42
Black Round Fresh,black_round_fresh_IMG_20250412_115620_TIMEBURST15_3133_horizontal_flip_iter2.jpg,JPG,1451x1451,24,Xiaomi,2312DRAABI,72,f/0.0,53,Daylight,16,29-05-2025 09:42
Black Round Fresh,black_round_fresh_IMG_20250412_115620_TIMEBURST12_2757_rgb_shift_iter2.jpg,JPG,1599x1599,24,Xiaomi,2312DRAABI,72,f/0.0,53,Daylight,16,29-05-2025 09:42
Black Round Fresh,black_round_fresh_IMG_20250412_115620_TIMEBURST14_2975_rgb_shift_iter1.jpg,JPG,1527x1527,24,Xiaomi,2312DRAABI,72,f/0.0,53,Daylight,16,29-05-2025 09:42
Black Round Fresh,black_round_fresh_IMG_20250412_115620_TIMEBURST13_2949_gamma_iter3.jpg,JPG,1535x1535,24,Xiaomi,2312DRAABI,72,f/0.0,51,Daylight,16,29-05-2025 09:42
Black Round Fresh,black_round_fresh_IMG_20250412_115620_TIMEBURST15_3133_brightness_contrast_iter2.jpg,JPG,1451x1451,24,Xiaomi,2312DRAABI,72,f/0.0,51,Daylight,16,29-05-2025 09:42
Black Round Fresh,black_round_fresh_IMG_20250412_115620_TIMEBURST14_2975_rotate_iter2.jpg,JPG,1527x1527,24,Xiaomi,2312DRAABI,72,f/0.0,50,Daylight,16,29-05-2025 09:42
Black Round Fresh,black_round_fresh_IMG_20250412_115620_TIMEBURST13_2949_rgb_shift_iter3.jpg,JPG,1535x1535,24,Xiaomi,2312DRAABI,72,f/0.0,52,Daylight,16,29-05-2025 09:42
Black Round Fresh,black_round_fresh_IMG_20250412_115620_TIMEBURST15_3133_gamma_iter2.jpg,JPG,1451x1451,24,Xiaomi,2312DRAABI,72,f/0.0,52,Daylight,16,29-05-2025 09:42
Black Round Fresh,black_round_fresh_IMG_20250412_115620_TIMEBURST14_2975_horizontal_flip_iter2.jpg,JPG,1527x1527,24,Xiaomi,2312DRAABI,72,f/0.0,52,Daylight,16,29-05-2025 09:42
Black Round Fresh,black_round_fresh_IMG_20250412_115620_TIMEBURST12_2757_rotate_iter3.jpg,JPG,1599x1599,24,Xiaomi,2312DRAABI,72,f/0.0,52,Daylight,16,29-05-2025 09:42
Black Round Fresh,black_round_fresh_IMG_20250412_115620_TIMEBURST14_2975_brightness_contrast_iter2.jpg,JPG,1527x1527,24,Xiaomi,2312DRAABI,72,f/0.0,51,Daylight,16,29-05-2025 09:42
Black Round Fresh,black_round_fresh_IMG_20250412_115620_TIMEBURST15_3133_rgb_shift_iter2.jpg,JPG,1451x1451,24,Xiaomi,2312DRAABI,72,f/0.0,53,Daylight,16,29-05-2025 09:42
Black Round Fresh,black_round_fresh_IMG_20250412_115620_TIMEBURST13_2949_rotate_iter4.jpg,JPG,1535x1535,24,Xiaomi,2312DRAABI,72,f/0.0,53,Daylight,16,29-05-2025 09:42
Black Round Fresh,black_round_fresh_IMG_20250412_115620_TIMEBURST14_2975_gamma_iter2.jpg,JPG,1527x1527,24,Xiaomi,2312DRAABI,72,f/0.0,51,Daylight,16,29-05-2025 09:42
Black Round Fresh,black_round_fresh_IMG_20250412_115620_TIMEBURST12_2757_horizontal_flip_iter3.jpg,JPG,1599x1599,24,Xiaomi,2312DRAABI,72,f/0.0,53,Daylight,16,29-05-2025 09:42
Black Round Fresh,black_round_fresh_IMG_20250412_115620_TIMEBURST15_3133_rotate_iter3.jpg,JPG,1451x1451,24,Xiaomi,2312DRAABI,72,f/0.0,54,Daylight,16,29-05-2025 09:42
Black Round Fresh,black_round_fresh_IMG_20250412_115620_TIMEBURST13_2949_horizontal_flip_iter4.jpg,JPG,1535x1535,24,Xiaomi,2312DRAABI,72,f/0.0,53,Daylight,16,29-05-2025 09:42
Black Round Fresh,black_round_fresh_IMG_20250412_115620_TIMEBURST12_2757_brightness_contrast_iter3.jpg,JPG,1599x1599,24,Xiaomi,2312DRAABI,72,f/0.0,51,Daylight,16,29-05-2025 09:42
Black Round Fresh,black_round_fresh_IMG_20250412_115620_TIMEBURST15_3133_horizontal_flip_iter3.jpg,JPG,1451x1451,24,Xiaomi,2312DRAABI,72,f/0.0,53,Daylight,16,29-05-2025 09:42
Black Round Fresh,black_round_fresh_IMG_20250412_115620_TIMEBURST14_2975_rgb_shift_iter2.jpg,JPG,1527x1527,24,Xiaomi,2312DRAABI,72,f/0.0,52,Daylight,16,29-05-2025 09:42
Black Round Fresh,black_round_fresh_IMG_20250412_115620_TIMEBURST13_2949_brightness_contrast_iter4.jpg,JPG,1535x1535,24,Xiaomi,2312DRAABI,72,f/0.0,50,Daylight,16,29-05-2025 09:42
Black Round Fresh,black_round_fresh_IMG_20250412_115620_TIMEBURST12_2757_gamma_iter3.jpg,JPG,1599x1599,24,Xiaomi,2312DRAABI,72,f/0.0,52,Daylight,16,29-05-2025 09:42
Black Round Fresh,black_round_fresh_IMG_20250412_115620_TIMEBURST13_2949_gamma_iter4.jpg,JPG,1535x1535,24,Xiaomi,2312DRAABI,72,f/0.0,52,Daylight,16,29-05-2025 09:42
Black Round Fresh,black_round_fresh_IMG_20250412_115620_TIMEBURST15_3133_brightness_contrast_iter3.jpg,JPG,1451x1451,24,Xiaomi,2312DRAABI,72,f/0.0,51,Daylight,16,29-05-2025 09:42
Black Round Fresh,black_round_fresh_IMG_20250412_115620_TIMEBURST14_2975_rotate_iter3.jpg,JPG,1527x1527,24,Xiaomi,2312DRAABI,72,f/0.0,51,Daylight,16,29-05-2025 09:42
Black Round Fresh,black_round_fresh_IMG_20250412_115620_TIMEBURST15_3133_gamma_iter3.jpg,JPG,1451x1451,24,Xiaomi,2312DRAABI,72,f/0.0,51,Daylight,16,29-05-2025 09:42
Black Round Fresh,black_round_fresh_IMG_20250412_115620_TIMEBURST12_2757_rgb_shift_iter3.jpg,JPG,1599x1599,24,Xiaomi,2312DRAABI,72,f/0.0,53,Daylight,16,29-05-2025 09:42
Black Round Fresh,black_round_fresh_IMG_20250412_115620_TIMEBURST14_2975_horizontal_flip_iter3.jpg,JPG,1527x1527,24,Xiaomi,2312DRAABI,72,f/0.0,51,Daylight,16,29-05-2025 09:42
Black Round Fresh,black_round_fresh_IMG_20250412_115620_TIMEBURST13_2949_rgb_shift_iter4.jpg,JPG,1535x1535,24,Xiaomi,2312DRAABI,72,f/0.0,50,Daylight,16,29-05-2025 09:42
Black Round Fresh,black_round_fresh_IMG_20250412_115620_TIMEBURST15_3133_rgb_shift_iter3.jpg,JPG,1451x1451,24,Xiaomi,2312DRAABI,72,f/0.0,51,Daylight,16,29-05-2025 09:42
Black Round Fresh,black_round_fresh_IMG_20250412_115620_TIMEBURST12_2757_rotate_iter4.jpg,JPG,1599x1599,24,Xiaomi,2312DRAABI,72,f/0.0,51,Daylight,16,29-05-2025 09:42
Black Round Fresh,black_round_fresh_IMG_20250412_115620_TIMEBURST14_2975_brightness_contrast_iter3.jpg,JPG,1527x1527,24,Xiaomi,2312DRAABI,72,f/0.0,52,Daylight,16,29-05-2025 09:42
Black Round Fresh,black_round_fresh_IMG_20250412_115620_TIMEBURST12_2757_horizontal_flip_iter4.jpg,JPG,1599x1599,24,Xiaomi,2312DRAABI,72,f/0.0,51,Daylight,16,29-05-2025 09:42
Black Round Fresh,black_round_fresh_IMG_20250412_115620_TIMEBURST14_2975_gamma_iter3.jpg,JPG,1527x1527,24,Xiaomi,2312DRAABI,72,f/0.0,52,Daylight,16,29-05-2025 09:42
Black Round Fresh,black_round_fresh_IMG_20250412_115620_TIMEBURST15_3133_rotate_iter4.jpg,JPG,1451x1451,24,Xiaomi,2312DRAABI,72,f/0.0,50,Daylight,16,29-05-2025 09:42
Black Round Fresh,black_round_fresh_IMG_20250412_115620_TIMEBURST12_2757_brightness_contrast_iter4.jpg,JPG,1599x1599,24,Xiaomi,2312DRAABI,72,f/0.0,53,Daylight,16,29-05-2025 09:42
Black Round Fresh,black_round_fresh_IMG_20250412_115620_TIMEBURST15_3133_horizontal_flip_iter4.jpg,JPG,1451x1451,24,Xiaomi,2312DRAABI,72,f/0.0,52,Daylight,16,29-05-2025 09:42
Black Round Fresh,black_round_fresh_IMG_20250412_115620_TIMEBURST13_2949_rotate_iter5.jpg,JPG,1535x1535,24,Xiaomi,2312DRAABI,72,f/0.0,52,Daylight,16,29-05-2025 09:42
Black Round Fresh,black_round_fresh_IMG_20250412_115620_TIMEBURST14_2975_rgb_shift_iter3.jpg,JPG,1527x1527,24,Xiaomi,2312DRAABI,72,f/0.0,54,Daylight,16,29-05-2025 09:42
Black Round Fresh,black_round_fresh_IMG_20250412_115620_TIMEBURST15_3133_brightness_contrast_iter4.jpg,JPG,1451x1451,24,Xiaomi,2312DRAABI,72,f/0.0,50,Daylight,16,29-05-2025 09:42
Black Round Fresh,black_round_fresh_IMG_20250412_115620_TIMEBURST12_2757_gamma_iter4.jpg,JPG,1599x1599,24,Xiaomi,2312DRAABI,72,f/0.0,54,Daylight,16,29-05-2025 09:42
Black Round Fresh,black_round_fresh_IMG_20250412_115620_TIMEBURST13_2949_horizontal_flip_iter5.jpg,JPG,1535x1535,24,Xiaomi,2312DRAABI,72,f/0.0,54,Daylight,16,29-05-2025 09:42
Black Round Fresh,black_round_fresh_IMG_20250412_115620_TIMEBURST14_2975_rotate_iter4.jpg,JPG,1527x1527,24,Xiaomi,2312DRAABI,72,f/0.0,54,Daylight,16,29-05-2025 09:42
Black Round Fresh,black_round_fresh_IMG_20250412_115620_TIMEBURST15_3133_gamma_iter4.jpg,JPG,1451x1451,24,Xiaomi,2312DRAABI,72,f/0.0,52,Daylight,16,29-05-2025 09:42
Black Round Fresh,black_round_fresh_IMG_20250412_115620_TIMEBURST12_2757_rgb_shift_iter4.jpg,JPG,1599x1599,24,Xiaomi,2312DRAABI,72,f/0.0,53,Daylight,16,29-05-2025 09:42
Black Round Fresh,black_round_fresh_IMG_20250412_115620_TIMEBURST13_2949_brightness_contrast_iter5.jpg,JPG,1535x1535,24,Xiaomi,2312DRAABI,72,f/0.0,53,Daylight,16,29-05-2025 09:42
Black Round Fresh,black_round_fresh_IMG_20250412_115620_TIMEBURST14_2975_horizontal_flip_iter4.jpg,JPG,1527x1527,24,Xiaomi,2312DRAABI,72,f/0.0,51,Daylight,16,29-05-2025 09:42
Black Round Fresh,black_round_fresh_IMG_20250412_115620_TIMEBURST13_2949_gamma_iter5.jpg,JPG,1535x1535,24,Xiaomi,2312DRAABI,72,f/0.0,52,Daylight,16,29-05-2025 09:42
Black Round Fresh,black_round_fresh_IMG_20250412_115620_TIMEBURST14_2975_brightness_contrast_iter4.jpg,JPG,1527x1527,24,Xiaomi,2312DRAABI,72,f/0.0,50,Daylight,16,29-05-2025 09:42
Black Round Fresh,black_round_fresh_IMG_20250412_115620_TIMEBURST12_2757_rotate_iter5.jpg,JPG,1599x1599,24,Xiaomi,2312DRAABI,72,f/0.0,50,Daylight,16,29-05-2025 09:42
Black Round Fresh,black_round_fresh_IMG_20250412_115620_TIMEBURST15_3133_rgb_shift_iter4.jpg,JPG,1451x1451,24,Xiaomi,2312DRAABI,72,f/0.0,53,Daylight,16,29-05-2025 09:42
Black Round Fresh,black_round_fresh_IMG_20250412_115620_TIMEBURST14_2975_gamma_iter4.jpg,JPG,1527x1527,24,Xiaomi,2312DRAABI,72,f/0.0,52,Daylight,16,29-05-2025 09:42
Black Round Fresh,black_round_fresh_IMG_20250412_115620_TIMEBURST12_2757_horizontal_flip_iter5.jpg,JPG,1599x1599,24,Xiaomi,2312DRAABI,72,f/0.0,54,Daylight,16,29-05-2025 09:42
Black Round Fresh,black_round_fresh_IMG_20250412_115620_TIMEBURST13_2949_rgb_shift_iter5.jpg,JPG,1535x1535,24,Xiaomi,2312DRAABI,72,f/0.0,51,Daylight,16,29-05-2025 09:42
Black Round Fresh,black_round_fresh_IMG_20250412_115620_TIMEBURST15_3133_rotate_iter5.jpg,JPG,1451x1451,24,Xiaomi,2312DRAABI,72,f/0.0,53,Daylight,16,29-05-2025 09:42
Black Round Fresh,black_round_fresh_IMG_20250412_115620_TIMEBURST15_3133_horizontal_flip_iter5.jpg,JPG,1451x1451,24,Xiaomi,2312DRAABI,72,f/0.0,52,Daylight,16,29-05-2025 09:42
Black Round Fresh,black_round_fresh_IMG_20250412_115620_TIMEBURST12_2757_brightness_contrast_iter5.jpg,JPG,1599x1599,24,Xiaomi,2312DRAABI,72,f/0.0,54,Daylight,16,29-05-2025 09:42
Black Round Fresh,black_round_fresh_IMG_20250412_115620_TIMEBURST14_2975_rgb_shift_iter4.jpg,JPG,1527x1527,24,Xiaomi,2312DRAABI,72,f/0.0,51,Daylight,16,29-05-2025 09:42
Black Round Fresh,black_round_fresh_IMG_20250412_115620_TIMEBURST15_3133_brightness_contrast_iter5.jpg,JPG,1451x1451,24,Xiaomi,2312DRAABI,72,f/0.0,51,Daylight,16,29-05-2025 09:42
Black Round Fresh,black_round_fresh_IMG_20250412_115620_TIMEBURST12_2757_gamma_iter5.jpg,JPG,1599x1599,24,Xiaomi,2312DRAABI,72,f/0.0,52,Daylight,16,29-05-2025 09:42
Black Round Fresh,black_round_fresh_IMG_20250412_115620_TIMEBURST14_2975_rotate_iter5.jpg,JPG,1527x1527,24,Xiaomi,2312DRAABI,72,f/0.0,52,Daylight,16,29-05-2025 09:42
Black Round Fresh,black_round_fresh_IMG_20250412_115620_TIMEBURST15_3133_gamma_iter5.jpg,JPG,1451x1451,24,Xiaomi,2312DRAABI,72,f/0.0,52,Daylight,16,29-05-2025 09:42
Black Round Fresh,black_round_fresh_IMG_20250412_115620_TIMEBURST14_2975_horizontal_flip_iter5.jpg,JPG,1527x1527,24,Xiaomi,2312DRAABI,72,f/0.0,52,Daylight,16,29-05-2025 09:42
Black Round Fresh,black_round_fresh_IMG_20250412_115620_TIMEBURST12_2757_rgb_shift_iter5.jpg,JPG,1599x1599,24,Xiaomi,2312DRAABI,72,f/0.0,50,Daylight,16,29-05-2025 09:42
Black Round Fresh,black_round_fresh_IMG_20250412_115620_TIMEBURST15_3133_rgb_shift_iter5.jpg,JPG,1451x1451,24,Xiaomi,2312DRAABI,72,f/0.0,52,Daylight,16,29-05-2025 09:42
Black Round Fresh,black_round_fresh_IMG_20250412_115620_TIMEBURST14_2975_brightness_contrast_iter5.jpg,JPG,1527x1527,24,Xiaomi,2312DRAABI,72,f/0.0,53,Daylight,16,29-05-2025 09:42
Black Round Fresh,black_round_fresh_IMG_20250412_115620_TIMEBURST17_2786_rotate_iter1.jpg,JPG,1381x1381,24,Xiaomi,2312DRAABI,72,f/0.0,51,Daylight,16,29-05-2025 09:42
Black Round Fresh,black_round_fresh_IMG_20250412_115620_TIMEBURST17_2786_horizontal_flip_iter1.jpg,JPG,1381x1381,24,Xiaomi,2312DRAABI,72,f/0.0,51,Daylight,16,29-05-2025 09:42
Black Round Fresh,black_round_fresh_IMG_20250412_115620_TIMEBURST17_2786_brightness_contrast_iter1.jpg,JPG,1381x1381,24,Xiaomi,2312DRAABI,72,f/0.0,51,Daylight,16,29-05-2025 09:42
Black Round Fresh,black_round_fresh_IMG_20250412_115620_TIMEBURST14_2975_rgb_shift_iter5.jpg,JPG,1527x1527,24,Xiaomi,2312DRAABI,72,f/0.0,51,Daylight,16,29-05-2025 09:42
Black Round Fresh,black_round_fresh_IMG_20250412_115620_TIMEBURST17_2786_gamma_iter1.jpg,JPG,1381x1381,24,Xiaomi,2312DRAABI,72,f/0.0,51,Daylight,16,29-05-2025 09:42
Black Round Fresh,black_round_fresh_IMG_20250412_115620_TIMEBURST14_2975_gamma_iter5.jpg,JPG,1527x1527,24,Xiaomi,2312DRAABI,72,f/0.0,50,Daylight,16,29-05-2025 09:42
Black Round Fresh,black_round_fresh_IMG_20250412_115620_TIMEBURST17_2786_rgb_shift_iter1.jpg,JPG,1381x1381,24,Xiaomi,2312DRAABI,72,f/0.0,53,Daylight,16,29-05-2025 09:42
Black Round Fresh,black_round_fresh_IMG_20250412_115620_TIMEBURST16_2377_rotate_iter1.jpg,JPG,1242x1242,24,Xiaomi,2312DRAABI,72,f/0.0,52,Daylight,16,29-05-2025 09:42
Black Round Fresh,black_round_fresh_IMG_20250412_115620_TIMEBURST17_2786_rotate_iter2.jpg,JPG,1381x1381,24,Xiaomi,2312DRAABI,72,f/0.0,53,Daylight,16,29-05-2025 09:42
Black Round Fresh,black_round_fresh_IMG_20250412_115620_TIMEBURST16_2377_horizontal_flip_iter1.jpg,JPG,1242x1242,24,Xiaomi,2312DRAABI,72,f/0.0,52,Daylight,16,29-05-2025 09:42
Black Round Fresh,black_round_fresh_IMG_20250412_115620_TIMEBURST17_2786_horizontal_flip_iter2.jpg,JPG,1381x1381,24,Xiaomi,2312DRAABI,72,f/0.0,51,Daylight,16,29-05-2025 09:42
Black Round Fresh,black_round_fresh_IMG_20250412_115620_TIMEBURST16_2377_brightness_contrast_iter1.jpg,JPG,1242x1242,24,Xiaomi,2312DRAABI,72,f/0.0,53,Daylight,16,29-05-2025 09:42
Black Round Fresh,black_round_fresh_IMG_20250412_115620_TIMEBURST17_2786_brightness_contrast_iter2.jpg,JPG,1381x1381,24,Xiaomi,2312DRAABI,72,f/0.0,51,Daylight,16,29-05-2025 09:42
Black Round Fresh,black_round_fresh_IMG_20250412_115620_TIMEBURST16_2377_gamma_iter1.jpg,JPG,1242x1242,24,Xiaomi,2312DRAABI,72,f/0.0,51,Daylight,16,29-05-2025 09:42
Black Round Fresh,black_round_fresh_IMG_20250412_115620_TIMEBURST17_2786_gamma_iter2.jpg,JPG,1381x1381,24,Xiaomi,2312DRAABI,72,f/0.0,52,Daylight,16,29-05-2025 09:42
Black Round Fresh,black_round_fresh_IMG_20250412_115620_TIMEBURST16_2377_rgb_shift_iter1.jpg,JPG,1242x1242,24,Xiaomi,2312DRAABI,72,f/0.0,51,Daylight,16,29-05-2025 09:42
Black Round Fresh,black_round_fresh_IMG_20250412_115620_TIMEBURST19_2809_rotate_iter1.jpg,JPG,1243x1243,24,Xiaomi,2312DRAABI,72,f/0.0,51,Daylight,16,29-05-2025 09:42
Black Round Fresh,black_round_fresh_IMG_20250412_115620_TIMEBURST19_2809_horizontal_flip_iter1.jpg,JPG,1243x1243,24,Xiaomi,2312DRAABI,72,f/0.0,51,Daylight,16,29-05-2025 09:42
Black Round Fresh,black_round_fresh_IMG_20250412_115620_TIMEBURST16_2377_rotate_iter2.jpg,JPG,1242x1242,24,Xiaomi,2312DRAABI,72,f/0.0,51,Daylight,16,29-05-2025 09:42
Black Round Fresh,black_round_fresh_IMG_20250412_115620_TIMEBURST17_2786_rgb_shift_iter2.jpg,JPG,1381x1381,24,Xiaomi,2312DRAABI,72,f/0.0,50,Daylight,16,29-05-2025 09:42
Black Round Fresh,black_round_fresh_IMG_20250412_115620_TIMEBURST19_2809_brightness_contrast_iter1.jpg,JPG,1243x1243,24,Xiaomi,2312DRAABI,72,f/0.0,52,Daylight,16,29-05-2025 09:42
Black Round Fresh,black_round_fresh_IMG_20250412_115620_TIMEBURST16_2377_horizontal_flip_iter2.jpg,JPG,1242x1242,24,Xiaomi,2312DRAABI,72,f/0.0,54,Daylight,16,29-05-2025 09:42
Black Round Fresh,black_round_fresh_IMG_20250412_115620_TIMEBURST17_2786_rotate_iter3.jpg,JPG,1381x1381,24,Xiaomi,2312DRAABI,72,f/0.0,52,Daylight,16,29-05-2025 09:42
Black Round Fresh,black_round_fresh_IMG_20250412_115620_TIMEBURST19_2809_gamma_iter1.jpg,JPG,1243x1243,24,Xiaomi,2312DRAABI,72,f/0.0,52,Daylight,16,29-05-2025 09:42
Black Round Fresh,black_round_fresh_IMG_20250412_115620_TIMEBURST16_2377_brightness_contrast_iter2.jpg,JPG,1242x1242,24,Xiaomi,2312DRAABI,72,f/0.0,52,Daylight,16,29-05-2025 09:42
Black Round Fresh,black_round_fresh_IMG_20250412_115620_TIMEBURST17_2786_horizontal_flip_iter3.jpg,JPG,1381x1381,24,Xiaomi,2312DRAABI,72,f/0.0,50,Daylight,16,29-05-2025 09:42
Black Round Fresh,black_round_fresh_IMG_20250412_115620_TIMEBURST16_2377_gamma_iter2.jpg,JPG,1242x1242,24,Xiaomi,2312DRAABI,72,f/0.0,51,Daylight,16,29-05-2025 09:42
Black Round Fresh,black_round_fresh_IMG_20250412_115620_TIMEBURST19_2809_rgb_shift_iter1.jpg,JPG,1243x1243,24,Xiaomi,2312DRAABI,72,f/0.0,53,Daylight,16,29-05-2025 09:42
Black Round Fresh,black_round_fresh_IMG_20250412_115620_TIMEBURST17_2786_brightness_contrast_iter3.jpg,JPG,1381x1381,24,Xiaomi,2312DRAABI,72,f/0.0,53,Daylight,16,29-05-2025 09:42
Black Round Fresh,black_round_fresh_IMG_20250412_115620_TIMEBURST19_2809_rotate_iter2.jpg,JPG,1243x1243,24,Xiaomi,2312DRAABI,72,f/0.0,52,Daylight,16,29-05-2025 09:42
Black Round Fresh,black_round_fresh_IMG_20250412_115620_TIMEBURST17_2786_gamma_iter3.jpg,JPG,1381x1381,24,Xiaomi,2312DRAABI,72,f/0.0,52,Daylight,16,29-05-2025 09:42
Black Round Fresh,black_round_fresh_IMG_20250412_115620_TIMEBURST16_2377_rgb_shift_iter2.jpg,JPG,1242x1242,24,Xiaomi,2312DRAABI,72,f/0.0,51,Daylight,16,29-05-2025 09:42
Black Round Fresh,black_round_fresh_IMG_20250412_115620_TIMEBURST19_2809_horizontal_flip_iter2.jpg,JPG,1243x1243,24,Xiaomi,2312DRAABI,72,f/0.0,54,Daylight,16,29-05-2025 09:42
Black Round Fresh,black_round_fresh_IMG_20250412_115620_TIMEBURST16_2377_rotate_iter3.jpg,JPG,1242x1242,24,Xiaomi,2312DRAABI,72,f/0.0,53,Daylight,16,29-05-2025 09:42
Black Round Fresh,black_round_fresh_IMG_20250412_115620_TIMEBURST17_2786_rgb_shift_iter3.jpg,JPG,1381x1381,24,Xiaomi,2312DRAABI,72,f/0.0,50,Daylight,16,29-05-2025 09:42
Black Round Fresh,black_round_fresh_IMG_20250412_115620_TIMEBURST19_2809_brightness_contrast_iter2.jpg,JPG,1243x1243,24,Xiaomi,2312DRAABI,72,f/0.0,52,Daylight,16,29-05-2025 09:42
Black Round Fresh,black_round_fresh_IMG_20250412_115620_TIMEBURST16_2377_horizontal_flip_iter3.jpg,JPG,1242x1242,24,Xiaomi,2312DRAABI,72,f/0.0,51,Daylight,16,29-05-2025 09:42
Black Round Fresh,black_round_fresh_IMG_20250412_115620_TIMEBURST16_2377_brightness_contrast_iter3.jpg,JPG,1242x1242,24,Xiaomi,2312DRAABI,72,f/0.0,50,Daylight,16,29-05-2025 09:42
Black Round Fresh,black_round_fresh_IMG_20250412_115620_TIMEBURST19_2809_gamma_iter2.jpg,JPG,1243x1243,24,Xiaomi,2312DRAABI,72,f/0.0,51,Daylight,16,29-05-2025 09:42
Black Round Fresh,black_round_fresh_IMG_20250412_115620_TIMEBURST17_2786_rotate_iter4.jpg,JPG,1381x1381,24,Xiaomi,2312DRAABI,72,f/0.0,53,Daylight,16,29-05-2025 09:42
Black Round Fresh,black_round_fresh_IMG_20250412_115620_TIMEBURST16_2377_gamma_iter3.jpg,JPG,1242x1242,24,Xiaomi,2312DRAABI,72,f/0.0,53,Daylight,16,29-05-2025 09:42
Black Round Fresh,black_round_fresh_IMG_20250412_115620_TIMEBURST19_2809_rgb_shift_iter2.jpg,JPG,1243x1243,24,Xiaomi,2312DRAABI,72,f/0.0,53,Daylight,16,29-05-2025 09:42
Black Round Fresh,black_round_fresh_IMG_20250412_115620_TIMEBURST17_2786_horizontal_flip_iter4.jpg,JPG,1381x1381,24,Xiaomi,2312DRAABI,72,f/0.0,53,Daylight,16,29-05-2025 09:42
Black Round Fresh,black_round_fresh_IMG_20250412_115620_TIMEBURST17_2786_brightness_contrast_iter4.jpg,JPG,1381x1381,24,Xiaomi,2312DRAABI,72,f/0.0,53,Daylight,16,29-05-2025 09:42
Black Round Fresh,black_round_fresh_IMG_20250412_115620_TIMEBURST16_2377_rgb_shift_iter3.jpg,JPG,1242x1242,24,Xiaomi,2312DRAABI,72,f/0.0,51,Daylight,16,29-05-2025 09:42
Black Round Fresh,black_round_fresh_IMG_20250412_115620_TIMEBURST19_2809_rotate_iter3.jpg,JPG,1243x1243,24,Xiaomi,2312DRAABI,72,f/0.0,53,Daylight,16,29-05-2025 09:42
Black Round Fresh,black_round_fresh_IMG_20250412_115620_TIMEBURST17_2786_gamma_iter4.jpg,JPG,1381x1381,24,Xiaomi,2312DRAABI,72,f/0.0,51,Daylight,16,29-05-2025 09:42
Black Round Fresh,black_round_fresh_IMG_20250412_115620_TIMEBURST19_2809_horizontal_flip_iter3.jpg,JPG,1243x1243,24,Xiaomi,2312DRAABI,72,f/0.0,51,Daylight,16,29-05-2025 09:42
Black Round Fresh,black_round_fresh_IMG_20250412_115620_TIMEBURST16_2377_rotate_iter4.jpg,JPG,1242x1242,24,Xiaomi,2312DRAABI,72,f/0.0,53,Daylight,16,29-05-2025 09:42
Black Round Fresh,black_round_fresh_IMG_20250412_115620_TIMEBURST16_2377_horizontal_flip_iter4.jpg,JPG,1242x1242,24,Xiaomi,2312DRAABI,72,f/0.0,52,Daylight,16,29-05-2025 09:42
Black Round Fresh,black_round_fresh_IMG_20250412_115620_TIMEBURST19_2809_brightness_contrast_iter3.jpg,JPG,1243x1243,24,Xiaomi,2312DRAABI,72,f/0.0,53,Daylight,16,29-05-2025 09:42
Black Round Fresh,black_round_fresh_IMG_20250412_115620_TIMEBURST17_2786_rgb_shift_iter4.jpg,JPG,1381x1381,24,Xiaomi,2312DRAABI,72,f/0.0,53,Daylight,16,29-05-2025 09:42
,,,,,,,,,,,,
,,,,,,,,,,,,
,,,,,,,,,,,,
,,,,,,,,,,,,
,,,,,,,,,,,,
,,,,,,,,,,,,
,,,,,,,,,,,,
,,,,,,,,,,,,
,,,,,,,,,,,,
,,,,,,,,,,,,
,,,,,,,,,,,,
,,,,,,,,,,,,
,,,,,,,,,,,,
,,,,,,,,,,,,
,,,,,,,,,,,,
,,,,,,,,,,,,
,,,,,,,,,,,,
,,,,,,,,,,,,
,,,,,,,,,,,,
,,,,,,,,,,,,
,,,,,,,,,,,,
,,,,,,,,,,,,
,,,,,,,,,,,,
,,,,,,,,,,,,
,,,,,,,,,,,,
,,,,,,,,,,,,
,,,,,,,,,,,,
,,,,,,,,,,,,
,,,,,,,,,,,,
,,,,,,,,,,,,
,,,,,,,,,,,,
,,,,,,,,,,,,
,,,,,,,,,,,,
,,,,,,,,,,,,
,,,,,,,,,,,,
,,,,,,,,,,,,
,,,,,,,,,,,,
,,,,,,,,,,,,
,,,,,,,,,,,,
,,,,,,,,,,,,
,,,,,,,,,,,,
,,,,,,,,,,,,
,,,,,,,,,,,,
,,,,,,,,,,,,
,,,,,,,,,,,,
,,,,,,,,,,,,
,,,,,,,,,,,,
,,,,,,,,,,,,
,,,,,,,,,,,,
,,,,,,,,,,,,
,,,,,,,,,,,,
,,,,,,,,,,,,
,,,,,,,,,,,,
,,,,,,,,,,,,
,,,,,,,,,,,,
,,,,,,,,,,,,
,,,,,,,,,,,,
,,,,,,,,,,,,
,,,,,,,,,,,,
,,,,,,,,,,,,
,,,,,,,,,,,,
,,,,,,,,,,,,
,,,,,,,,,,,,
,,,,,,,,,,,,
,,,,,,,,,,,,
,,,,,,,,,,,,
,,,,,,,,,,,,
,,,,,,,,,,,,
,,,,,,,,,,,,
,,,,,,,,,,,,
,,,,,,,,,,,,
,,,,,,,,,,,,
,,,,,,,,,,,,
,,,,,,,,,,,,
,,,,,,,,,,,,
,,,,,,,,,,,,
,,,,,,,,,,,,
,,,,,,,,,,,,
,,,,,,,,,,,,
,,,,,,,,,,,,
,,,,,,,,,,,,
,,,,,,,,,,,,
,,,,,,,,,,,,
,,,,,,,,,,,,
,,,,,,,,,,,,
,,,,,,,,,,,,
,,,,,,,,,,,,
,,,,,,,,,,,,
,,,,,,,,,,,,
,,,,,,,,,,,,
,,,,,,,,,,,,
,,,,,,,,,,,,
,,,,,,,,,,,,
,,,,,,,,,,,,
,,,,,,,,,,,,
,,,,,,,,,,,,
,,,,,,,,,,,,
,,,,,,,,,,,,
,,,,,,,,,,,,
,,,,,,,,,,,,
,,,,,,,,,,,,
,,,,,,,,,,,,
,,,,,,,,,,,,
,,,,,,,,,,,,
,,,,,,,,,,,,
,,,,,,,,,,,,
,,,,,,,,,,,,
,,,,,,,,,,,,
,,,,,,,,,,,,
,,,,,,,,,,,,
,,,,,,,,,,,,
,,,,,,,,,,,,
,,,,,,,,,,,,
,,,,,,,,,,,,
,,,,,,,,,,,,
,,,,,,,,,,,,
